<?xml version="1.0" encoding="UTF-8"?>
<!-- track-length = 297616 filtered ascend = 905 plain-ascend = -9 cost=297616 energy=3.6kwh time=6h 36m 49s -->
<gpx 
 xmlns="http://www.topografix.com/GPX/1/1" 
 xmlns:xsi="http://www.w3.org/2001/XMLSchema-instance" 
 xsi:schemaLocation="http://www.topografix.com/GPX/1/1 http://www.topografix.com/GPX/1/1/gpx.xsd" 
 version="1.1" 
 creator="BRouter-Web 0.18.1">
 <trk>
  <name>2026-06-27 - Geneva -&gt; Zurich (297.6km)</name>
  <trkseg>
   <trkpt lat="46.232481" lon="6.112269"><ele>419.5</ele></trkpt>
   <trkpt lat="46.231665" lon="6.111069"><ele>419.5</ele></trkpt>
   <trkpt lat="46.23146" lon="6.110759"><ele>419.5</ele></trkpt>
   <trkpt lat="46.231245" lon="6.110394"><ele>419.5</ele></trkpt>
   <trkpt lat="46.231035" lon="6.109994"><ele>419.5</ele></trkpt>
   <trkpt lat="46.230831" lon="6.109622"><ele>419.5</ele></trkpt>
   <trkpt lat="46.230615" lon="6.109273"><ele>419.5</ele></trkpt>
   <trkpt lat="46.230228" lon="6.108709"><ele>419.5</ele></trkpt>
   <trkpt lat="46.229658" lon="6.107876"><ele>419.5</ele></trkpt>
   <trkpt lat="46.22964" lon="6.107849"><ele>419.5</ele></trkpt>
   <trkpt lat="46.228917" lon="6.106776"><ele>419.5</ele></trkpt>
   <trkpt lat="46.228751" lon="6.10652"><ele>419.5</ele></trkpt>
   <trkpt lat="46.228615" lon="6.106293"><ele>419.5</ele></trkpt>
   <trkpt lat="46.228463" lon="6.106023"><ele>417</ele></trkpt>
   <trkpt lat="46.228239" lon="6.105578"><ele>417</ele></trkpt>
   <trkpt lat="46.227874" lon="6.104809"><ele>416.75</ele></trkpt>
   <trkpt lat="46.227643" lon="6.104362"><ele>416.25</ele></trkpt>
   <trkpt lat="46.22749" lon="6.104089"><ele>416</ele></trkpt>
   <trkpt lat="46.227277" lon="6.103734"><ele>416</ele></trkpt>
   <trkpt lat="46.227182" lon="6.103585"><ele>416</ele></trkpt>
   <trkpt lat="46.226988" lon="6.103291"><ele>416.25</ele></trkpt>
   <trkpt lat="46.226754" lon="6.102966"><ele>416.5</ele></trkpt>
   <trkpt lat="46.226293" lon="6.102373"><ele>416.25</ele></trkpt>
   <trkpt lat="46.225362" lon="6.101197"><ele>415.75</ele></trkpt>
   <trkpt lat="46.225152" lon="6.10095"><ele>415.75</ele></trkpt>
   <trkpt lat="46.224961" lon="6.100744"><ele>415.5</ele></trkpt>
   <trkpt lat="46.224742" lon="6.100534"><ele>415.5</ele></trkpt>
   <trkpt lat="46.224477" lon="6.10032"><ele>415.25</ele></trkpt>
   <trkpt lat="46.224252" lon="6.100158"><ele>415.25</ele></trkpt>
   <trkpt lat="46.224146" lon="6.100091"><ele>415.25</ele></trkpt>
   <trkpt lat="46.223902" lon="6.099958"><ele>415</ele></trkpt>
   <trkpt lat="46.223526" lon="6.099795"><ele>415.25</ele></trkpt>
   <trkpt lat="46.222339" lon="6.099336"><ele>415.5</ele></trkpt>
   <trkpt lat="46.22198" lon="6.099216"><ele>413.75</ele></trkpt>
   <trkpt lat="46.221669" lon="6.099145"><ele>419</ele></trkpt>
   <trkpt lat="46.221341" lon="6.099111"><ele>420</ele></trkpt>
   <trkpt lat="46.221225" lon="6.099113"><ele>419.25</ele></trkpt>
   <trkpt lat="46.221034" lon="6.099124"><ele>418.5</ele></trkpt>
   <trkpt lat="46.220737" lon="6.099168"><ele>417.25</ele></trkpt>
   <trkpt lat="46.220562" lon="6.099213"><ele>416.5</ele></trkpt>
   <trkpt lat="46.220337" lon="6.09929"><ele>415.25</ele></trkpt>
   <trkpt lat="46.220149" lon="6.099372"><ele>415.5</ele></trkpt>
   <trkpt lat="46.220007" lon="6.099445"><ele>414</ele></trkpt>
   <trkpt lat="46.21972" lon="6.099625"><ele>413.25</ele></trkpt>
   <trkpt lat="46.219681" lon="6.099653"><ele>413.5</ele></trkpt>
   <trkpt lat="46.219517" lon="6.09978"><ele>414.25</ele></trkpt>
   <trkpt lat="46.21937" lon="6.099908"><ele>415</ele></trkpt>
   <trkpt lat="46.219148" lon="6.100131"><ele>416.25</ele></trkpt>
   <trkpt lat="46.219064" lon="6.100225"><ele>416.75</ele></trkpt>
   <trkpt lat="46.218854" lon="6.100485"><ele>418</ele></trkpt>
   <trkpt lat="46.218653" lon="6.100763"><ele>418</ele></trkpt>
   <trkpt lat="46.218645" lon="6.100774"><ele>418.25</ele></trkpt>
   <trkpt lat="46.21829" lon="6.101296"><ele>417.5</ele></trkpt>
   <trkpt lat="46.218052" lon="6.101624"><ele>419</ele></trkpt>
   <trkpt lat="46.217783" lon="6.101969"><ele>419.5</ele></trkpt>
   <trkpt lat="46.217516" lon="6.102288"><ele>419.25</ele></trkpt>
   <trkpt lat="46.217306" lon="6.102531"><ele>418.5</ele></trkpt>
   <trkpt lat="46.21688" lon="6.10298"><ele>417.75</ele></trkpt>
   <trkpt lat="46.216675" lon="6.103215"><ele>418.5</ele></trkpt>
   <trkpt lat="46.216604" lon="6.103299"><ele>418</ele></trkpt>
   <trkpt lat="46.215543" lon="6.104613"><ele>417.75</ele></trkpt>
   <trkpt lat="46.215357" lon="6.10483"><ele>417</ele></trkpt>
   <trkpt lat="46.215235" lon="6.104975"><ele>416.75</ele></trkpt>
   <trkpt lat="46.212748" lon="6.107908"><ele>421</ele></trkpt>
   <trkpt lat="46.211931" lon="6.108872"><ele>421.25</ele></trkpt>
   <trkpt lat="46.211417" lon="6.109524"><ele>420.5</ele></trkpt>
   <trkpt lat="46.211182" lon="6.109868"><ele>420.5</ele></trkpt>
   <trkpt lat="46.21089" lon="6.110319"><ele>419.5</ele></trkpt>
   <trkpt lat="46.210572" lon="6.11087"><ele>417.75</ele></trkpt>
   <trkpt lat="46.210333" lon="6.111326"><ele>419.25</ele></trkpt>
   <trkpt lat="46.210169" lon="6.111666"><ele>421.75</ele></trkpt>
   <trkpt lat="46.209976" lon="6.112087"><ele>420.25</ele></trkpt>
   <trkpt lat="46.209771" lon="6.112598"><ele>420</ele></trkpt>
   <trkpt lat="46.209571" lon="6.113137"><ele>422.75</ele></trkpt>
   <trkpt lat="46.209475" lon="6.113435"><ele>419.25</ele></trkpt>
   <trkpt lat="46.209295" lon="6.114022"><ele>422</ele></trkpt>
   <trkpt lat="46.208932" lon="6.115309"><ele>417</ele></trkpt>
   <trkpt lat="46.207746" lon="6.119467"><ele>411.75</ele></trkpt>
   <trkpt lat="46.207153" lon="6.121544"><ele>410</ele></trkpt>
   <trkpt lat="46.206025" lon="6.125507"><ele>406.75</ele></trkpt>
   <trkpt lat="46.205858" lon="6.126129"><ele>406.25</ele></trkpt>
   <trkpt lat="46.205784" lon="6.12645"><ele>406</ele></trkpt>
   <trkpt lat="46.205724" lon="6.126719"><ele>405.75</ele></trkpt>
   <trkpt lat="46.205587" lon="6.127467"><ele>405.25</ele></trkpt>
   <trkpt lat="46.205508" lon="6.128106"><ele>404.75</ele></trkpt>
   <trkpt lat="46.20547" lon="6.128661"><ele>404.5</ele></trkpt>
   <trkpt lat="46.205446" lon="6.129147"><ele>404</ele></trkpt>
   <trkpt lat="46.205438" lon="6.129772"><ele>403.5</ele></trkpt>
   <trkpt lat="46.205442" lon="6.130121"><ele>403.25</ele></trkpt>
   <trkpt lat="46.205473" lon="6.130615"><ele>403</ele></trkpt>
   <trkpt lat="46.205653" lon="6.132707"><ele>401.25</ele></trkpt>
   <trkpt lat="46.205729" lon="6.133458"><ele>401.5</ele></trkpt>
   <trkpt lat="46.205799" lon="6.134046"><ele>397.5</ele></trkpt>
   <trkpt lat="46.205924" lon="6.134923"><ele>395.75</ele></trkpt>
   <trkpt lat="46.206035" lon="6.135545"><ele>394.5</ele></trkpt>
   <trkpt lat="46.206127" lon="6.135989"><ele>393.75</ele></trkpt>
   <trkpt lat="46.206207" lon="6.136324"><ele>392.5</ele></trkpt>
   <trkpt lat="46.206281" lon="6.136602"><ele>391.5</ele></trkpt>
   <trkpt lat="46.206393" lon="6.136952"><ele>393.75</ele></trkpt>
   <trkpt lat="46.20648" lon="6.137183"><ele>391.25</ele></trkpt>
   <trkpt lat="46.206544" lon="6.137335"><ele>390.75</ele></trkpt>
   <trkpt lat="46.206696" lon="6.137654"><ele>392.5</ele></trkpt>
   <trkpt lat="46.206849" lon="6.13793"><ele>390.75</ele></trkpt>
   <trkpt lat="46.207002" lon="6.138167"><ele>390.75</ele></trkpt>
   <trkpt lat="46.207147" lon="6.138367"><ele>389.75</ele></trkpt>
   <trkpt lat="46.207352" lon="6.138618"><ele>390</ele></trkpt>
   <trkpt lat="46.207727" lon="6.139042"><ele>389.75</ele></trkpt>
   <trkpt lat="46.207924" lon="6.139296"><ele>390</ele></trkpt>
   <trkpt lat="46.208055" lon="6.139483"><ele>392</ele></trkpt>
   <trkpt lat="46.208197" lon="6.139641"><ele>389.25</ele></trkpt>
   <trkpt lat="46.208508" lon="6.139989"><ele>389.25</ele></trkpt>
   <trkpt lat="46.20867" lon="6.140186"><ele>391</ele></trkpt>
   <trkpt lat="46.209017" lon="6.140662"><ele>390.75</ele></trkpt>
   <trkpt lat="46.209281" lon="6.140997"><ele>390</ele></trkpt>
   <trkpt lat="46.2104" lon="6.142257"><ele>391.75</ele></trkpt>
   <trkpt lat="46.210532" lon="6.142406"><ele>392</ele></trkpt>
   <trkpt lat="46.211331" lon="6.143301"><ele>392</ele></trkpt>
   <trkpt lat="46.21151" lon="6.143488"><ele>392</ele></trkpt>
   <trkpt lat="46.211746" lon="6.143701"><ele>391.75</ele></trkpt>
   <trkpt lat="46.211997" lon="6.143883"><ele>392</ele></trkpt>
   <trkpt lat="46.212246" lon="6.144027"><ele>391.25</ele></trkpt>
   <trkpt lat="46.212663" lon="6.14424"><ele>389.75</ele></trkpt>
   <trkpt lat="46.212822" lon="6.144289"><ele>390.25</ele></trkpt>
   <trkpt lat="46.21299" lon="6.14434"><ele>390.5</ele></trkpt>
   <trkpt lat="46.213283" lon="6.14443"><ele>391</ele></trkpt>
   <trkpt lat="46.213413" lon="6.144469"><ele>391</ele></trkpt>
   <trkpt lat="46.213677" lon="6.144551"><ele>391</ele></trkpt>
   <trkpt lat="46.213909" lon="6.144596"><ele>391</ele></trkpt>
   <trkpt lat="46.214575" lon="6.144656"><ele>391</ele></trkpt>
   <trkpt lat="46.21492" lon="6.144676"><ele>391</ele></trkpt>
   <trkpt lat="46.215297" lon="6.144667"><ele>391</ele></trkpt>
   <trkpt lat="46.216094" lon="6.144578"><ele>391</ele></trkpt>
   <trkpt lat="46.216544" lon="6.144525"><ele>391</ele></trkpt>
   <trkpt lat="46.216934" lon="6.144505"><ele>391</ele></trkpt>
   <trkpt lat="46.217618" lon="6.144468"><ele>391</ele></trkpt>
   <trkpt lat="46.217973" lon="6.144461"><ele>390.75</ele></trkpt>
   <trkpt lat="46.218115" lon="6.144457"><ele>391</ele></trkpt>
   <trkpt lat="46.21855" lon="6.144498"><ele>391</ele></trkpt>
   <trkpt lat="46.218933" lon="6.14455"><ele>390.75</ele></trkpt>
   <trkpt lat="46.219123" lon="6.144569"><ele>391</ele></trkpt>
   <trkpt lat="46.219315" lon="6.144594"><ele>391</ele></trkpt>
   <trkpt lat="46.219643" lon="6.144638"><ele>391</ele></trkpt>
   <trkpt lat="46.219974" lon="6.144681"><ele>391</ele></trkpt>
   <trkpt lat="46.220289" lon="6.144729"><ele>391</ele></trkpt>
   <trkpt lat="46.220542" lon="6.144719"><ele>391</ele></trkpt>
   <trkpt lat="46.221458" lon="6.144682"><ele>391</ele></trkpt>
   <trkpt lat="46.221475" lon="6.144682"><ele>391.25</ele></trkpt>
   <trkpt lat="46.222901" lon="6.144642"><ele>391</ele></trkpt>
   <trkpt lat="46.223849" lon="6.144619"><ele>391</ele></trkpt>
   <trkpt lat="46.224209" lon="6.144622"><ele>390.75</ele></trkpt>
   <trkpt lat="46.224353" lon="6.144631"><ele>391</ele></trkpt>
   <trkpt lat="46.22466" lon="6.144665"><ele>391.75</ele></trkpt>
   <trkpt lat="46.224851" lon="6.144699"><ele>391.25</ele></trkpt>
   <trkpt lat="46.225233" lon="6.144799"><ele>391.25</ele></trkpt>
   <trkpt lat="46.225652" lon="6.144944"><ele>390.75</ele></trkpt>
   <trkpt lat="46.227244" lon="6.145531"><ele>391.75</ele></trkpt>
   <trkpt lat="46.227676" lon="6.145672"><ele>390.75</ele></trkpt>
   <trkpt lat="46.227958" lon="6.145747"><ele>390.75</ele></trkpt>
   <trkpt lat="46.228221" lon="6.1458"><ele>391.5</ele></trkpt>
   <trkpt lat="46.228499" lon="6.145839"><ele>392.25</ele></trkpt>
   <trkpt lat="46.228771" lon="6.14586"><ele>392.5</ele></trkpt>
   <trkpt lat="46.228864" lon="6.145863"><ele>392.5</ele></trkpt>
   <trkpt lat="46.229179" lon="6.145862"><ele>392.75</ele></trkpt>
   <trkpt lat="46.229391" lon="6.14585"><ele>392.75</ele></trkpt>
   <trkpt lat="46.231429" lon="6.145667"><ele>393.75</ele></trkpt>
   <trkpt lat="46.231838" lon="6.145643"><ele>393.5</ele></trkpt>
   <trkpt lat="46.232237" lon="6.145648"><ele>393.5</ele></trkpt>
   <trkpt lat="46.232606" lon="6.145684"><ele>393.75</ele></trkpt>
   <trkpt lat="46.232773" lon="6.145708"><ele>394</ele></trkpt>
   <trkpt lat="46.233048" lon="6.145762"><ele>394.75</ele></trkpt>
   <trkpt lat="46.233596" lon="6.145909"><ele>393</ele></trkpt>
   <trkpt lat="46.234572" lon="6.146219"><ele>392</ele></trkpt>
   <trkpt lat="46.236386" lon="6.146796"><ele>391</ele></trkpt>
   <trkpt lat="46.236845" lon="6.146924"><ele>391.5</ele></trkpt>
   <trkpt lat="46.237225" lon="6.147005"><ele>391</ele></trkpt>
   <trkpt lat="46.237611" lon="6.147062"><ele>390.25</ele></trkpt>
   <trkpt lat="46.238198" lon="6.147113"><ele>390.25</ele></trkpt>
   <trkpt lat="46.238693" lon="6.147175"><ele>390.25</ele></trkpt>
   <trkpt lat="46.239802" lon="6.147349"><ele>388.25</ele></trkpt>
   <trkpt lat="46.240505" lon="6.147432"><ele>387.5</ele></trkpt>
   <trkpt lat="46.241132" lon="6.147478"><ele>389</ele></trkpt>
   <trkpt lat="46.24165" lon="6.147518"><ele>389.75</ele></trkpt>
   <trkpt lat="46.242094" lon="6.147523"><ele>390.25</ele></trkpt>
   <trkpt lat="46.242375" lon="6.147507"><ele>390.5</ele></trkpt>
   <trkpt lat="46.242936" lon="6.147455"><ele>390.75</ele></trkpt>
   <trkpt lat="46.243398" lon="6.147427"><ele>390.75</ele></trkpt>
   <trkpt lat="46.245501" lon="6.147374"><ele>390.5</ele></trkpt>
   <trkpt lat="46.246124" lon="6.14736"><ele>390.25</ele></trkpt>
   <trkpt lat="46.247245" lon="6.147333"><ele>388.5</ele></trkpt>
   <trkpt lat="46.247839" lon="6.147318"><ele>386.75</ele></trkpt>
   <trkpt lat="46.248355" lon="6.147306"><ele>386.75</ele></trkpt>
   <trkpt lat="46.249141" lon="6.147286"><ele>389</ele></trkpt>
   <trkpt lat="46.249249" lon="6.147283"><ele>388.75</ele></trkpt>
   <trkpt lat="46.249973" lon="6.147272"><ele>388.75</ele></trkpt>
   <trkpt lat="46.2502" lon="6.14728"><ele>387.75</ele></trkpt>
   <trkpt lat="46.25036" lon="6.147288"><ele>387.5</ele></trkpt>
   <trkpt lat="46.250595" lon="6.14731"><ele>388.25</ele></trkpt>
   <trkpt lat="46.25098" lon="6.147372"><ele>388</ele></trkpt>
   <trkpt lat="46.251172" lon="6.147415"><ele>388</ele></trkpt>
   <trkpt lat="46.251469" lon="6.147495"><ele>388</ele></trkpt>
   <trkpt lat="46.251839" lon="6.147622"><ele>387.5</ele></trkpt>
   <trkpt lat="46.252119" lon="6.147738"><ele>387.75</ele></trkpt>
   <trkpt lat="46.252489" lon="6.14792"><ele>387.25</ele></trkpt>
   <trkpt lat="46.252849" lon="6.148128"><ele>387.75</ele></trkpt>
   <trkpt lat="46.253193" lon="6.14836"><ele>387.25</ele></trkpt>
   <trkpt lat="46.253536" lon="6.148624"><ele>386.75</ele></trkpt>
   <trkpt lat="46.253862" lon="6.148909"><ele>386.75</ele></trkpt>
   <trkpt lat="46.25418" lon="6.149221"><ele>386.75</ele></trkpt>
   <trkpt lat="46.2545" lon="6.149573"><ele>387</ele></trkpt>
   <trkpt lat="46.254793" lon="6.149936"><ele>386.25</ele></trkpt>
   <trkpt lat="46.255084" lon="6.150334"><ele>386.25</ele></trkpt>
   <trkpt lat="46.255352" lon="6.150751"><ele>386</ele></trkpt>
   <trkpt lat="46.255581" lon="6.151144"><ele>386</ele></trkpt>
   <trkpt lat="46.255815" lon="6.15159"><ele>386</ele></trkpt>
   <trkpt lat="46.256013" lon="6.152013"><ele>385.5</ele></trkpt>
   <trkpt lat="46.256239" lon="6.152547"><ele>385.5</ele></trkpt>
   <trkpt lat="46.256248" lon="6.15257"><ele>385.5</ele></trkpt>
   <trkpt lat="46.256588" lon="6.153437"><ele>384.75</ele></trkpt>
   <trkpt lat="46.256778" lon="6.153905"><ele>385.5</ele></trkpt>
   <trkpt lat="46.256929" lon="6.154252"><ele>384.75</ele></trkpt>
   <trkpt lat="46.257025" lon="6.154455"><ele>384.25</ele></trkpt>
   <trkpt lat="46.257275" lon="6.154946"><ele>384.5</ele></trkpt>
   <trkpt lat="46.257489" lon="6.155321"><ele>384.75</ele></trkpt>
   <trkpt lat="46.257631" lon="6.155555"><ele>383.75</ele></trkpt>
   <trkpt lat="46.257772" lon="6.155769"><ele>383.75</ele></trkpt>
   <trkpt lat="46.257937" lon="6.156006"><ele>381.5</ele></trkpt>
   <trkpt lat="46.258015" lon="6.156114"><ele>381.75</ele></trkpt>
   <trkpt lat="46.258181" lon="6.156333"><ele>382.5</ele></trkpt>
   <trkpt lat="46.258489" lon="6.156705"><ele>383.25</ele></trkpt>
   <trkpt lat="46.258815" lon="6.157057"><ele>383.25</ele></trkpt>
   <trkpt lat="46.2591" lon="6.157335"><ele>383.5</ele></trkpt>
   <trkpt lat="46.259391" lon="6.157595"><ele>384</ele></trkpt>
   <trkpt lat="46.261533" lon="6.159419"><ele>385.5</ele></trkpt>
   <trkpt lat="46.262828" lon="6.160523"><ele>386</ele></trkpt>
   <trkpt lat="46.263367" lon="6.160962"><ele>386</ele></trkpt>
   <trkpt lat="46.263624" lon="6.161156"><ele>386.75</ele></trkpt>
   <trkpt lat="46.264161" lon="6.161523"><ele>387</ele></trkpt>
   <trkpt lat="46.265845" lon="6.162585"><ele>387.75</ele></trkpt>
   <trkpt lat="46.267241" lon="6.163467"><ele>386.5</ele></trkpt>
   <trkpt lat="46.268892" lon="6.164498"><ele>385.75</ele></trkpt>
   <trkpt lat="46.270564" lon="6.165483"><ele>385.25</ele></trkpt>
   <trkpt lat="46.270841" lon="6.16564"><ele>384.5</ele></trkpt>
   <trkpt lat="46.271175" lon="6.165805"><ele>384.75</ele></trkpt>
   <trkpt lat="46.271498" lon="6.165932"><ele>384.25</ele></trkpt>
   <trkpt lat="46.271828" lon="6.166031"><ele>384.5</ele></trkpt>
   <trkpt lat="46.272171" lon="6.1661"><ele>385</ele></trkpt>
   <trkpt lat="46.272499" lon="6.166136"><ele>384.75</ele></trkpt>
   <trkpt lat="46.272858" lon="6.166145"><ele>385</ele></trkpt>
   <trkpt lat="46.273174" lon="6.166142"><ele>385.25</ele></trkpt>
   <trkpt lat="46.275357" lon="6.166122"><ele>384.75</ele></trkpt>
   <trkpt lat="46.275505" lon="6.166119"><ele>384.75</ele></trkpt>
   <trkpt lat="46.275983" lon="6.16607"><ele>385.25</ele></trkpt>
   <trkpt lat="46.276135" lon="6.166065"><ele>384.5</ele></trkpt>
   <trkpt lat="46.276316" lon="6.166063"><ele>378.25</ele></trkpt>
   <trkpt lat="46.276524" lon="6.166061"><ele>380.25</ele></trkpt>
   <trkpt lat="46.27655" lon="6.16606"><ele>381.25</ele></trkpt>
   <trkpt lat="46.276848" lon="6.166043"><ele>384.75</ele></trkpt>
   <trkpt lat="46.277197" lon="6.166003"><ele>383.25</ele></trkpt>
   <trkpt lat="46.277526" lon="6.165985"><ele>380</ele></trkpt>
   <trkpt lat="46.277996" lon="6.165972"><ele>383.25</ele></trkpt>
   <trkpt lat="46.278155" lon="6.16596"><ele>384</ele></trkpt>
   <trkpt lat="46.278293" lon="6.165944"><ele>385.75</ele></trkpt>
   <trkpt lat="46.278528" lon="6.165905"><ele>386.75</ele></trkpt>
   <trkpt lat="46.278709" lon="6.165863"><ele>387</ele></trkpt>
   <trkpt lat="46.278985" lon="6.165776"><ele>387.75</ele></trkpt>
   <trkpt lat="46.279256" lon="6.165667"><ele>388.25</ele></trkpt>
   <trkpt lat="46.279473" lon="6.165564"><ele>387.75</ele></trkpt>
   <trkpt lat="46.27969" lon="6.16545"><ele>388.5</ele></trkpt>
   <trkpt lat="46.280934" lon="6.164755"><ele>388</ele></trkpt>
   <trkpt lat="46.280937" lon="6.164753"><ele>388</ele></trkpt>
   <trkpt lat="46.281132" lon="6.164652"><ele>388</ele></trkpt>
   <trkpt lat="46.281392" lon="6.164536"><ele>388</ele></trkpt>
   <trkpt lat="46.281655" lon="6.164426"><ele>388</ele></trkpt>
   <trkpt lat="46.281996" lon="6.16425"><ele>387.75</ele></trkpt>
   <trkpt lat="46.282103" lon="6.164189"><ele>387.75</ele></trkpt>
   <trkpt lat="46.282302" lon="6.164081"><ele>388</ele></trkpt>
   <trkpt lat="46.28277" lon="6.163857"><ele>388</ele></trkpt>
   <trkpt lat="46.282909" lon="6.163779"><ele>388.25</ele></trkpt>
   <trkpt lat="46.283193" lon="6.163623"><ele>388.75</ele></trkpt>
   <trkpt lat="46.283497" lon="6.163479"><ele>389.5</ele></trkpt>
   <trkpt lat="46.283795" lon="6.16337"><ele>389.25</ele></trkpt>
   <trkpt lat="46.284" lon="6.163309"><ele>390.25</ele></trkpt>
   <trkpt lat="46.284269" lon="6.163238"><ele>391.75</ele></trkpt>
   <trkpt lat="46.28481" lon="6.163115"><ele>391</ele></trkpt>
   <trkpt lat="46.285957" lon="6.162889"><ele>392</ele></trkpt>
   <trkpt lat="46.287254" lon="6.162635"><ele>393</ele></trkpt>
   <trkpt lat="46.287437" lon="6.1626"><ele>393</ele></trkpt>
   <trkpt lat="46.287631" lon="6.162562"><ele>392.75</ele></trkpt>
   <trkpt lat="46.287749" lon="6.162539"><ele>392.5</ele></trkpt>
   <trkpt lat="46.288327" lon="6.162426"><ele>393.25</ele></trkpt>
   <trkpt lat="46.290947" lon="6.161916"><ele>397</ele></trkpt>
   <trkpt lat="46.29127" lon="6.16187"><ele>398.75</ele></trkpt>
   <trkpt lat="46.29162" lon="6.16185"><ele>399</ele></trkpt>
   <trkpt lat="46.291951" lon="6.161861"><ele>399.5</ele></trkpt>
   <trkpt lat="46.292274" lon="6.1619"><ele>399.5</ele></trkpt>
   <trkpt lat="46.292603" lon="6.161968"><ele>398.25</ele></trkpt>
   <trkpt lat="46.292774" lon="6.162017"><ele>399.75</ele></trkpt>
   <trkpt lat="46.293095" lon="6.16213"><ele>400.75</ele></trkpt>
   <trkpt lat="46.293387" lon="6.162258"><ele>398.5</ele></trkpt>
   <trkpt lat="46.293702" lon="6.162427"><ele>400.25</ele></trkpt>
   <trkpt lat="46.293838" lon="6.162511"><ele>399.5</ele></trkpt>
   <trkpt lat="46.294119" lon="6.162703"><ele>399</ele></trkpt>
   <trkpt lat="46.294411" lon="6.162936"><ele>400</ele></trkpt>
   <trkpt lat="46.294532" lon="6.16304"><ele>400.25</ele></trkpt>
   <trkpt lat="46.294815" lon="6.163315"><ele>400.25</ele></trkpt>
   <trkpt lat="46.295025" lon="6.163541"><ele>400.25</ele></trkpt>
   <trkpt lat="46.295426" lon="6.163996"><ele>400.5</ele></trkpt>
   <trkpt lat="46.296445" lon="6.165163"><ele>397.25</ele></trkpt>
   <trkpt lat="46.297399" lon="6.166256"><ele>395</ele></trkpt>
   <trkpt lat="46.297626" lon="6.166533"><ele>394.5</ele></trkpt>
   <trkpt lat="46.297948" lon="6.166942"><ele>394.25</ele></trkpt>
   <trkpt lat="46.298184" lon="6.167257"><ele>394.25</ele></trkpt>
   <trkpt lat="46.298852" lon="6.168219"><ele>393.5</ele></trkpt>
   <trkpt lat="46.299367" lon="6.168979"><ele>393</ele></trkpt>
   <trkpt lat="46.299509" lon="6.169186"><ele>391.5</ele></trkpt>
   <trkpt lat="46.299606" lon="6.169328"><ele>393</ele></trkpt>
   <trkpt lat="46.300557" lon="6.170724"><ele>393.25</ele></trkpt>
   <trkpt lat="46.302812" lon="6.174035"><ele>393.5</ele></trkpt>
   <trkpt lat="46.304486" lon="6.176494"><ele>392</ele></trkpt>
   <trkpt lat="46.306408" lon="6.179317"><ele>391</ele></trkpt>
   <trkpt lat="46.307479" lon="6.18089"><ele>391.75</ele></trkpt>
   <trkpt lat="46.307944" lon="6.18157"><ele>391.75</ele></trkpt>
   <trkpt lat="46.308223" lon="6.181962"><ele>391.75</ele></trkpt>
   <trkpt lat="46.308671" lon="6.182542"><ele>392</ele></trkpt>
   <trkpt lat="46.308746" lon="6.182635"><ele>391.25</ele></trkpt>
   <trkpt lat="46.309167" lon="6.183128"><ele>392.25</ele></trkpt>
   <trkpt lat="46.309517" lon="6.18351"><ele>391.5</ele></trkpt>
   <trkpt lat="46.30991" lon="6.18391"><ele>391.5</ele></trkpt>
   <trkpt lat="46.310309" lon="6.184286"><ele>391.25</ele></trkpt>
   <trkpt lat="46.310378" lon="6.184348"><ele>391.25</ele></trkpt>
   <trkpt lat="46.310746" lon="6.18466"><ele>391.25</ele></trkpt>
   <trkpt lat="46.310892" lon="6.184769"><ele>391</ele></trkpt>
   <trkpt lat="46.311677" lon="6.185314"><ele>391.5</ele></trkpt>
   <trkpt lat="46.31212" lon="6.185606"><ele>391.5</ele></trkpt>
   <trkpt lat="46.312461" lon="6.185814"><ele>391.75</ele></trkpt>
   <trkpt lat="46.312993" lon="6.186101"><ele>392</ele></trkpt>
   <trkpt lat="46.313404" lon="6.186296"><ele>393.5</ele></trkpt>
   <trkpt lat="46.313917" lon="6.186509"><ele>393.5</ele></trkpt>
   <trkpt lat="46.314907" lon="6.186856"><ele>393</ele></trkpt>
   <trkpt lat="46.31507" lon="6.186911"><ele>393</ele></trkpt>
   <trkpt lat="46.31715" lon="6.187615"><ele>393.75</ele></trkpt>
   <trkpt lat="46.318055" lon="6.187922"><ele>392.25</ele></trkpt>
   <trkpt lat="46.318217" lon="6.187978"><ele>392.75</ele></trkpt>
   <trkpt lat="46.318752" lon="6.188166"><ele>394</ele></trkpt>
   <trkpt lat="46.319166" lon="6.188327"><ele>394</ele></trkpt>
   <trkpt lat="46.319371" lon="6.188416"><ele>392.5</ele></trkpt>
   <trkpt lat="46.319764" lon="6.188604"><ele>394</ele></trkpt>
   <trkpt lat="46.320181" lon="6.188833"><ele>393.5</ele></trkpt>
   <trkpt lat="46.320592" lon="6.189082"><ele>394.25</ele></trkpt>
   <trkpt lat="46.320889" lon="6.189273"><ele>395</ele></trkpt>
   <trkpt lat="46.322461" lon="6.190289"><ele>394</ele></trkpt>
   <trkpt lat="46.323343" lon="6.190874"><ele>393.5</ele></trkpt>
   <trkpt lat="46.323689" lon="6.191105"><ele>394</ele></trkpt>
   <trkpt lat="46.324239" lon="6.191442"><ele>394</ele></trkpt>
   <trkpt lat="46.325337" lon="6.192151"><ele>392.75</ele></trkpt>
   <trkpt lat="46.32564" lon="6.192347"><ele>391.75</ele></trkpt>
   <trkpt lat="46.32932" lon="6.194729"><ele>392.25</ele></trkpt>
   <trkpt lat="46.329405" lon="6.194783"><ele>392.25</ele></trkpt>
   <trkpt lat="46.329893" lon="6.195084"><ele>392.75</ele></trkpt>
   <trkpt lat="46.330141" lon="6.195228"><ele>393</ele></trkpt>
   <trkpt lat="46.330639" lon="6.195499"><ele>391.75</ele></trkpt>
   <trkpt lat="46.330885" lon="6.195625"><ele>391.5</ele></trkpt>
   <trkpt lat="46.33136" lon="6.19585"><ele>391.75</ele></trkpt>
   <trkpt lat="46.332007" lon="6.196122"><ele>392.75</ele></trkpt>
   <trkpt lat="46.332329" lon="6.196244"><ele>392.5</ele></trkpt>
   <trkpt lat="46.332929" lon="6.196445"><ele>392.25</ele></trkpt>
   <trkpt lat="46.333284" lon="6.196547"><ele>392.25</ele></trkpt>
   <trkpt lat="46.333613" lon="6.196621"><ele>392</ele></trkpt>
   <trkpt lat="46.334211" lon="6.19674"><ele>392</ele></trkpt>
   <trkpt lat="46.334589" lon="6.196829"><ele>392</ele></trkpt>
   <trkpt lat="46.335257" lon="6.196999"><ele>391.75</ele></trkpt>
   <trkpt lat="46.335772" lon="6.197119"><ele>389.75</ele></trkpt>
   <trkpt lat="46.335925" lon="6.197153"><ele>390.25</ele></trkpt>
   <trkpt lat="46.33602" lon="6.197173"><ele>390.5</ele></trkpt>
   <trkpt lat="46.344557" lon="6.199009"><ele>390.75</ele></trkpt>
   <trkpt lat="46.345378" lon="6.199189"><ele>390.75</ele></trkpt>
   <trkpt lat="46.345872" lon="6.199313"><ele>390.5</ele></trkpt>
   <trkpt lat="46.346138" lon="6.199388"><ele>391</ele></trkpt>
   <trkpt lat="46.346473" lon="6.199495"><ele>390.5</ele></trkpt>
   <trkpt lat="46.346798" lon="6.199617"><ele>390.25</ele></trkpt>
   <trkpt lat="46.347021" lon="6.199712"><ele>390.75</ele></trkpt>
   <trkpt lat="46.347308" lon="6.199848"><ele>390.5</ele></trkpt>
   <trkpt lat="46.347731" lon="6.200078"><ele>390.75</ele></trkpt>
   <trkpt lat="46.347962" lon="6.200221"><ele>391</ele></trkpt>
   <trkpt lat="46.348311" lon="6.20046"><ele>391</ele></trkpt>
   <trkpt lat="46.348486" lon="6.20059"><ele>390.75</ele></trkpt>
   <trkpt lat="46.348874" lon="6.200905"><ele>390.25</ele></trkpt>
   <trkpt lat="46.349168" lon="6.201172"><ele>390.5</ele></trkpt>
   <trkpt lat="46.349336" lon="6.201337"><ele>387.75</ele></trkpt>
   <trkpt lat="46.349455" lon="6.201458"><ele>387.5</ele></trkpt>
   <trkpt lat="46.349902" lon="6.201948"><ele>392.25</ele></trkpt>
   <trkpt lat="46.352777" lon="6.205336"><ele>394.75</ele></trkpt>
   <trkpt lat="46.354487" lon="6.207353"><ele>395</ele></trkpt>
   <trkpt lat="46.354614" lon="6.207501"><ele>393.75</ele></trkpt>
   <trkpt lat="46.354907" lon="6.207847"><ele>392.5</ele></trkpt>
   <trkpt lat="46.357601" lon="6.211021"><ele>393</ele></trkpt>
   <trkpt lat="46.357948" lon="6.211423"><ele>393.25</ele></trkpt>
   <trkpt lat="46.358577" lon="6.212125"><ele>394.25</ele></trkpt>
   <trkpt lat="46.359381" lon="6.212985"><ele>394.5</ele></trkpt>
   <trkpt lat="46.359948" lon="6.213561"><ele>394.25</ele></trkpt>
   <trkpt lat="46.360512" lon="6.21411"><ele>394.25</ele></trkpt>
   <trkpt lat="46.361231" lon="6.214776"><ele>392.5</ele></trkpt>
   <trkpt lat="46.361845" lon="6.215316"><ele>392.5</ele></trkpt>
   <trkpt lat="46.362584" lon="6.215936"><ele>394.5</ele></trkpt>
   <trkpt lat="46.363031" lon="6.216297"><ele>394.5</ele></trkpt>
   <trkpt lat="46.363742" lon="6.216844"><ele>394.25</ele></trkpt>
   <trkpt lat="46.364524" lon="6.217418"><ele>396.5</ele></trkpt>
   <trkpt lat="46.369251" lon="6.220843"><ele>394.75</ele></trkpt>
   <trkpt lat="46.373366" lon="6.22383"><ele>393.5</ele></trkpt>
   <trkpt lat="46.373932" lon="6.224266"><ele>394</ele></trkpt>
   <trkpt lat="46.37424" lon="6.224515"><ele>394.5</ele></trkpt>
   <trkpt lat="46.374867" lon="6.225046"><ele>395.25</ele></trkpt>
   <trkpt lat="46.375187" lon="6.22533"><ele>395.75</ele></trkpt>
   <trkpt lat="46.375546" lon="6.22566"><ele>395.75</ele></trkpt>
   <trkpt lat="46.376176" lon="6.226267"><ele>397.25</ele></trkpt>
   <trkpt lat="46.376724" lon="6.226826"><ele>399.5</ele></trkpt>
   <trkpt lat="46.377307" lon="6.227457"><ele>398.5</ele></trkpt>
   <trkpt lat="46.378039" lon="6.228294"><ele>398</ele></trkpt>
   <trkpt lat="46.381439" lon="6.232259"><ele>402.5</ele></trkpt>
   <trkpt lat="46.381971" lon="6.232876"><ele>401.75</ele></trkpt>
   <trkpt lat="46.382776" lon="6.233832"><ele>403.75</ele></trkpt>
   <trkpt lat="46.382844" lon="6.233913"><ele>402.75</ele></trkpt>
   <trkpt lat="46.383069" lon="6.234165"><ele>403.5</ele></trkpt>
   <trkpt lat="46.383464" lon="6.234564"><ele>402.75</ele></trkpt>
   <trkpt lat="46.383554" lon="6.23465"><ele>403.75</ele></trkpt>
   <trkpt lat="46.383768" lon="6.234867"><ele>404</ele></trkpt>
   <trkpt lat="46.383965" lon="6.235076"><ele>404.25</ele></trkpt>
   <trkpt lat="46.384463" lon="6.235669"><ele>405</ele></trkpt>
   <trkpt lat="46.384931" lon="6.236226"><ele>405.75</ele></trkpt>
   <trkpt lat="46.38529" lon="6.236678"><ele>406</ele></trkpt>
   <trkpt lat="46.385366" lon="6.236771"><ele>406</ele></trkpt>
   <trkpt lat="46.38552" lon="6.236939"><ele>406</ele></trkpt>
   <trkpt lat="46.385701" lon="6.237118"><ele>406</ele></trkpt>
   <trkpt lat="46.386162" lon="6.237581"><ele>406</ele></trkpt>
   <trkpt lat="46.386816" lon="6.238231"><ele>405.75</ele></trkpt>
   <trkpt lat="46.386968" lon="6.238397"><ele>405.75</ele></trkpt>
   <trkpt lat="46.387147" lon="6.238609"><ele>405.75</ele></trkpt>
   <trkpt lat="46.387365" lon="6.238865"><ele>403.5</ele></trkpt>
   <trkpt lat="46.387563" lon="6.239095"><ele>403.75</ele></trkpt>
   <trkpt lat="46.387685" lon="6.239212"><ele>404.25</ele></trkpt>
   <trkpt lat="46.387838" lon="6.239345"><ele>404.75</ele></trkpt>
   <trkpt lat="46.388482" lon="6.239895"><ele>407.5</ele></trkpt>
   <trkpt lat="46.388656" lon="6.240021"><ele>407.5</ele></trkpt>
   <trkpt lat="46.388831" lon="6.240135"><ele>408.5</ele></trkpt>
   <trkpt lat="46.388912" lon="6.240182"><ele>408.5</ele></trkpt>
   <trkpt lat="46.38932" lon="6.240423"><ele>410.75</ele></trkpt>
   <trkpt lat="46.38975" lon="6.24066"><ele>410.75</ele></trkpt>
   <trkpt lat="46.390018" lon="6.240785"><ele>411</ele></trkpt>
   <trkpt lat="46.390361" lon="6.240919"><ele>412</ele></trkpt>
   <trkpt lat="46.39174" lon="6.241379"><ele>412</ele></trkpt>
   <trkpt lat="46.39199" lon="6.241472"><ele>414.25</ele></trkpt>
   <trkpt lat="46.392242" lon="6.241582"><ele>414.25</ele></trkpt>
   <trkpt lat="46.392748" lon="6.241833"><ele>415</ele></trkpt>
   <trkpt lat="46.393196" lon="6.242103"><ele>415.5</ele></trkpt>
   <trkpt lat="46.393569" lon="6.242361"><ele>415.25</ele></trkpt>
   <trkpt lat="46.393952" lon="6.242659"><ele>416</ele></trkpt>
   <trkpt lat="46.394144" lon="6.242826"><ele>415</ele></trkpt>
   <trkpt lat="46.394544" lon="6.243199"><ele>416.25</ele></trkpt>
   <trkpt lat="46.394761" lon="6.243424"><ele>416</ele></trkpt>
   <trkpt lat="46.395052" lon="6.243747"><ele>416.25</ele></trkpt>
   <trkpt lat="46.395332" lon="6.244081"><ele>416.5</ele></trkpt>
   <trkpt lat="46.396233" lon="6.245202"><ele>416.25</ele></trkpt>
   <trkpt lat="46.396353" lon="6.245351"><ele>416</ele></trkpt>
   <trkpt lat="46.39996" lon="6.249849"><ele>418.5</ele></trkpt>
   <trkpt lat="46.400721" lon="6.250783"><ele>418.75</ele></trkpt>
   <trkpt lat="46.401155" lon="6.251282"><ele>420</ele></trkpt>
   <trkpt lat="46.401563" lon="6.251721"><ele>419.25</ele></trkpt>
   <trkpt lat="46.402071" lon="6.25223"><ele>415.75</ele></trkpt>
   <trkpt lat="46.403018" lon="6.253101"><ele>414.5</ele></trkpt>
   <trkpt lat="46.411781" lon="6.261061"><ele>408.5</ele></trkpt>
   <trkpt lat="46.411888" lon="6.261156"><ele>409</ele></trkpt>
   <trkpt lat="46.41301" lon="6.26219"><ele>411.25</ele></trkpt>
   <trkpt lat="46.413552" lon="6.262709"><ele>413.25</ele></trkpt>
   <trkpt lat="46.414313" lon="6.263469"><ele>413.5</ele></trkpt>
   <trkpt lat="46.415788" lon="6.264984"><ele>414</ele></trkpt>
   <trkpt lat="46.416645" lon="6.265866"><ele>414.75</ele></trkpt>
   <trkpt lat="46.417209" lon="6.266458"><ele>414.75</ele></trkpt>
   <trkpt lat="46.417844" lon="6.267144"><ele>415</ele></trkpt>
   <trkpt lat="46.418355" lon="6.267696"><ele>415</ele></trkpt>
   <trkpt lat="46.419006" lon="6.26838"><ele>416</ele></trkpt>
   <trkpt lat="46.419921" lon="6.26932"><ele>415.75</ele></trkpt>
   <trkpt lat="46.421273" lon="6.270708"><ele>415.75</ele></trkpt>
   <trkpt lat="46.42148" lon="6.270915"><ele>415.75</ele></trkpt>
   <trkpt lat="46.422355" lon="6.271751"><ele>414.75</ele></trkpt>
   <trkpt lat="46.422742" lon="6.272131"><ele>415</ele></trkpt>
   <trkpt lat="46.423504" lon="6.272912"><ele>415</ele></trkpt>
   <trkpt lat="46.425664" lon="6.27513"><ele>413.5</ele></trkpt>
   <trkpt lat="46.429927" lon="6.279512"><ele>414.5</ele></trkpt>
   <trkpt lat="46.433141" lon="6.282811"><ele>412.75</ele></trkpt>
   <trkpt lat="46.435467" lon="6.2852"><ele>411.75</ele></trkpt>
   <trkpt lat="46.435883" lon="6.285636"><ele>412.25</ele></trkpt>
   <trkpt lat="46.436086" lon="6.285859"><ele>412.5</ele></trkpt>
   <trkpt lat="46.436482" lon="6.286312"><ele>412.5</ele></trkpt>
   <trkpt lat="46.436669" lon="6.286538"><ele>412.25</ele></trkpt>
   <trkpt lat="46.437034" lon="6.287"><ele>412.75</ele></trkpt>
   <trkpt lat="46.437389" lon="6.287481"><ele>412.75</ele></trkpt>
   <trkpt lat="46.437768" lon="6.288027"><ele>414.75</ele></trkpt>
   <trkpt lat="46.438075" lon="6.2885"><ele>414.5</ele></trkpt>
   <trkpt lat="46.438429" lon="6.289084"><ele>413.5</ele></trkpt>
   <trkpt lat="46.438514" lon="6.289229"><ele>413.75</ele></trkpt>
   <trkpt lat="46.438717" lon="6.289593"><ele>415.5</ele></trkpt>
   <trkpt lat="46.43908" lon="6.290274"><ele>415</ele></trkpt>
   <trkpt lat="46.439414" lon="6.290956"><ele>416</ele></trkpt>
   <trkpt lat="46.439642" lon="6.291455"><ele>416.5</ele></trkpt>
   <trkpt lat="46.439895" lon="6.292047"><ele>417.75</ele></trkpt>
   <trkpt lat="46.440087" lon="6.292524"><ele>417.75</ele></trkpt>
   <trkpt lat="46.440394" lon="6.293346"><ele>418.25</ele></trkpt>
   <trkpt lat="46.44321" lon="6.301534"><ele>425</ele></trkpt>
   <trkpt lat="46.443459" lon="6.302234"><ele>426</ele></trkpt>
   <trkpt lat="46.443666" lon="6.302802"><ele>427</ele></trkpt>
   <trkpt lat="46.44401" lon="6.303703"><ele>427.25</ele></trkpt>
   <trkpt lat="46.444448" lon="6.304787"><ele>428</ele></trkpt>
   <trkpt lat="46.444706" lon="6.305393"><ele>429</ele></trkpt>
   <trkpt lat="46.444951" lon="6.30594"><ele>429</ele></trkpt>
   <trkpt lat="46.445472" lon="6.307053"><ele>429.5</ele></trkpt>
   <trkpt lat="46.445914" lon="6.307975"><ele>429.5</ele></trkpt>
   <trkpt lat="46.446613" lon="6.30938"><ele>428</ele></trkpt>
   <trkpt lat="46.447643" lon="6.311476"><ele>427.25</ele></trkpt>
   <trkpt lat="46.449093" lon="6.314431"><ele>424.5</ele></trkpt>
   <trkpt lat="46.449427" lon="6.31511"><ele>419.25</ele></trkpt>
   <trkpt lat="46.449628" lon="6.31552"><ele>417.75</ele></trkpt>
   <trkpt lat="46.451688" lon="6.319712"><ele>418</ele></trkpt>
   <trkpt lat="46.452085" lon="6.320497"><ele>415</ele></trkpt>
   <trkpt lat="46.452123" lon="6.320566"><ele>415.25</ele></trkpt>
   <trkpt lat="46.452301" lon="6.320909"><ele>414.5</ele></trkpt>
   <trkpt lat="46.452743" lon="6.321707"><ele>414</ele></trkpt>
   <trkpt lat="46.45325" lon="6.322572"><ele>412</ele></trkpt>
   <trkpt lat="46.453585" lon="6.323117"><ele>413</ele></trkpt>
   <trkpt lat="46.453926" lon="6.323654"><ele>412</ele></trkpt>
   <trkpt lat="46.454274" lon="6.324177"><ele>409.75</ele></trkpt>
   <trkpt lat="46.454793" lon="6.324927"><ele>409.75</ele></trkpt>
   <trkpt lat="46.45482" lon="6.324965"><ele>409.5</ele></trkpt>
   <trkpt lat="46.455968" lon="6.326591"><ele>408.25</ele></trkpt>
   <trkpt lat="46.456049" lon="6.326704"><ele>409</ele></trkpt>
   <trkpt lat="46.457568" lon="6.328851"><ele>406.25</ele></trkpt>
   <trkpt lat="46.45991" lon="6.332167"><ele>402.75</ele></trkpt>
   <trkpt lat="46.460247" lon="6.332643"><ele>401.5</ele></trkpt>
   <trkpt lat="46.460676" lon="6.333253"><ele>400</ele></trkpt>
   <trkpt lat="46.460712" lon="6.333303"><ele>400.25</ele></trkpt>
   <trkpt lat="46.461283" lon="6.334119"><ele>399.75</ele></trkpt>
   <trkpt lat="46.461596" lon="6.334587"><ele>399.25</ele></trkpt>
   <trkpt lat="46.461632" lon="6.334641"><ele>400</ele></trkpt>
   <trkpt lat="46.461926" lon="6.335106"><ele>401</ele></trkpt>
   <trkpt lat="46.462299" lon="6.33575"><ele>400.5</ele></trkpt>
   <trkpt lat="46.462523" lon="6.336169"><ele>400.75</ele></trkpt>
   <trkpt lat="46.462573" lon="6.336264"><ele>399.75</ele></trkpt>
   <trkpt lat="46.462748" lon="6.336613"><ele>401.5</ele></trkpt>
   <trkpt lat="46.463032" lon="6.337206"><ele>401.5</ele></trkpt>
   <trkpt lat="46.46315" lon="6.337466"><ele>402</ele></trkpt>
   <trkpt lat="46.46343" lon="6.338127"><ele>400.25</ele></trkpt>
   <trkpt lat="46.463584" lon="6.338522"><ele>401.5</ele></trkpt>
   <trkpt lat="46.463676" lon="6.338769"><ele>401.25</ele></trkpt>
   <trkpt lat="46.463869" lon="6.339319"><ele>401.5</ele></trkpt>
   <trkpt lat="46.46403" lon="6.339812"><ele>400.5</ele></trkpt>
   <trkpt lat="46.464292" lon="6.340695"><ele>400</ele></trkpt>
   <trkpt lat="46.464548" lon="6.341667"><ele>399.5</ele></trkpt>
   <trkpt lat="46.464899" lon="6.343107"><ele>400.25</ele></trkpt>
   <trkpt lat="46.465059" lon="6.343726"><ele>402</ele></trkpt>
   <trkpt lat="46.46523" lon="6.34434"><ele>402.75</ele></trkpt>
   <trkpt lat="46.46542" lon="6.344963"><ele>403.5</ele></trkpt>
   <trkpt lat="46.465628" lon="6.345591"><ele>403.75</ele></trkpt>
   <trkpt lat="46.465777" lon="6.346018"><ele>402.5</ele></trkpt>
   <trkpt lat="46.465815" lon="6.346122"><ele>402.75</ele></trkpt>
   <trkpt lat="46.466105" lon="6.346876"><ele>404.75</ele></trkpt>
   <trkpt lat="46.466233" lon="6.34719"><ele>405.75</ele></trkpt>
   <trkpt lat="46.466492" lon="6.347787"><ele>408</ele></trkpt>
   <trkpt lat="46.466752" lon="6.34835"><ele>408.75</ele></trkpt>
   <trkpt lat="46.466885" lon="6.348627"><ele>407.5</ele></trkpt>
   <trkpt lat="46.467162" lon="6.349175"><ele>408.75</ele></trkpt>
   <trkpt lat="46.468156" lon="6.351081"><ele>407.25</ele></trkpt>
   <trkpt lat="46.468425" lon="6.351635"><ele>408.5</ele></trkpt>
   <trkpt lat="46.468672" lon="6.352182"><ele>409</ele></trkpt>
   <trkpt lat="46.468899" lon="6.352725"><ele>411</ele></trkpt>
   <trkpt lat="46.469005" lon="6.352994"><ele>409.5</ele></trkpt>
   <trkpt lat="46.469174" lon="6.35344"><ele>411.5</ele></trkpt>
   <trkpt lat="46.469333" lon="6.353892"><ele>412.5</ele></trkpt>
   <trkpt lat="46.469435" lon="6.354196"><ele>413</ele></trkpt>
   <trkpt lat="46.469634" lon="6.354836"><ele>413.75</ele></trkpt>
   <trkpt lat="46.469817" lon="6.355486"><ele>415.25</ele></trkpt>
   <trkpt lat="46.469899" lon="6.355803"><ele>415</ele></trkpt>
   <trkpt lat="46.470052" lon="6.356443"><ele>415.75</ele></trkpt>
   <trkpt lat="46.47019" lon="6.357087"><ele>416.25</ele></trkpt>
   <trkpt lat="46.470834" lon="6.360284"><ele>417</ele></trkpt>
   <trkpt lat="46.471086" lon="6.361576"><ele>417.75</ele></trkpt>
   <trkpt lat="46.471238" lon="6.362459"><ele>419</ele></trkpt>
   <trkpt lat="46.471247" lon="6.362512"><ele>419</ele></trkpt>
   <trkpt lat="46.471356" lon="6.363235"><ele>418</ele></trkpt>
   <trkpt lat="46.47144" lon="6.363876"><ele>418</ele></trkpt>
   <trkpt lat="46.471593" lon="6.365044"><ele>418</ele></trkpt>
   <trkpt lat="46.471639" lon="6.365551"><ele>418</ele></trkpt>
   <trkpt lat="46.471661" lon="6.365902"><ele>418</ele></trkpt>
   <trkpt lat="46.471691" lon="6.366604"><ele>417</ele></trkpt>
   <trkpt lat="46.4717" lon="6.366967"><ele>417</ele></trkpt>
   <trkpt lat="46.471707" lon="6.367695"><ele>416.25</ele></trkpt>
   <trkpt lat="46.471698" lon="6.368424"><ele>416</ele></trkpt>
   <trkpt lat="46.471688" lon="6.368789"><ele>416</ele></trkpt>
   <trkpt lat="46.471658" lon="6.369492"><ele>414.75</ele></trkpt>
   <trkpt lat="46.471637" lon="6.369822"><ele>412.5</ele></trkpt>
   <trkpt lat="46.471624" lon="6.370008"><ele>409.25</ele></trkpt>
   <trkpt lat="46.471547" lon="6.370938"><ele>409.5</ele></trkpt>
   <trkpt lat="46.471184" lon="6.374162"><ele>417.25</ele></trkpt>
   <trkpt lat="46.471119" lon="6.374845"><ele>416</ele></trkpt>
   <trkpt lat="46.471095" lon="6.37518"><ele>416</ele></trkpt>
   <trkpt lat="46.471059" lon="6.375855"><ele>416.25</ele></trkpt>
   <trkpt lat="46.471049" lon="6.376179"><ele>416.25</ele></trkpt>
   <trkpt lat="46.471041" lon="6.376827"><ele>417.25</ele></trkpt>
   <trkpt lat="46.471051" lon="6.377473"><ele>417</ele></trkpt>
   <trkpt lat="46.471062" lon="6.377797"><ele>417</ele></trkpt>
   <trkpt lat="46.471097" lon="6.378446"><ele>417.75</ele></trkpt>
   <trkpt lat="46.471122" lon="6.378768"><ele>418</ele></trkpt>
   <trkpt lat="46.471184" lon="6.37941"><ele>418.5</ele></trkpt>
   <trkpt lat="46.471264" lon="6.380049"><ele>418.25</ele></trkpt>
   <trkpt lat="46.47131" lon="6.380366"><ele>418</ele></trkpt>
   <trkpt lat="46.471417" lon="6.380996"><ele>418.75</ele></trkpt>
   <trkpt lat="46.471548" lon="6.381652"><ele>415.5</ele></trkpt>
   <trkpt lat="46.471571" lon="6.381755"><ele>416</ele></trkpt>
   <trkpt lat="46.472588" lon="6.386199"><ele>420.75</ele></trkpt>
   <trkpt lat="46.472974" lon="6.387876"><ele>421</ele></trkpt>
   <trkpt lat="46.473073" lon="6.388341"><ele>422</ele></trkpt>
   <trkpt lat="46.47317" lon="6.388858"><ele>421.25</ele></trkpt>
   <trkpt lat="46.473311" lon="6.389533"><ele>421.75</ele></trkpt>
   <trkpt lat="46.473353" lon="6.38972"><ele>422</ele></trkpt>
   <trkpt lat="46.473407" lon="6.389968"><ele>421.25</ele></trkpt>
   <trkpt lat="46.473538" lon="6.39069"><ele>421.25</ele></trkpt>
   <trkpt lat="46.47359" lon="6.390935"><ele>421.25</ele></trkpt>
   <trkpt lat="46.474609" lon="6.395374"><ele>421</ele></trkpt>
   <trkpt lat="46.474892" lon="6.396614"><ele>422</ele></trkpt>
   <trkpt lat="46.475258" lon="6.39844"><ele>421.75</ele></trkpt>
   <trkpt lat="46.475515" lon="6.399564"><ele>421.75</ele></trkpt>
   <trkpt lat="46.475602" lon="6.399947"><ele>422</ele></trkpt>
   <trkpt lat="46.475927" lon="6.401241"><ele>418.75</ele></trkpt>
   <trkpt lat="46.476058" lon="6.40176"><ele>420.75</ele></trkpt>
   <trkpt lat="46.47616" lon="6.402266"><ele>420</ele></trkpt>
   <trkpt lat="46.47625" lon="6.402825"><ele>421</ele></trkpt>
   <trkpt lat="46.476401" lon="6.403747"><ele>419</ele></trkpt>
   <trkpt lat="46.47645" lon="6.404068"><ele>420</ele></trkpt>
   <trkpt lat="46.476492" lon="6.4044"><ele>420.75</ele></trkpt>
   <trkpt lat="46.476555" lon="6.405014"><ele>414.5</ele></trkpt>
   <trkpt lat="46.47657" lon="6.405176"><ele>414.5</ele></trkpt>
   <trkpt lat="46.476629" lon="6.405825"><ele>415</ele></trkpt>
   <trkpt lat="46.476782" lon="6.407597"><ele>410.25</ele></trkpt>
   <trkpt lat="46.476813" lon="6.407991"><ele>415</ele></trkpt>
   <trkpt lat="46.476853" lon="6.408671"><ele>417.25</ele></trkpt>
   <trkpt lat="46.476865" lon="6.408967"><ele>417</ele></trkpt>
   <trkpt lat="46.476876" lon="6.409594"><ele>416</ele></trkpt>
   <trkpt lat="46.476869" lon="6.410218"><ele>415.75</ele></trkpt>
   <trkpt lat="46.476854" lon="6.410688"><ele>416</ele></trkpt>
   <trkpt lat="46.476829" lon="6.411156"><ele>416.5</ele></trkpt>
   <trkpt lat="46.476793" lon="6.411637"><ele>416.25</ele></trkpt>
   <trkpt lat="46.476677" lon="6.412809"><ele>415</ele></trkpt>
   <trkpt lat="46.47515" lon="6.427039"><ele>405.5</ele></trkpt>
   <trkpt lat="46.475043" lon="6.428029"><ele>404.5</ele></trkpt>
   <trkpt lat="46.475021" lon="6.428236"><ele>405.25</ele></trkpt>
   <trkpt lat="46.474885" lon="6.429521"><ele>406</ele></trkpt>
   <trkpt lat="46.474853" lon="6.42987"><ele>406.25</ele></trkpt>
   <trkpt lat="46.474804" lon="6.430561"><ele>407.25</ele></trkpt>
   <trkpt lat="46.474788" lon="6.43089"><ele>407</ele></trkpt>
   <trkpt lat="46.47477" lon="6.431567"><ele>407</ele></trkpt>
   <trkpt lat="46.474768" lon="6.431896"><ele>407</ele></trkpt>
   <trkpt lat="46.474779" lon="6.432556"><ele>406</ele></trkpt>
   <trkpt lat="46.47481" lon="6.433248"><ele>406.25</ele></trkpt>
   <trkpt lat="46.474834" lon="6.433602"><ele>407.25</ele></trkpt>
   <trkpt lat="46.474891" lon="6.434237"><ele>407</ele></trkpt>
   <trkpt lat="46.474928" lon="6.434581"><ele>407.25</ele></trkpt>
   <trkpt lat="46.475019" lon="6.435256"><ele>407.25</ele></trkpt>
   <trkpt lat="46.475073" lon="6.435599"><ele>408.75</ele></trkpt>
   <trkpt lat="46.475192" lon="6.436259"><ele>409.25</ele></trkpt>
   <trkpt lat="46.47533" lon="6.43691"><ele>408.5</ele></trkpt>
   <trkpt lat="46.475484" lon="6.437542"><ele>408</ele></trkpt>
   <trkpt lat="46.475734" lon="6.438436"><ele>407.25</ele></trkpt>
   <trkpt lat="46.478751" lon="6.448601"><ele>401</ele></trkpt>
   <trkpt lat="46.478829" lon="6.448862"><ele>400</ele></trkpt>
   <trkpt lat="46.478938" lon="6.449206"><ele>399.5</ele></trkpt>
   <trkpt lat="46.479122" lon="6.44973"><ele>398.75</ele></trkpt>
   <trkpt lat="46.479358" lon="6.450473"><ele>399.25</ele></trkpt>
   <trkpt lat="46.479507" lon="6.450921"><ele>399.25</ele></trkpt>
   <trkpt lat="46.479711" lon="6.451476"><ele>398.25</ele></trkpt>
   <trkpt lat="46.47982" lon="6.451749"><ele>400.25</ele></trkpt>
   <trkpt lat="46.47994" lon="6.452033"><ele>400.25</ele></trkpt>
   <trkpt lat="46.480142" lon="6.452477"><ele>401</ele></trkpt>
   <trkpt lat="46.480394" lon="6.452979"><ele>399.25</ele></trkpt>
   <trkpt lat="46.480543" lon="6.453243"><ele>397.75</ele></trkpt>
   <trkpt lat="46.480748" lon="6.453575"><ele>397.5</ele></trkpt>
   <trkpt lat="46.481085" lon="6.454087"><ele>396</ele></trkpt>
   <trkpt lat="46.4812" lon="6.454246"><ele>395.75</ele></trkpt>
   <trkpt lat="46.481857" lon="6.455085"><ele>395</ele></trkpt>
   <trkpt lat="46.481992" lon="6.455239"><ele>395</ele></trkpt>
   <trkpt lat="46.482285" lon="6.455541"><ele>395</ele></trkpt>
   <trkpt lat="46.482912" lon="6.456182"><ele>394.5</ele></trkpt>
   <trkpt lat="46.483212" lon="6.456573"><ele>394</ele></trkpt>
   <trkpt lat="46.483456" lon="6.456839"><ele>393.25</ele></trkpt>
   <trkpt lat="46.483608" lon="6.456986"><ele>393.5</ele></trkpt>
   <trkpt lat="46.483938" lon="6.457315"><ele>391.5</ele></trkpt>
   <trkpt lat="46.484017" lon="6.457397"><ele>391</ele></trkpt>
   <trkpt lat="46.484234" lon="6.457631"><ele>392</ele></trkpt>
   <trkpt lat="46.48449" lon="6.457885"><ele>391.5</ele></trkpt>
   <trkpt lat="46.485051" lon="6.458421"><ele>390.75</ele></trkpt>
   <trkpt lat="46.485465" lon="6.45884"><ele>389</ele></trkpt>
   <trkpt lat="46.485787" lon="6.45918"><ele>389</ele></trkpt>
   <trkpt lat="46.486097" lon="6.459518"><ele>388.5</ele></trkpt>
   <trkpt lat="46.486725" lon="6.460245"><ele>386.75</ele></trkpt>
   <trkpt lat="46.486786" lon="6.460319"><ele>386.25</ele></trkpt>
   <trkpt lat="46.487066" lon="6.460665"><ele>387</ele></trkpt>
   <trkpt lat="46.48752" lon="6.461247"><ele>387.75</ele></trkpt>
   <trkpt lat="46.487877" lon="6.461725"><ele>387.5</ele></trkpt>
   <trkpt lat="46.488312" lon="6.462332"><ele>388.25</ele></trkpt>
   <trkpt lat="46.49105" lon="6.466381"><ele>392.75</ele></trkpt>
   <trkpt lat="46.493023" lon="6.469312"><ele>390.75</ele></trkpt>
   <trkpt lat="46.493057" lon="6.46936"><ele>391</ele></trkpt>
   <trkpt lat="46.49462" lon="6.471678"><ele>389.75</ele></trkpt>
   <trkpt lat="46.49465" lon="6.471724"><ele>390</ele></trkpt>
   <trkpt lat="46.495817" lon="6.473457"><ele>390</ele></trkpt>
   <trkpt lat="46.496137" lon="6.473943"><ele>390.25</ele></trkpt>
   <trkpt lat="46.49644" lon="6.474434"><ele>390.5</ele></trkpt>
   <trkpt lat="46.496596" lon="6.474702"><ele>390.75</ele></trkpt>
   <trkpt lat="46.496785" lon="6.475052"><ele>394</ele></trkpt>
   <trkpt lat="46.496966" lon="6.47541"><ele>394.25</ele></trkpt>
   <trkpt lat="46.497169" lon="6.475847"><ele>393.75</ele></trkpt>
   <trkpt lat="46.497421" lon="6.476455"><ele>394.25</ele></trkpt>
   <trkpt lat="46.497516" lon="6.476705"><ele>392.25</ele></trkpt>
   <trkpt lat="46.497616" lon="6.476983"><ele>394.25</ele></trkpt>
   <trkpt lat="46.497802" lon="6.477536"><ele>392.25</ele></trkpt>
   <trkpt lat="46.498431" lon="6.479515"><ele>388.25</ele></trkpt>
   <trkpt lat="46.49864" lon="6.480104"><ele>389</ele></trkpt>
   <trkpt lat="46.498856" lon="6.480648"><ele>388.75</ele></trkpt>
   <trkpt lat="46.499089" lon="6.481173"><ele>387.5</ele></trkpt>
   <trkpt lat="46.499341" lon="6.481684"><ele>387.5</ele></trkpt>
   <trkpt lat="46.499606" lon="6.482171"><ele>386.75</ele></trkpt>
   <trkpt lat="46.49989" lon="6.482645"><ele>386.5</ele></trkpt>
   <trkpt lat="46.500189" lon="6.483098"><ele>385.5</ele></trkpt>
   <trkpt lat="46.500441" lon="6.483446"><ele>384.5</ele></trkpt>
   <trkpt lat="46.500497" lon="6.483519"><ele>385</ele></trkpt>
   <trkpt lat="46.500855" lon="6.483966"><ele>386.25</ele></trkpt>
   <trkpt lat="46.501167" lon="6.484317"><ele>386</ele></trkpt>
   <trkpt lat="46.501526" lon="6.484684"><ele>386</ele></trkpt>
   <trkpt lat="46.501886" lon="6.485017"><ele>385.25</ele></trkpt>
   <trkpt lat="46.502261" lon="6.485328"><ele>385.5</ele></trkpt>
   <trkpt lat="46.502628" lon="6.485598"><ele>384.25</ele></trkpt>
   <trkpt lat="46.502958" lon="6.485819"><ele>384.25</ele></trkpt>
   <trkpt lat="46.503454" lon="6.486134"><ele>384</ele></trkpt>
   <trkpt lat="46.503519" lon="6.486175"><ele>383.75</ele></trkpt>
   <trkpt lat="46.504449" lon="6.486762"><ele>382.75</ele></trkpt>
   <trkpt lat="46.505456" lon="6.487398"><ele>383.5</ele></trkpt>
   <trkpt lat="46.505986" lon="6.487751"><ele>380.75</ele></trkpt>
   <trkpt lat="46.506176" lon="6.487887"><ele>380.5</ele></trkpt>
   <trkpt lat="46.506504" lon="6.488132"><ele>384.5</ele></trkpt>
   <trkpt lat="46.506927" lon="6.488475"><ele>383.75</ele></trkpt>
   <trkpt lat="46.507183" lon="6.488698"><ele>384</ele></trkpt>
   <trkpt lat="46.507548" lon="6.489036"><ele>384</ele></trkpt>
   <trkpt lat="46.50761" lon="6.489098"><ele>384</ele></trkpt>
   <trkpt lat="46.507927" lon="6.489413"><ele>384</ele></trkpt>
   <trkpt lat="46.508273" lon="6.489782"><ele>383.25</ele></trkpt>
   <trkpt lat="46.508667" lon="6.490236"><ele>383</ele></trkpt>
   <trkpt lat="46.509064" lon="6.490729"><ele>383</ele></trkpt>
   <trkpt lat="46.509346" lon="6.4911"><ele>382.5</ele></trkpt>
   <trkpt lat="46.509626" lon="6.491484"><ele>382.25</ele></trkpt>
   <trkpt lat="46.510158" lon="6.492261"><ele>382.25</ele></trkpt>
   <trkpt lat="46.51126" lon="6.494002"><ele>381.25</ele></trkpt>
   <trkpt lat="46.511996" lon="6.495188"><ele>382</ele></trkpt>
   <trkpt lat="46.512625" lon="6.496257"><ele>381.25</ele></trkpt>
   <trkpt lat="46.513401" lon="6.497623"><ele>381</ele></trkpt>
   <trkpt lat="46.513637" lon="6.498051"><ele>381</ele></trkpt>
   <trkpt lat="46.513862" lon="6.498495"><ele>381</ele></trkpt>
   <trkpt lat="46.514204" lon="6.499209"><ele>381</ele></trkpt>
   <trkpt lat="46.514234" lon="6.499275"><ele>381</ele></trkpt>
   <trkpt lat="46.514544" lon="6.499982"><ele>381.25</ele></trkpt>
   <trkpt lat="46.514675" lon="6.500299"><ele>381.75</ele></trkpt>
   <trkpt lat="46.514927" lon="6.500942"><ele>379.5</ele></trkpt>
   <trkpt lat="46.515127" lon="6.501449"><ele>378.25</ele></trkpt>
   <trkpt lat="46.515413" lon="6.502159"><ele>379</ele></trkpt>
   <trkpt lat="46.515657" lon="6.502728"><ele>379.75</ele></trkpt>
   <trkpt lat="46.51804" lon="6.508074"><ele>379.5</ele></trkpt>
   <trkpt lat="46.51863" lon="6.509394"><ele>380.25</ele></trkpt>
   <trkpt lat="46.519199" lon="6.51067"><ele>379.75</ele></trkpt>
   <trkpt lat="46.520771" lon="6.514198"><ele>380.5</ele></trkpt>
   <trkpt lat="46.522043" lon="6.517066"><ele>384.5</ele></trkpt>
   <trkpt lat="46.522585" lon="6.51836"><ele>386.75</ele></trkpt>
   <trkpt lat="46.522953" lon="6.519284"><ele>388</ele></trkpt>
   <trkpt lat="46.523337" lon="6.520282"><ele>386.75</ele></trkpt>
   <trkpt lat="46.523377" lon="6.520388"><ele>386.5</ele></trkpt>
   <trkpt lat="46.523446" lon="6.52057"><ele>386.5</ele></trkpt>
   <trkpt lat="46.523616" lon="6.52102"><ele>388</ele></trkpt>
   <trkpt lat="46.523987" lon="6.522027"><ele>389.75</ele></trkpt>
   <trkpt lat="46.524242" lon="6.522741"><ele>390</ele></trkpt>
   <trkpt lat="46.524605" lon="6.523789"><ele>391.25</ele></trkpt>
   <trkpt lat="46.524815" lon="6.52442"><ele>391.75</ele></trkpt>
   <trkpt lat="46.525185" lon="6.525561"><ele>392</ele></trkpt>
   <trkpt lat="46.525614" lon="6.526967"><ele>392.75</ele></trkpt>
   <trkpt lat="46.526033" lon="6.528421"><ele>392.75</ele></trkpt>
   <trkpt lat="46.52656" lon="6.530375"><ele>394.5</ele></trkpt>
   <trkpt lat="46.526775" lon="6.531209"><ele>395</ele></trkpt>
   <trkpt lat="46.526928" lon="6.531817"><ele>396.25</ele></trkpt>
   <trkpt lat="46.527147" lon="6.532734"><ele>395.5</ele></trkpt>
   <trkpt lat="46.527443" lon="6.534051"><ele>396.75</ele></trkpt>
   <trkpt lat="46.528288" lon="6.5379"><ele>398.75</ele></trkpt>
   <trkpt lat="46.528416" lon="6.538448"><ele>398.25</ele></trkpt>
   <trkpt lat="46.528576" lon="6.539073"><ele>399</ele></trkpt>
   <trkpt lat="46.528679" lon="6.539439"><ele>399.75</ele></trkpt>
   <trkpt lat="46.528844" lon="6.539985"><ele>399</ele></trkpt>
   <trkpt lat="46.529057" lon="6.540625"><ele>399</ele></trkpt>
   <trkpt lat="46.529235" lon="6.541112"><ele>399</ele></trkpt>
   <trkpt lat="46.529386" lon="6.541502"><ele>397.5</ele></trkpt>
   <trkpt lat="46.529705" lon="6.542268"><ele>396.5</ele></trkpt>
   <trkpt lat="46.529869" lon="6.542631"><ele>396.25</ele></trkpt>
   <trkpt lat="46.530044" lon="6.542996"><ele>394.75</ele></trkpt>
   <trkpt lat="46.530221" lon="6.543347"><ele>395.75</ele></trkpt>
   <trkpt lat="46.530412" lon="6.543704"><ele>394.75</ele></trkpt>
   <trkpt lat="46.530775" lon="6.544351"><ele>395</ele></trkpt>
   <trkpt lat="46.533108" lon="6.54849"><ele>394.5</ele></trkpt>
   <trkpt lat="46.533294" lon="6.548819"><ele>397.25</ele></trkpt>
   <trkpt lat="46.533721" lon="6.549575"><ele>395.75</ele></trkpt>
   <trkpt lat="46.534795" lon="6.551478"><ele>391</ele></trkpt>
   <trkpt lat="46.535166" lon="6.552138"><ele>386.75</ele></trkpt>
   <trkpt lat="46.535524" lon="6.552772"><ele>392</ele></trkpt>
   <trkpt lat="46.535853" lon="6.553329"><ele>395</ele></trkpt>
   <trkpt lat="46.536082" lon="6.553682"><ele>396</ele></trkpt>
   <trkpt lat="46.536336" lon="6.554035"><ele>397.25</ele></trkpt>
   <trkpt lat="46.536614" lon="6.554387"><ele>397.75</ele></trkpt>
   <trkpt lat="46.536905" lon="6.554719"><ele>397.5</ele></trkpt>
   <trkpt lat="46.537054" lon="6.554878"><ele>399</ele></trkpt>
   <trkpt lat="46.53722" lon="6.555041"><ele>398.75</ele></trkpt>
   <trkpt lat="46.537476" lon="6.555277"><ele>398.25</ele></trkpt>
   <trkpt lat="46.537741" lon="6.555499"><ele>399</ele></trkpt>
   <trkpt lat="46.537886" lon="6.55561"><ele>399.5</ele></trkpt>
   <trkpt lat="46.538189" lon="6.555826"><ele>399.5</ele></trkpt>
   <trkpt lat="46.538361" lon="6.555937"><ele>399.5</ele></trkpt>
   <trkpt lat="46.538632" lon="6.556091"><ele>399.75</ele></trkpt>
   <trkpt lat="46.539046" lon="6.556288"><ele>400</ele></trkpt>
   <trkpt lat="46.539604" lon="6.556526"><ele>400</ele></trkpt>
   <trkpt lat="46.539853" lon="6.556641"><ele>400.5</ele></trkpt>
   <trkpt lat="46.540158" lon="6.556804"><ele>401</ele></trkpt>
   <trkpt lat="46.540396" lon="6.556955"><ele>401.25</ele></trkpt>
   <trkpt lat="46.540749" lon="6.557221"><ele>401.5</ele></trkpt>
   <trkpt lat="46.540963" lon="6.557405"><ele>402.75</ele></trkpt>
   <trkpt lat="46.54124" lon="6.557678"><ele>403.5</ele></trkpt>
   <trkpt lat="46.541396" lon="6.557848"><ele>403.25</ele></trkpt>
   <trkpt lat="46.54157" lon="6.558054"><ele>403.25</ele></trkpt>
   <trkpt lat="46.541792" lon="6.558344"><ele>404.5</ele></trkpt>
   <trkpt lat="46.541905" lon="6.558507"><ele>404</ele></trkpt>
   <trkpt lat="46.542088" lon="6.558791"><ele>404.75</ele></trkpt>
   <trkpt lat="46.542281" lon="6.559125"><ele>405</ele></trkpt>
   <trkpt lat="46.542437" lon="6.55943"><ele>405.5</ele></trkpt>
   <trkpt lat="46.542636" lon="6.559866"><ele>406</ele></trkpt>
   <trkpt lat="46.542755" lon="6.560166"><ele>405.5</ele></trkpt>
   <trkpt lat="46.542911" lon="6.560611"><ele>406.5</ele></trkpt>
   <trkpt lat="46.54306" lon="6.561128"><ele>406</ele></trkpt>
   <trkpt lat="46.543144" lon="6.561477"><ele>407.25</ele></trkpt>
   <trkpt lat="46.543147" lon="6.561493"><ele>407.25</ele></trkpt>
   <trkpt lat="46.543238" lon="6.561954"><ele>407.5</ele></trkpt>
   <trkpt lat="46.543311" lon="6.562447"><ele>407</ele></trkpt>
   <trkpt lat="46.543343" lon="6.562738"><ele>407</ele></trkpt>
   <trkpt lat="46.543373" lon="6.563104"><ele>409.5</ele></trkpt>
   <trkpt lat="46.543393" lon="6.563528"><ele>411</ele></trkpt>
   <trkpt lat="46.543397" lon="6.56383"><ele>410.5</ele></trkpt>
   <trkpt lat="46.543395" lon="6.564069"><ele>410</ele></trkpt>
   <trkpt lat="46.543376" lon="6.564523"><ele>409.5</ele></trkpt>
   <trkpt lat="46.54332" lon="6.565161"><ele>409.5</ele></trkpt>
   <trkpt lat="46.54326" lon="6.565599"><ele>411.5</ele></trkpt>
   <trkpt lat="46.543206" lon="6.56591"><ele>414</ele></trkpt>
   <trkpt lat="46.543162" lon="6.566142"><ele>413.25</ele></trkpt>
   <trkpt lat="46.543078" lon="6.566508"><ele>410.75</ele></trkpt>
   <trkpt lat="46.542968" lon="6.566916"><ele>413.75</ele></trkpt>
   <trkpt lat="46.542789" lon="6.567489"><ele>412</ele></trkpt>
   <trkpt lat="46.54236" lon="6.56874"><ele>411.5</ele></trkpt>
   <trkpt lat="46.542093" lon="6.569481"><ele>411.5</ele></trkpt>
   <trkpt lat="46.542002" lon="6.569709"><ele>412</ele></trkpt>
   <trkpt lat="46.541812" lon="6.570151"><ele>412.5</ele></trkpt>
   <trkpt lat="46.541571" lon="6.570666"><ele>412.5</ele></trkpt>
   <trkpt lat="46.541323" lon="6.57117"><ele>412.25</ele></trkpt>
   <trkpt lat="46.54093" lon="6.571922"><ele>413</ele></trkpt>
   <trkpt lat="46.540564" lon="6.572596"><ele>414</ele></trkpt>
   <trkpt lat="46.540044" lon="6.573573"><ele>414.75</ele></trkpt>
   <trkpt lat="46.539975" lon="6.573705"><ele>415</ele></trkpt>
   <trkpt lat="46.539616" lon="6.574395"><ele>416.75</ele></trkpt>
   <trkpt lat="46.538522" lon="6.576477"><ele>415.5</ele></trkpt>
   <trkpt lat="46.538479" lon="6.576558"><ele>415.5</ele></trkpt>
   <trkpt lat="46.537901" lon="6.577642"><ele>416</ele></trkpt>
   <trkpt lat="46.537062" lon="6.579248"><ele>416</ele></trkpt>
   <trkpt lat="46.536855" lon="6.579657"><ele>416</ele></trkpt>
   <trkpt lat="46.536637" lon="6.580117"><ele>416</ele></trkpt>
   <trkpt lat="46.536145" lon="6.581216"><ele>414.75</ele></trkpt>
   <trkpt lat="46.535982" lon="6.581565"><ele>414.5</ele></trkpt>
   <trkpt lat="46.535551" lon="6.582433"><ele>415</ele></trkpt>
   <trkpt lat="46.534586" lon="6.584298"><ele>415</ele></trkpt>
   <trkpt lat="46.534406" lon="6.584657"><ele>415</ele></trkpt>
   <trkpt lat="46.534397" lon="6.584675"><ele>415</ele></trkpt>
   <trkpt lat="46.534381" lon="6.584708"><ele>415</ele></trkpt>
   <trkpt lat="46.533901" lon="6.585635"><ele>415</ele></trkpt>
   <trkpt lat="46.533792" lon="6.585835"><ele>415</ele></trkpt>
   <trkpt lat="46.533423" lon="6.586453"><ele>414.75</ele></trkpt>
   <trkpt lat="46.533389" lon="6.586512"><ele>415</ele></trkpt>
   <trkpt lat="46.532968" lon="6.587215"><ele>415</ele></trkpt>
   <trkpt lat="46.532808" lon="6.587503"><ele>415</ele></trkpt>
   <trkpt lat="46.532762" lon="6.587591"><ele>416</ele></trkpt>
   <trkpt lat="46.532808" lon="6.587503"><ele>415</ele></trkpt>
   <trkpt lat="46.532968" lon="6.587215"><ele>415</ele></trkpt>
   <trkpt lat="46.533389" lon="6.586512"><ele>415</ele></trkpt>
   <trkpt lat="46.533423" lon="6.586453"><ele>414.75</ele></trkpt>
   <trkpt lat="46.533792" lon="6.585835"><ele>415</ele></trkpt>
   <trkpt lat="46.533901" lon="6.585635"><ele>415</ele></trkpt>
   <trkpt lat="46.534381" lon="6.584708"><ele>415</ele></trkpt>
   <trkpt lat="46.534397" lon="6.584675"><ele>415</ele></trkpt>
   <trkpt lat="46.534406" lon="6.584657"><ele>415</ele></trkpt>
   <trkpt lat="46.534586" lon="6.584298"><ele>415</ele></trkpt>
   <trkpt lat="46.535551" lon="6.582433"><ele>415</ele></trkpt>
   <trkpt lat="46.535982" lon="6.581565"><ele>414.5</ele></trkpt>
   <trkpt lat="46.536145" lon="6.581216"><ele>414.75</ele></trkpt>
   <trkpt lat="46.536637" lon="6.580117"><ele>416</ele></trkpt>
   <trkpt lat="46.536855" lon="6.579657"><ele>416</ele></trkpt>
   <trkpt lat="46.537062" lon="6.579248"><ele>416</ele></trkpt>
   <trkpt lat="46.537901" lon="6.577642"><ele>416</ele></trkpt>
   <trkpt lat="46.538479" lon="6.576558"><ele>415.5</ele></trkpt>
   <trkpt lat="46.538522" lon="6.576477"><ele>415.5</ele></trkpt>
   <trkpt lat="46.539616" lon="6.574395"><ele>416.75</ele></trkpt>
   <trkpt lat="46.539975" lon="6.573705"><ele>415</ele></trkpt>
   <trkpt lat="46.540044" lon="6.573573"><ele>414.75</ele></trkpt>
   <trkpt lat="46.540564" lon="6.572596"><ele>414</ele></trkpt>
   <trkpt lat="46.54093" lon="6.571922"><ele>413</ele></trkpt>
   <trkpt lat="46.541323" lon="6.57117"><ele>412.25</ele></trkpt>
   <trkpt lat="46.541571" lon="6.570666"><ele>412.5</ele></trkpt>
   <trkpt lat="46.541812" lon="6.570151"><ele>412.5</ele></trkpt>
   <trkpt lat="46.542002" lon="6.569709"><ele>412</ele></trkpt>
   <trkpt lat="46.542093" lon="6.569481"><ele>411.5</ele></trkpt>
   <trkpt lat="46.54236" lon="6.56874"><ele>411.5</ele></trkpt>
   <trkpt lat="46.542789" lon="6.567489"><ele>412</ele></trkpt>
   <trkpt lat="46.542968" lon="6.566916"><ele>413.75</ele></trkpt>
   <trkpt lat="46.543078" lon="6.566508"><ele>410.75</ele></trkpt>
   <trkpt lat="46.543162" lon="6.566142"><ele>413.25</ele></trkpt>
   <trkpt lat="46.543206" lon="6.56591"><ele>414</ele></trkpt>
   <trkpt lat="46.54326" lon="6.565599"><ele>411.5</ele></trkpt>
   <trkpt lat="46.54332" lon="6.565161"><ele>409.5</ele></trkpt>
   <trkpt lat="46.543376" lon="6.564523"><ele>410</ele></trkpt>
   <trkpt lat="46.543395" lon="6.564069"><ele>410.5</ele></trkpt>
   <trkpt lat="46.543397" lon="6.56383"><ele>411</ele></trkpt>
   <trkpt lat="46.543393" lon="6.563528"><ele>411</ele></trkpt>
   <trkpt lat="46.543373" lon="6.563104"><ele>409.5</ele></trkpt>
   <trkpt lat="46.543343" lon="6.562738"><ele>407</ele></trkpt>
   <trkpt lat="46.543311" lon="6.562447"><ele>407</ele></trkpt>
   <trkpt lat="46.543238" lon="6.561954"><ele>407.5</ele></trkpt>
   <trkpt lat="46.543147" lon="6.561493"><ele>407.25</ele></trkpt>
   <trkpt lat="46.543144" lon="6.561477"><ele>407.25</ele></trkpt>
   <trkpt lat="46.54306" lon="6.561128"><ele>406</ele></trkpt>
   <trkpt lat="46.542911" lon="6.560611"><ele>406.5</ele></trkpt>
   <trkpt lat="46.542755" lon="6.560166"><ele>405.5</ele></trkpt>
   <trkpt lat="46.542636" lon="6.559866"><ele>406</ele></trkpt>
   <trkpt lat="46.542437" lon="6.55943"><ele>405.5</ele></trkpt>
   <trkpt lat="46.542281" lon="6.559125"><ele>405</ele></trkpt>
   <trkpt lat="46.542088" lon="6.558791"><ele>404.75</ele></trkpt>
   <trkpt lat="46.541905" lon="6.558507"><ele>404</ele></trkpt>
   <trkpt lat="46.541792" lon="6.558344"><ele>404.5</ele></trkpt>
   <trkpt lat="46.54157" lon="6.558054"><ele>403.25</ele></trkpt>
   <trkpt lat="46.541396" lon="6.557848"><ele>403.25</ele></trkpt>
   <trkpt lat="46.54124" lon="6.557678"><ele>403.5</ele></trkpt>
   <trkpt lat="46.540963" lon="6.557405"><ele>402.75</ele></trkpt>
   <trkpt lat="46.540749" lon="6.557221"><ele>401.5</ele></trkpt>
   <trkpt lat="46.540396" lon="6.556955"><ele>401.25</ele></trkpt>
   <trkpt lat="46.540158" lon="6.556804"><ele>401</ele></trkpt>
   <trkpt lat="46.539853" lon="6.556641"><ele>400.5</ele></trkpt>
   <trkpt lat="46.539604" lon="6.556526"><ele>400</ele></trkpt>
   <trkpt lat="46.539046" lon="6.556288"><ele>399.75</ele></trkpt>
   <trkpt lat="46.538632" lon="6.556091"><ele>399.5</ele></trkpt>
   <trkpt lat="46.538361" lon="6.555937"><ele>399.5</ele></trkpt>
   <trkpt lat="46.538189" lon="6.555826"><ele>399.5</ele></trkpt>
   <trkpt lat="46.537886" lon="6.55561"><ele>399.5</ele></trkpt>
   <trkpt lat="46.537741" lon="6.555499"><ele>399</ele></trkpt>
   <trkpt lat="46.537476" lon="6.555277"><ele>398.25</ele></trkpt>
   <trkpt lat="46.53722" lon="6.555041"><ele>398.75</ele></trkpt>
   <trkpt lat="46.537054" lon="6.554878"><ele>399</ele></trkpt>
   <trkpt lat="46.536905" lon="6.554719"><ele>397.5</ele></trkpt>
   <trkpt lat="46.536614" lon="6.554387"><ele>397.75</ele></trkpt>
   <trkpt lat="46.536336" lon="6.554035"><ele>397.25</ele></trkpt>
   <trkpt lat="46.536082" lon="6.553682"><ele>396</ele></trkpt>
   <trkpt lat="46.535853" lon="6.553329"><ele>395</ele></trkpt>
   <trkpt lat="46.535524" lon="6.552772"><ele>392</ele></trkpt>
   <trkpt lat="46.535166" lon="6.552138"><ele>386.75</ele></trkpt>
   <trkpt lat="46.534795" lon="6.551478"><ele>391</ele></trkpt>
   <trkpt lat="46.533721" lon="6.549575"><ele>395.75</ele></trkpt>
   <trkpt lat="46.533294" lon="6.548819"><ele>397.25</ele></trkpt>
   <trkpt lat="46.533108" lon="6.54849"><ele>394.5</ele></trkpt>
   <trkpt lat="46.530775" lon="6.544351"><ele>395</ele></trkpt>
   <trkpt lat="46.530412" lon="6.543704"><ele>394.75</ele></trkpt>
   <trkpt lat="46.530221" lon="6.543347"><ele>395.75</ele></trkpt>
   <trkpt lat="46.530044" lon="6.542996"><ele>394.75</ele></trkpt>
   <trkpt lat="46.529869" lon="6.542631"><ele>396.25</ele></trkpt>
   <trkpt lat="46.529705" lon="6.542268"><ele>396.5</ele></trkpt>
   <trkpt lat="46.529386" lon="6.541502"><ele>397.5</ele></trkpt>
   <trkpt lat="46.529235" lon="6.541112"><ele>399</ele></trkpt>
   <trkpt lat="46.529057" lon="6.540625"><ele>399</ele></trkpt>
   <trkpt lat="46.528844" lon="6.539985"><ele>399</ele></trkpt>
   <trkpt lat="46.528679" lon="6.539439"><ele>399.75</ele></trkpt>
   <trkpt lat="46.528576" lon="6.539073"><ele>399</ele></trkpt>
   <trkpt lat="46.528416" lon="6.538448"><ele>398.25</ele></trkpt>
   <trkpt lat="46.528288" lon="6.5379"><ele>398.75</ele></trkpt>
   <trkpt lat="46.527443" lon="6.534051"><ele>396.75</ele></trkpt>
   <trkpt lat="46.527147" lon="6.532734"><ele>395.5</ele></trkpt>
   <trkpt lat="46.526928" lon="6.531817"><ele>396.25</ele></trkpt>
   <trkpt lat="46.526775" lon="6.531209"><ele>395</ele></trkpt>
   <trkpt lat="46.52656" lon="6.530375"><ele>394.5</ele></trkpt>
   <trkpt lat="46.526033" lon="6.528421"><ele>392.75</ele></trkpt>
   <trkpt lat="46.525614" lon="6.526967"><ele>392.75</ele></trkpt>
   <trkpt lat="46.525185" lon="6.525561"><ele>392</ele></trkpt>
   <trkpt lat="46.524815" lon="6.52442"><ele>391.75</ele></trkpt>
   <trkpt lat="46.524658" lon="6.523871"><ele>391</ele></trkpt>
   <trkpt lat="46.524469" lon="6.523283"><ele>390</ele></trkpt>
   <trkpt lat="46.524017" lon="6.522004"><ele>390</ele></trkpt>
   <trkpt lat="46.523468" lon="6.520523"><ele>387</ele></trkpt>
   <trkpt lat="46.5234" lon="6.520342"><ele>387</ele></trkpt>
   <trkpt lat="46.523368" lon="6.52026"><ele>387.25</ele></trkpt>
   <trkpt lat="46.522985" lon="6.519264"><ele>387.5</ele></trkpt>
   <trkpt lat="46.522614" lon="6.518334"><ele>386.5</ele></trkpt>
   <trkpt lat="46.522071" lon="6.517039"><ele>384.25</ele></trkpt>
   <trkpt lat="46.521783" lon="6.516378"><ele>383.5</ele></trkpt>
   <trkpt lat="46.520799" lon="6.51417"><ele>380.75</ele></trkpt>
   <trkpt lat="46.519226" lon="6.510641"><ele>379.75</ele></trkpt>
   <trkpt lat="46.518659" lon="6.509369"><ele>380.5</ele></trkpt>
   <trkpt lat="46.51807" lon="6.508049"><ele>380</ele></trkpt>
   <trkpt lat="46.515687" lon="6.502703"><ele>380.25</ele></trkpt>
   <trkpt lat="46.515444" lon="6.502136"><ele>379.25</ele></trkpt>
   <trkpt lat="46.515175" lon="6.501473"><ele>378.5</ele></trkpt>
   <trkpt lat="46.514967" lon="6.500939"><ele>379.5</ele></trkpt>
   <trkpt lat="46.514822" lon="6.500568"><ele>380.5</ele></trkpt>
   <trkpt lat="46.514659" lon="6.500178"><ele>381.75</ele></trkpt>
   <trkpt lat="46.514549" lon="6.499936"><ele>381.25</ele></trkpt>
   <trkpt lat="46.514234" lon="6.499275"><ele>381</ele></trkpt>
   <trkpt lat="46.514204" lon="6.499209"><ele>381</ele></trkpt>
   <trkpt lat="46.513843" lon="6.498395"><ele>381.25</ele></trkpt>
   <trkpt lat="46.513591" lon="6.497878"><ele>380.75</ele></trkpt>
   <trkpt lat="46.51333" lon="6.497388"><ele>380</ele></trkpt>
   <trkpt lat="46.512686" lon="6.496186"><ele>381</ele></trkpt>
   <trkpt lat="46.512381" lon="6.49564"><ele>381.75</ele></trkpt>
   <trkpt lat="46.511826" lon="6.49471"><ele>382</ele></trkpt>
   <trkpt lat="46.511328" lon="6.493922"><ele>381.5</ele></trkpt>
   <trkpt lat="46.511161" lon="6.493646"><ele>380.75</ele></trkpt>
   <trkpt lat="46.511328" lon="6.493922"><ele>381.5</ele></trkpt>
   <trkpt lat="46.511826" lon="6.49471"><ele>382</ele></trkpt>
   <trkpt lat="46.512381" lon="6.49564"><ele>381.75</ele></trkpt>
   <trkpt lat="46.512686" lon="6.496186"><ele>381</ele></trkpt>
   <trkpt lat="46.51333" lon="6.497388"><ele>380</ele></trkpt>
   <trkpt lat="46.513591" lon="6.497878"><ele>380.75</ele></trkpt>
   <trkpt lat="46.513843" lon="6.498395"><ele>381.25</ele></trkpt>
   <trkpt lat="46.514204" lon="6.499209"><ele>381</ele></trkpt>
   <trkpt lat="46.514234" lon="6.499275"><ele>381</ele></trkpt>
   <trkpt lat="46.514549" lon="6.499936"><ele>381.25</ele></trkpt>
   <trkpt lat="46.514659" lon="6.500178"><ele>381.75</ele></trkpt>
   <trkpt lat="46.514822" lon="6.500568"><ele>380.5</ele></trkpt>
   <trkpt lat="46.514967" lon="6.500939"><ele>379.5</ele></trkpt>
   <trkpt lat="46.515175" lon="6.501473"><ele>378.5</ele></trkpt>
   <trkpt lat="46.515444" lon="6.502136"><ele>379.25</ele></trkpt>
   <trkpt lat="46.515687" lon="6.502703"><ele>380.25</ele></trkpt>
   <trkpt lat="46.51807" lon="6.508049"><ele>380</ele></trkpt>
   <trkpt lat="46.518659" lon="6.509369"><ele>380.5</ele></trkpt>
   <trkpt lat="46.519226" lon="6.510641"><ele>379.75</ele></trkpt>
   <trkpt lat="46.520799" lon="6.51417"><ele>380.75</ele></trkpt>
   <trkpt lat="46.521783" lon="6.516378"><ele>383.5</ele></trkpt>
   <trkpt lat="46.522071" lon="6.517039"><ele>384.25</ele></trkpt>
   <trkpt lat="46.522614" lon="6.518334"><ele>386.5</ele></trkpt>
   <trkpt lat="46.522985" lon="6.519264"><ele>387.5</ele></trkpt>
   <trkpt lat="46.523368" lon="6.52026"><ele>387.25</ele></trkpt>
   <trkpt lat="46.5234" lon="6.520342"><ele>387</ele></trkpt>
   <trkpt lat="46.523468" lon="6.520523"><ele>387</ele></trkpt>
   <trkpt lat="46.524017" lon="6.522004"><ele>390</ele></trkpt>
   <trkpt lat="46.524469" lon="6.523283"><ele>390</ele></trkpt>
   <trkpt lat="46.524658" lon="6.523871"><ele>391</ele></trkpt>
   <trkpt lat="46.524815" lon="6.52442"><ele>391.75</ele></trkpt>
   <trkpt lat="46.525185" lon="6.525561"><ele>392</ele></trkpt>
   <trkpt lat="46.525614" lon="6.526967"><ele>392.75</ele></trkpt>
   <trkpt lat="46.526033" lon="6.528421"><ele>392.75</ele></trkpt>
   <trkpt lat="46.52656" lon="6.530375"><ele>394.5</ele></trkpt>
   <trkpt lat="46.526775" lon="6.531209"><ele>395</ele></trkpt>
   <trkpt lat="46.526928" lon="6.531817"><ele>396.25</ele></trkpt>
   <trkpt lat="46.527147" lon="6.532734"><ele>395.5</ele></trkpt>
   <trkpt lat="46.527443" lon="6.534051"><ele>396.75</ele></trkpt>
   <trkpt lat="46.528288" lon="6.5379"><ele>398.75</ele></trkpt>
   <trkpt lat="46.528416" lon="6.538448"><ele>398.25</ele></trkpt>
   <trkpt lat="46.528576" lon="6.539073"><ele>399</ele></trkpt>
   <trkpt lat="46.528679" lon="6.539439"><ele>399.75</ele></trkpt>
   <trkpt lat="46.528844" lon="6.539985"><ele>399</ele></trkpt>
   <trkpt lat="46.529057" lon="6.540625"><ele>399</ele></trkpt>
   <trkpt lat="46.529235" lon="6.541112"><ele>399</ele></trkpt>
   <trkpt lat="46.529386" lon="6.541502"><ele>397.5</ele></trkpt>
   <trkpt lat="46.529705" lon="6.542268"><ele>396.5</ele></trkpt>
   <trkpt lat="46.529869" lon="6.542631"><ele>396.25</ele></trkpt>
   <trkpt lat="46.530044" lon="6.542996"><ele>394.75</ele></trkpt>
   <trkpt lat="46.530221" lon="6.543347"><ele>395.75</ele></trkpt>
   <trkpt lat="46.530412" lon="6.543704"><ele>394.75</ele></trkpt>
   <trkpt lat="46.530775" lon="6.544351"><ele>395</ele></trkpt>
   <trkpt lat="46.533108" lon="6.54849"><ele>394.5</ele></trkpt>
   <trkpt lat="46.533294" lon="6.548819"><ele>397.25</ele></trkpt>
   <trkpt lat="46.533721" lon="6.549575"><ele>395.75</ele></trkpt>
   <trkpt lat="46.534795" lon="6.551478"><ele>391</ele></trkpt>
   <trkpt lat="46.535166" lon="6.552138"><ele>386.75</ele></trkpt>
   <trkpt lat="46.535524" lon="6.552772"><ele>392</ele></trkpt>
   <trkpt lat="46.535853" lon="6.553329"><ele>395</ele></trkpt>
   <trkpt lat="46.536082" lon="6.553682"><ele>396</ele></trkpt>
   <trkpt lat="46.536336" lon="6.554035"><ele>397.25</ele></trkpt>
   <trkpt lat="46.536614" lon="6.554387"><ele>397.75</ele></trkpt>
   <trkpt lat="46.536905" lon="6.554719"><ele>397.5</ele></trkpt>
   <trkpt lat="46.537054" lon="6.554878"><ele>399</ele></trkpt>
   <trkpt lat="46.53722" lon="6.555041"><ele>398.75</ele></trkpt>
   <trkpt lat="46.537476" lon="6.555277"><ele>398.25</ele></trkpt>
   <trkpt lat="46.537741" lon="6.555499"><ele>399</ele></trkpt>
   <trkpt lat="46.537886" lon="6.55561"><ele>399.5</ele></trkpt>
   <trkpt lat="46.538189" lon="6.555826"><ele>399.5</ele></trkpt>
   <trkpt lat="46.538361" lon="6.555937"><ele>399.5</ele></trkpt>
   <trkpt lat="46.538632" lon="6.556091"><ele>399.75</ele></trkpt>
   <trkpt lat="46.539046" lon="6.556288"><ele>400</ele></trkpt>
   <trkpt lat="46.539604" lon="6.556526"><ele>400</ele></trkpt>
   <trkpt lat="46.539853" lon="6.556641"><ele>400.5</ele></trkpt>
   <trkpt lat="46.540158" lon="6.556804"><ele>401</ele></trkpt>
   <trkpt lat="46.540396" lon="6.556955"><ele>401.25</ele></trkpt>
   <trkpt lat="46.540749" lon="6.557221"><ele>401.5</ele></trkpt>
   <trkpt lat="46.540963" lon="6.557405"><ele>402.75</ele></trkpt>
   <trkpt lat="46.54124" lon="6.557678"><ele>403.5</ele></trkpt>
   <trkpt lat="46.541396" lon="6.557848"><ele>403.25</ele></trkpt>
   <trkpt lat="46.54157" lon="6.558054"><ele>403.25</ele></trkpt>
   <trkpt lat="46.541792" lon="6.558344"><ele>404.5</ele></trkpt>
   <trkpt lat="46.541905" lon="6.558507"><ele>404</ele></trkpt>
   <trkpt lat="46.542088" lon="6.558791"><ele>404.75</ele></trkpt>
   <trkpt lat="46.542281" lon="6.559125"><ele>405</ele></trkpt>
   <trkpt lat="46.542437" lon="6.55943"><ele>405.5</ele></trkpt>
   <trkpt lat="46.542636" lon="6.559866"><ele>406</ele></trkpt>
   <trkpt lat="46.542755" lon="6.560166"><ele>405.5</ele></trkpt>
   <trkpt lat="46.542911" lon="6.560611"><ele>406.5</ele></trkpt>
   <trkpt lat="46.54306" lon="6.561128"><ele>406</ele></trkpt>
   <trkpt lat="46.543144" lon="6.561477"><ele>407.25</ele></trkpt>
   <trkpt lat="46.543147" lon="6.561493"><ele>407.25</ele></trkpt>
   <trkpt lat="46.543238" lon="6.561954"><ele>407.5</ele></trkpt>
   <trkpt lat="46.543311" lon="6.562447"><ele>407</ele></trkpt>
   <trkpt lat="46.543343" lon="6.562738"><ele>407</ele></trkpt>
   <trkpt lat="46.543373" lon="6.563104"><ele>409.5</ele></trkpt>
   <trkpt lat="46.543393" lon="6.563528"><ele>411</ele></trkpt>
   <trkpt lat="46.543397" lon="6.56383"><ele>410.5</ele></trkpt>
   <trkpt lat="46.543395" lon="6.564069"><ele>410</ele></trkpt>
   <trkpt lat="46.543376" lon="6.564523"><ele>409.5</ele></trkpt>
   <trkpt lat="46.54332" lon="6.565161"><ele>409.5</ele></trkpt>
   <trkpt lat="46.54326" lon="6.565599"><ele>411.5</ele></trkpt>
   <trkpt lat="46.543206" lon="6.56591"><ele>414</ele></trkpt>
   <trkpt lat="46.543162" lon="6.566142"><ele>413.25</ele></trkpt>
   <trkpt lat="46.543078" lon="6.566508"><ele>410.75</ele></trkpt>
   <trkpt lat="46.542968" lon="6.566916"><ele>413.75</ele></trkpt>
   <trkpt lat="46.542789" lon="6.567489"><ele>412</ele></trkpt>
   <trkpt lat="46.54236" lon="6.56874"><ele>411.5</ele></trkpt>
   <trkpt lat="46.542093" lon="6.569481"><ele>411.5</ele></trkpt>
   <trkpt lat="46.542002" lon="6.569709"><ele>412</ele></trkpt>
   <trkpt lat="46.541812" lon="6.570151"><ele>412.5</ele></trkpt>
   <trkpt lat="46.541571" lon="6.570666"><ele>412.5</ele></trkpt>
   <trkpt lat="46.541323" lon="6.57117"><ele>412.25</ele></trkpt>
   <trkpt lat="46.54093" lon="6.571922"><ele>413</ele></trkpt>
   <trkpt lat="46.540564" lon="6.572596"><ele>414</ele></trkpt>
   <trkpt lat="46.540044" lon="6.573573"><ele>414.75</ele></trkpt>
   <trkpt lat="46.539975" lon="6.573705"><ele>415</ele></trkpt>
   <trkpt lat="46.539818" lon="6.574045"><ele>415.25</ele></trkpt>
   <trkpt lat="46.539668" lon="6.57442"><ele>415.75</ele></trkpt>
   <trkpt lat="46.53956" lon="6.574695"><ele>415.75</ele></trkpt>
   <trkpt lat="46.539391" lon="6.575115"><ele>416</ele></trkpt>
   <trkpt lat="46.539032" lon="6.576019"><ele>416</ele></trkpt>
   <trkpt lat="46.538656" lon="6.57674"><ele>416</ele></trkpt>
   <trkpt lat="46.538319" lon="6.577429"><ele>416</ele></trkpt>
   <trkpt lat="46.537898" lon="6.578313"><ele>416.75</ele></trkpt>
   <trkpt lat="46.537674" lon="6.578749"><ele>416.25</ele></trkpt>
   <trkpt lat="46.537275" lon="6.579479"><ele>416</ele></trkpt>
   <trkpt lat="46.537047" lon="6.5799"><ele>416</ele></trkpt>
   <trkpt lat="46.536345" lon="6.58124"><ele>414.75</ele></trkpt>
   <trkpt lat="46.535805" lon="6.582269"><ele>415</ele></trkpt>
   <trkpt lat="46.53466" lon="6.584463"><ele>415</ele></trkpt>
   <trkpt lat="46.534508" lon="6.584767"><ele>415</ele></trkpt>
   <trkpt lat="46.534499" lon="6.584786"><ele>415</ele></trkpt>
   <trkpt lat="46.534247" lon="6.585295"><ele>415</ele></trkpt>
   <trkpt lat="46.533312" lon="6.587228"><ele>416</ele></trkpt>
   <trkpt lat="46.532673" lon="6.588498"><ele>417</ele></trkpt>
   <trkpt lat="46.532613" lon="6.588614"><ele>416.75</ele></trkpt>
   <trkpt lat="46.531963" lon="6.589854"><ele>418.25</ele></trkpt>
   <trkpt lat="46.53139" lon="6.590945"><ele>419</ele></trkpt>
   <trkpt lat="46.531352" lon="6.591019"><ele>419</ele></trkpt>
   <trkpt lat="46.531296" lon="6.591126"><ele>419.25</ele></trkpt>
   <trkpt lat="46.531129" lon="6.591448"><ele>419.75</ele></trkpt>
   <trkpt lat="46.530706" lon="6.592282"><ele>421</ele></trkpt>
   <trkpt lat="46.530244" lon="6.593214"><ele>421</ele></trkpt>
   <trkpt lat="46.529997" lon="6.593748"><ele>422</ele></trkpt>
   <trkpt lat="46.529758" lon="6.594302"><ele>423</ele></trkpt>
   <trkpt lat="46.529587" lon="6.594735"><ele>423</ele></trkpt>
   <trkpt lat="46.52932" lon="6.595452"><ele>424.5</ele></trkpt>
   <trkpt lat="46.52886" lon="6.596785"><ele>425.25</ele></trkpt>
   <trkpt lat="46.5279" lon="6.59957"><ele>428.75</ele></trkpt>
   <trkpt lat="46.527529" lon="6.600605"><ele>428.25</ele></trkpt>
   <trkpt lat="46.52742" lon="6.600899"><ele>429</ele></trkpt>
   <trkpt lat="46.527227" lon="6.601433"><ele>429</ele></trkpt>
   <trkpt lat="46.526776" lon="6.602731"><ele>429.25</ele></trkpt>
   <trkpt lat="46.526671" lon="6.603035"><ele>429</ele></trkpt>
   <trkpt lat="46.526558" lon="6.603369"><ele>428.25</ele></trkpt>
   <trkpt lat="46.526302" lon="6.604143"><ele>429.5</ele></trkpt>
   <trkpt lat="46.526123" lon="6.604694"><ele>431.75</ele></trkpt>
   <trkpt lat="46.525901" lon="6.605382"><ele>432</ele></trkpt>
   <trkpt lat="46.525477" lon="6.606621"><ele>434</ele></trkpt>
   <trkpt lat="46.524762" lon="6.608705"><ele>436.25</ele></trkpt>
   <trkpt lat="46.524105" lon="6.610603"><ele>438.25</ele></trkpt>
   <trkpt lat="46.523879" lon="6.611199"><ele>438.5</ele></trkpt>
   <trkpt lat="46.523682" lon="6.611663"><ele>440.25</ele></trkpt>
   <trkpt lat="46.523549" lon="6.611963"><ele>438.75</ele></trkpt>
   <trkpt lat="46.523409" lon="6.612257"><ele>440.25</ele></trkpt>
   <trkpt lat="46.523255" lon="6.61257"><ele>440.25</ele></trkpt>
   <trkpt lat="46.523107" lon="6.612846"><ele>440.5</ele></trkpt>
   <trkpt lat="46.522951" lon="6.613129"><ele>440.25</ele></trkpt>
   <trkpt lat="46.522782" lon="6.613409"><ele>439.75</ele></trkpt>
   <trkpt lat="46.522616" lon="6.613672"><ele>440.5</ele></trkpt>
   <trkpt lat="46.522431" lon="6.613941"><ele>440.5</ele></trkpt>
   <trkpt lat="46.522307" lon="6.614122"><ele>441</ele></trkpt>
   <trkpt lat="46.521689" lon="6.614966"><ele>441.25</ele></trkpt>
   <trkpt lat="46.521005" lon="6.615893"><ele>446</ele></trkpt>
   <trkpt lat="46.520877" lon="6.616068"><ele>443.5</ele></trkpt>
   <trkpt lat="46.519977" lon="6.617283"><ele>446.5</ele></trkpt>
   <trkpt lat="46.519865" lon="6.617434"><ele>448.75</ele></trkpt>
   <trkpt lat="46.519667" lon="6.617727"><ele>448.25</ele></trkpt>
   <trkpt lat="46.519487" lon="6.618018"><ele>447</ele></trkpt>
   <trkpt lat="46.519379" lon="6.618211"><ele>449</ele></trkpt>
   <trkpt lat="46.519269" lon="6.618421"><ele>449.25</ele></trkpt>
   <trkpt lat="46.519128" lon="6.618728"><ele>446.5</ele></trkpt>
   <trkpt lat="46.519037" lon="6.61895"><ele>447.75</ele></trkpt>
   <trkpt lat="46.518961" lon="6.619163"><ele>447.5</ele></trkpt>
   <trkpt lat="46.51882" lon="6.619605"><ele>446.25</ele></trkpt>
   <trkpt lat="46.518737" lon="6.619909"><ele>446.75</ele></trkpt>
   <trkpt lat="46.518656" lon="6.62027"><ele>447</ele></trkpt>
   <trkpt lat="46.518652" lon="6.620289"><ele>447</ele></trkpt>
   <trkpt lat="46.518597" lon="6.620573"><ele>446.75</ele></trkpt>
   <trkpt lat="46.518429" lon="6.621561"><ele>447</ele></trkpt>
   <trkpt lat="46.518345" lon="6.621963"><ele>446.75</ele></trkpt>
   <trkpt lat="46.518142" lon="6.622785"><ele>447</ele></trkpt>
   <trkpt lat="46.517975" lon="6.623506"><ele>447</ele></trkpt>
   <trkpt lat="46.517881" lon="6.623915"><ele>447</ele></trkpt>
   <trkpt lat="46.517739" lon="6.62434"><ele>446.5</ele></trkpt>
   <trkpt lat="46.517596" lon="6.624775"><ele>447</ele></trkpt>
   <trkpt lat="46.517457" lon="6.625198"><ele>446</ele></trkpt>
   <trkpt lat="46.517394" lon="6.625395"><ele>444.75</ele></trkpt>
   <trkpt lat="46.51731" lon="6.625645"><ele>444.5</ele></trkpt>
   <trkpt lat="46.517251" lon="6.625826"><ele>446.75</ele></trkpt>
   <trkpt lat="46.517016" lon="6.626443"><ele>445.75</ele></trkpt>
   <trkpt lat="46.516823" lon="6.626945"><ele>446</ele></trkpt>
   <trkpt lat="46.516725" lon="6.627266"><ele>447</ele></trkpt>
   <trkpt lat="46.516609" lon="6.627719"><ele>445</ele></trkpt>
   <trkpt lat="46.516567" lon="6.627902"><ele>444.25</ele></trkpt>
   <trkpt lat="46.51651" lon="6.628196"><ele>444</ele></trkpt>
   <trkpt lat="46.516438" lon="6.628626"><ele>446</ele></trkpt>
   <trkpt lat="46.516379" lon="6.62908"><ele>446.5</ele></trkpt>
   <trkpt lat="46.516112" lon="6.630944"><ele>447</ele></trkpt>
   <trkpt lat="46.516033" lon="6.631298"><ele>445</ele></trkpt>
   <trkpt lat="46.515973" lon="6.63151"><ele>444.75</ele></trkpt>
   <trkpt lat="46.515931" lon="6.631631"><ele>445.25</ele></trkpt>
   <trkpt lat="46.515922" lon="6.631654"><ele>445.5</ele></trkpt>
   <trkpt lat="46.515764" lon="6.632054"><ele>445.5</ele></trkpt>
   <trkpt lat="46.51564" lon="6.632352"><ele>446.25</ele></trkpt>
   <trkpt lat="46.515573" lon="6.632498"><ele>446.75</ele></trkpt>
   <trkpt lat="46.515498" lon="6.632642"><ele>445.5</ele></trkpt>
   <trkpt lat="46.515435" lon="6.63276"><ele>444.25</ele></trkpt>
   <trkpt lat="46.51533" lon="6.632945"><ele>445</ele></trkpt>
   <trkpt lat="46.515239" lon="6.6331"><ele>446.25</ele></trkpt>
   <trkpt lat="46.515038" lon="6.633452"><ele>446.75</ele></trkpt>
   <trkpt lat="46.514932" lon="6.633633"><ele>446.75</ele></trkpt>
   <trkpt lat="46.514829" lon="6.63381"><ele>446.25</ele></trkpt>
   <trkpt lat="46.51441" lon="6.634397"><ele>446</ele></trkpt>
   <trkpt lat="46.514229" lon="6.634691"><ele>446</ele></trkpt>
   <trkpt lat="46.514061" lon="6.635012"><ele>445.75</ele></trkpt>
   <trkpt lat="46.51394" lon="6.635279"><ele>447</ele></trkpt>
   <trkpt lat="46.513786" lon="6.635685"><ele>447.75</ele></trkpt>
   <trkpt lat="46.513722" lon="6.635881"><ele>447.5</ele></trkpt>
   <trkpt lat="46.513605" lon="6.63629"><ele>446.5</ele></trkpt>
   <trkpt lat="46.513559" lon="6.636464"><ele>447.5</ele></trkpt>
   <trkpt lat="46.51348" lon="6.636816"><ele>448.5</ele></trkpt>
   <trkpt lat="46.513431" lon="6.637059"><ele>448</ele></trkpt>
   <trkpt lat="46.513381" lon="6.637349"><ele>447.75</ele></trkpt>
   <trkpt lat="46.513334" lon="6.637676"><ele>447.5</ele></trkpt>
   <trkpt lat="46.513287" lon="6.638099"><ele>449</ele></trkpt>
   <trkpt lat="46.513259" lon="6.638462"><ele>449.5</ele></trkpt>
   <trkpt lat="46.513242" lon="6.638852"><ele>449.25</ele></trkpt>
   <trkpt lat="46.513238" lon="6.639366"><ele>447.75</ele></trkpt>
   <trkpt lat="46.51324" lon="6.639442"><ele>447.5</ele></trkpt>
   <trkpt lat="46.513256" lon="6.639842"><ele>449.5</ele></trkpt>
   <trkpt lat="46.513275" lon="6.640117"><ele>450.25</ele></trkpt>
   <trkpt lat="46.513332" lon="6.640662"><ele>450.5</ele></trkpt>
   <trkpt lat="46.513412" lon="6.641188"><ele>449.5</ele></trkpt>
   <trkpt lat="46.51348" lon="6.641538"><ele>450</ele></trkpt>
   <trkpt lat="46.513528" lon="6.641752"><ele>450.5</ele></trkpt>
   <trkpt lat="46.513654" lon="6.642245"><ele>451</ele></trkpt>
   <trkpt lat="46.514045" lon="6.643555"><ele>448.5</ele></trkpt>
   <trkpt lat="46.514213" lon="6.644192"><ele>451</ele></trkpt>
   <trkpt lat="46.514277" lon="6.644468"><ele>450</ele></trkpt>
   <trkpt lat="46.514308" lon="6.644611"><ele>450.75</ele></trkpt>
   <trkpt lat="46.514372" lon="6.644919"><ele>453</ele></trkpt>
   <trkpt lat="46.51445" lon="6.645337"><ele>455.5</ele></trkpt>
   <trkpt lat="46.514541" lon="6.645928"><ele>453.5</ele></trkpt>
   <trkpt lat="46.514595" lon="6.646354"><ele>454.25</ele></trkpt>
   <trkpt lat="46.514636" lon="6.646758"><ele>456.25</ele></trkpt>
   <trkpt lat="46.514672" lon="6.647218"><ele>457.75</ele></trkpt>
   <trkpt lat="46.514694" lon="6.64759"><ele>459</ele></trkpt>
   <trkpt lat="46.51471" lon="6.648097"><ele>459.75</ele></trkpt>
   <trkpt lat="46.514716" lon="6.648654"><ele>460.75</ele></trkpt>
   <trkpt lat="46.514725" lon="6.654431"><ele>467.75</ele></trkpt>
   <trkpt lat="46.514727" lon="6.656172"><ele>470.25</ele></trkpt>
   <trkpt lat="46.514727" lon="6.656182"><ele>470.25</ele></trkpt>
   <trkpt lat="46.51473" lon="6.658029"><ele>473.75</ele></trkpt>
   <trkpt lat="46.514738" lon="6.663521"><ele>476.5</ele></trkpt>
   <trkpt lat="46.514738" lon="6.663741"><ele>477.5</ele></trkpt>
   <trkpt lat="46.51474" lon="6.664611"><ele>482</ele></trkpt>
   <trkpt lat="46.514743" lon="6.667003"><ele>485.25</ele></trkpt>
   <trkpt lat="46.514745" lon="6.668068"><ele>488.5</ele></trkpt>
   <trkpt lat="46.514745" lon="6.668077"><ele>488.5</ele></trkpt>
   <trkpt lat="46.514748" lon="6.668774"><ele>490.5</ele></trkpt>
   <trkpt lat="46.51477" lon="6.669246"><ele>491.75</ele></trkpt>
   <trkpt lat="46.514786" lon="6.669445"><ele>492.25</ele></trkpt>
   <trkpt lat="46.514831" lon="6.669828"><ele>494</ele></trkpt>
   <trkpt lat="46.514859" lon="6.670019"><ele>494.25</ele></trkpt>
   <trkpt lat="46.515073" lon="6.671268"><ele>497.75</ele></trkpt>
   <trkpt lat="46.515124" lon="6.671695"><ele>496.25</ele></trkpt>
   <trkpt lat="46.515146" lon="6.671989"><ele>496.75</ele></trkpt>
   <trkpt lat="46.515154" lon="6.672147"><ele>497.25</ele></trkpt>
   <trkpt lat="46.515162" lon="6.672511"><ele>498</ele></trkpt>
   <trkpt lat="46.51516" lon="6.672701"><ele>498.5</ele></trkpt>
   <trkpt lat="46.515146" lon="6.673047"><ele>499.25</ele></trkpt>
   <trkpt lat="46.515123" lon="6.673366"><ele>500</ele></trkpt>
   <trkpt lat="46.515094" lon="6.673641"><ele>500.75</ele></trkpt>
   <trkpt lat="46.515062" lon="6.673877"><ele>501.25</ele></trkpt>
   <trkpt lat="46.515007" lon="6.674197"><ele>502</ele></trkpt>
   <trkpt lat="46.514949" lon="6.674484"><ele>502.5</ele></trkpt>
   <trkpt lat="46.514947" lon="6.67449"><ele>502.75</ele></trkpt>
   <trkpt lat="46.51483" lon="6.674963"><ele>502.75</ele></trkpt>
   <trkpt lat="46.514722" lon="6.675317"><ele>498</ele></trkpt>
   <trkpt lat="46.514591" lon="6.675686"><ele>496.25</ele></trkpt>
   <trkpt lat="46.51445" lon="6.67603"><ele>497.75</ele></trkpt>
   <trkpt lat="46.514389" lon="6.67616"><ele>496.75</ele></trkpt>
   <trkpt lat="46.514246" lon="6.676452"><ele>496</ele></trkpt>
   <trkpt lat="46.514189" lon="6.676555"><ele>497.75</ele></trkpt>
   <trkpt lat="46.514036" lon="6.676819"><ele>500.75</ele></trkpt>
   <trkpt lat="46.513943" lon="6.676963"><ele>500.75</ele></trkpt>
   <trkpt lat="46.513722" lon="6.67728"><ele>500</ele></trkpt>
   <trkpt lat="46.513241" lon="6.677922"><ele>500.75</ele></trkpt>
   <trkpt lat="46.512844" lon="6.678447"><ele>500.5</ele></trkpt>
   <trkpt lat="46.512716" lon="6.678616"><ele>500.75</ele></trkpt>
   <trkpt lat="46.512607" lon="6.678767"><ele>500.5</ele></trkpt>
   <trkpt lat="46.512111" lon="6.679508"><ele>500.75</ele></trkpt>
   <trkpt lat="46.512071" lon="6.679568"><ele>501.25</ele></trkpt>
   <trkpt lat="46.511941" lon="6.679769"><ele>502</ele></trkpt>
   <trkpt lat="46.511848" lon="6.679926"><ele>504.5</ele></trkpt>
   <trkpt lat="46.511758" lon="6.680095"><ele>504.25</ele></trkpt>
   <trkpt lat="46.511675" lon="6.680264"><ele>502.25</ele></trkpt>
   <trkpt lat="46.511541" lon="6.68058"><ele>507.25</ele></trkpt>
   <trkpt lat="46.511428" lon="6.680897"><ele>503</ele></trkpt>
   <trkpt lat="46.511338" lon="6.681207"><ele>501.75</ele></trkpt>
   <trkpt lat="46.511261" lon="6.681544"><ele>505</ele></trkpt>
   <trkpt lat="46.51121" lon="6.681827"><ele>505.5</ele></trkpt>
   <trkpt lat="46.511167" lon="6.682151"><ele>504</ele></trkpt>
   <trkpt lat="46.511146" lon="6.682363"><ele>502.75</ele></trkpt>
   <trkpt lat="46.511126" lon="6.682705"><ele>501.5</ele></trkpt>
   <trkpt lat="46.51112" lon="6.683075"><ele>501</ele></trkpt>
   <trkpt lat="46.511132" lon="6.683684"><ele>501</ele></trkpt>
   <trkpt lat="46.511149" lon="6.684075"><ele>501.5</ele></trkpt>
   <trkpt lat="46.511197" lon="6.684792"><ele>501</ele></trkpt>
   <trkpt lat="46.511234" lon="6.685188"><ele>498.75</ele></trkpt>
   <trkpt lat="46.511293" lon="6.685736"><ele>500.25</ele></trkpt>
   <trkpt lat="46.511362" lon="6.686306"><ele>504</ele></trkpt>
   <trkpt lat="46.51191" lon="6.690764"><ele>511.25</ele></trkpt>
   <trkpt lat="46.511976" lon="6.691349"><ele>513.25</ele></trkpt>
   <trkpt lat="46.51201" lon="6.691753"><ele>516</ele></trkpt>
   <trkpt lat="46.512034" lon="6.692243"><ele>517.75</ele></trkpt>
   <trkpt lat="46.512039" lon="6.692543"><ele>514</ele></trkpt>
   <trkpt lat="46.512038" lon="6.692605"><ele>513.25</ele></trkpt>
   <trkpt lat="46.512035" lon="6.692854"><ele>512</ele></trkpt>
   <trkpt lat="46.512011" lon="6.693305"><ele>511.75</ele></trkpt>
   <trkpt lat="46.511972" lon="6.693709"><ele>513.75</ele></trkpt>
   <trkpt lat="46.511916" lon="6.69411"><ele>514</ele></trkpt>
   <trkpt lat="46.511839" lon="6.694528"><ele>512</ele></trkpt>
   <trkpt lat="46.511749" lon="6.694915"><ele>516.5</ele></trkpt>
   <trkpt lat="46.511621" lon="6.695367"><ele>522.25</ele></trkpt>
   <trkpt lat="46.511543" lon="6.695603"><ele>527</ele></trkpt>
   <trkpt lat="46.511384" lon="6.696028"><ele>521.75</ele></trkpt>
   <trkpt lat="46.511266" lon="6.696307"><ele>527</ele></trkpt>
   <trkpt lat="46.511014" lon="6.696821"><ele>526.5</ele></trkpt>
   <trkpt lat="46.510006" lon="6.698713"><ele>522.75</ele></trkpt>
   <trkpt lat="46.509715" lon="6.699245"><ele>521.25</ele></trkpt>
   <trkpt lat="46.50951" lon="6.699588"><ele>524.25</ele></trkpt>
   <trkpt lat="46.509332" lon="6.699857"><ele>524.5</ele></trkpt>
   <trkpt lat="46.509202" lon="6.700039"><ele>525.25</ele></trkpt>
   <trkpt lat="46.508952" lon="6.700355"><ele>525.25</ele></trkpt>
   <trkpt lat="46.508735" lon="6.700602"><ele>525.75</ele></trkpt>
   <trkpt lat="46.508446" lon="6.700891"><ele>526.5</ele></trkpt>
   <trkpt lat="46.508275" lon="6.701045"><ele>528.25</ele></trkpt>
   <trkpt lat="46.508076" lon="6.701209"><ele>528.75</ele></trkpt>
   <trkpt lat="46.507758" lon="6.70144"><ele>528</ele></trkpt>
   <trkpt lat="46.507382" lon="6.701677"><ele>529.5</ele></trkpt>
   <trkpt lat="46.507314" lon="6.701718"><ele>530.25</ele></trkpt>
   <trkpt lat="46.505907" lon="6.702559"><ele>535.5</ele></trkpt>
   <trkpt lat="46.505395" lon="6.702889"><ele>537.75</ele></trkpt>
   <trkpt lat="46.504545" lon="6.703472"><ele>541.5</ele></trkpt>
   <trkpt lat="46.504274" lon="6.703668"><ele>543</ele></trkpt>
   <trkpt lat="46.504014" lon="6.703881"><ele>543</ele></trkpt>
   <trkpt lat="46.503821" lon="6.704062"><ele>545.25</ele></trkpt>
   <trkpt lat="46.503623" lon="6.704273"><ele>543.25</ele></trkpt>
   <trkpt lat="46.503419" lon="6.704518"><ele>542.25</ele></trkpt>
   <trkpt lat="46.503123" lon="6.704933"><ele>540.25</ele></trkpt>
   <trkpt lat="46.502915" lon="6.705269"><ele>539.75</ele></trkpt>
   <trkpt lat="46.502713" lon="6.705634"><ele>539</ele></trkpt>
   <trkpt lat="46.502616" lon="6.70583"><ele>540</ele></trkpt>
   <trkpt lat="46.502422" lon="6.706265"><ele>541</ele></trkpt>
   <trkpt lat="46.50228" lon="6.706629"><ele>543.75</ele></trkpt>
   <trkpt lat="46.502144" lon="6.707033"><ele>548.75</ele></trkpt>
   <trkpt lat="46.501997" lon="6.707534"><ele>547.75</ele></trkpt>
   <trkpt lat="46.501904" lon="6.707897"><ele>548.25</ele></trkpt>
   <trkpt lat="46.501799" lon="6.708405"><ele>552.25</ele></trkpt>
   <trkpt lat="46.501657" lon="6.70922"><ele>546.75</ele></trkpt>
   <trkpt lat="46.501585" lon="6.709587"><ele>546.25</ele></trkpt>
   <trkpt lat="46.501469" lon="6.710063"><ele>547.5</ele></trkpt>
   <trkpt lat="46.501364" lon="6.710401"><ele>547.5</ele></trkpt>
   <trkpt lat="46.501254" lon="6.710709"><ele>547.5</ele></trkpt>
   <trkpt lat="46.501098" lon="6.71108"><ele>548.5</ele></trkpt>
   <trkpt lat="46.50097" lon="6.711344"><ele>548</ele></trkpt>
   <trkpt lat="46.500942" lon="6.711398"><ele>548.25</ele></trkpt>
   <trkpt lat="46.50074" lon="6.711755"><ele>548.5</ele></trkpt>
   <trkpt lat="46.500458" lon="6.712169"><ele>546.75</ele></trkpt>
   <trkpt lat="46.500288" lon="6.712383"><ele>549.5</ele></trkpt>
   <trkpt lat="46.500196" lon="6.712486"><ele>549.75</ele></trkpt>
   <trkpt lat="46.500096" lon="6.712593"><ele>550.25</ele></trkpt>
   <trkpt lat="46.499922" lon="6.712761"><ele>550</ele></trkpt>
   <trkpt lat="46.499762" lon="6.712898"><ele>551</ele></trkpt>
   <trkpt lat="46.499568" lon="6.713043"><ele>552</ele></trkpt>
   <trkpt lat="46.499323" lon="6.713204"><ele>553.5</ele></trkpt>
   <trkpt lat="46.498724" lon="6.713574"><ele>555.75</ele></trkpt>
   <trkpt lat="46.498433" lon="6.713784"><ele>553.25</ele></trkpt>
   <trkpt lat="46.498277" lon="6.713915"><ele>554.5</ele></trkpt>
   <trkpt lat="46.498039" lon="6.714141"><ele>556.75</ele></trkpt>
   <trkpt lat="46.497844" lon="6.714356"><ele>558.75</ele></trkpt>
   <trkpt lat="46.497629" lon="6.714626"><ele>557.5</ele></trkpt>
   <trkpt lat="46.497457" lon="6.714872"><ele>558.5</ele></trkpt>
   <trkpt lat="46.497316" lon="6.715097"><ele>559</ele></trkpt>
   <trkpt lat="46.497108" lon="6.715478"><ele>559.25</ele></trkpt>
   <trkpt lat="46.496997" lon="6.71571"><ele>559.75</ele></trkpt>
   <trkpt lat="46.49686" lon="6.716037"><ele>559.75</ele></trkpt>
   <trkpt lat="46.496754" lon="6.716331"><ele>561.25</ele></trkpt>
   <trkpt lat="46.496646" lon="6.716687"><ele>562.75</ele></trkpt>
   <trkpt lat="46.496554" lon="6.717054"><ele>568</ele></trkpt>
   <trkpt lat="46.496474" lon="6.717427"><ele>567.75</ele></trkpt>
   <trkpt lat="46.496418" lon="6.717809"><ele>564.5</ele></trkpt>
   <trkpt lat="46.496375" lon="6.718228"><ele>564.25</ele></trkpt>
   <trkpt lat="46.496358" lon="6.718502"><ele>563.25</ele></trkpt>
   <trkpt lat="46.49635" lon="6.718859"><ele>562.5</ele></trkpt>
   <trkpt lat="46.496354" lon="6.719128"><ele>562.5</ele></trkpt>
   <trkpt lat="46.496366" lon="6.719418"><ele>563</ele></trkpt>
   <trkpt lat="46.496387" lon="6.719698"><ele>563.75</ele></trkpt>
   <trkpt lat="46.496434" lon="6.720087"><ele>564.25</ele></trkpt>
   <trkpt lat="46.496485" lon="6.720425"><ele>562.25</ele></trkpt>
   <trkpt lat="46.496827" lon="6.722364"><ele>565</ele></trkpt>
   <trkpt lat="46.497394" lon="6.725558"><ele>561.75</ele></trkpt>
   <trkpt lat="46.497409" lon="6.725648"><ele>562</ele></trkpt>
   <trkpt lat="46.497461" lon="6.725984"><ele>563.25</ele></trkpt>
   <trkpt lat="46.497529" lon="6.7265"><ele>565</ele></trkpt>
   <trkpt lat="46.497578" lon="6.726791"><ele>569.5</ele></trkpt>
   <trkpt lat="46.497647" lon="6.727134"><ele>579.5</ele></trkpt>
   <trkpt lat="46.498516" lon="6.732077"><ele>579.5</ele></trkpt>
   <trkpt lat="46.498661" lon="6.732919"><ele>571.25</ele></trkpt>
   <trkpt lat="46.498718" lon="6.733324"><ele>570.25</ele></trkpt>
   <trkpt lat="46.498737" lon="6.733506"><ele>569.25</ele></trkpt>
   <trkpt lat="46.498761" lon="6.733808"><ele>568</ele></trkpt>
   <trkpt lat="46.498776" lon="6.734134"><ele>567.25</ele></trkpt>
   <trkpt lat="46.498779" lon="6.734481"><ele>565.75</ele></trkpt>
   <trkpt lat="46.498767" lon="6.734867"><ele>564.75</ele></trkpt>
   <trkpt lat="46.498747" lon="6.735168"><ele>564.75</ele></trkpt>
   <trkpt lat="46.498712" lon="6.735502"><ele>566.75</ele></trkpt>
   <trkpt lat="46.498669" lon="6.735804"><ele>570.75</ele></trkpt>
   <trkpt lat="46.49861" lon="6.736134"><ele>572</ele></trkpt>
   <trkpt lat="46.498524" lon="6.736521"><ele>571</ele></trkpt>
   <trkpt lat="46.49844" lon="6.736829"><ele>571</ele></trkpt>
   <trkpt lat="46.498391" lon="6.736991"><ele>572.25</ele></trkpt>
   <trkpt lat="46.49827" lon="6.737346"><ele>571.25</ele></trkpt>
   <trkpt lat="46.498202" lon="6.737527"><ele>570</ele></trkpt>
   <trkpt lat="46.49768" lon="6.738722"><ele>573.25</ele></trkpt>
   <trkpt lat="46.497515" lon="6.739147"><ele>576.75</ele></trkpt>
   <trkpt lat="46.497428" lon="6.739398"><ele>575.75</ele></trkpt>
   <trkpt lat="46.497302" lon="6.739818"><ele>578</ele></trkpt>
   <trkpt lat="46.497187" lon="6.740298"><ele>578.5</ele></trkpt>
   <trkpt lat="46.497093" lon="6.74082"><ele>577.25</ele></trkpt>
   <trkpt lat="46.49704" lon="6.74122"><ele>579</ele></trkpt>
   <trkpt lat="46.496625" lon="6.74504"><ele>585.75</ele></trkpt>
   <trkpt lat="46.496569" lon="6.745497"><ele>584</ele></trkpt>
   <trkpt lat="46.496496" lon="6.745967"><ele>584</ele></trkpt>
   <trkpt lat="46.496454" lon="6.746179"><ele>584.75</ele></trkpt>
   <trkpt lat="46.496375" lon="6.746525"><ele>587.5</ele></trkpt>
   <trkpt lat="46.496328" lon="6.746698"><ele>587.75</ele></trkpt>
   <trkpt lat="46.496205" lon="6.747101"><ele>588.5</ele></trkpt>
   <trkpt lat="46.496046" lon="6.747527"><ele>587.75</ele></trkpt>
   <trkpt lat="46.495928" lon="6.747803"><ele>588.25</ele></trkpt>
   <trkpt lat="46.495721" lon="6.748226"><ele>586.5</ele></trkpt>
   <trkpt lat="46.49555" lon="6.748523"><ele>588.75</ele></trkpt>
   <trkpt lat="46.495316" lon="6.748884"><ele>590.75</ele></trkpt>
   <trkpt lat="46.495149" lon="6.749107"><ele>589.25</ele></trkpt>
   <trkpt lat="46.494885" lon="6.749425"><ele>590.75</ele></trkpt>
   <trkpt lat="46.494385" lon="6.74998"><ele>592.25</ele></trkpt>
   <trkpt lat="46.494177" lon="6.750228"><ele>593.75</ele></trkpt>
   <trkpt lat="46.493976" lon="6.750499"><ele>595.5</ele></trkpt>
   <trkpt lat="46.493832" lon="6.750717"><ele>596.25</ele></trkpt>
   <trkpt lat="46.493702" lon="6.750938"><ele>597</ele></trkpt>
   <trkpt lat="46.493514" lon="6.751299"><ele>598.25</ele></trkpt>
   <trkpt lat="46.493072" lon="6.752265"><ele>597.25</ele></trkpt>
   <trkpt lat="46.492904" lon="6.752594"><ele>596</ele></trkpt>
   <trkpt lat="46.49281" lon="6.752757"><ele>596.75</ele></trkpt>
   <trkpt lat="46.492715" lon="6.752912"><ele>595.25</ele></trkpt>
   <trkpt lat="46.492597" lon="6.753091"><ele>595.75</ele></trkpt>
   <trkpt lat="46.492494" lon="6.753232"><ele>597.75</ele></trkpt>
   <trkpt lat="46.492302" lon="6.753472"><ele>596.75</ele></trkpt>
   <trkpt lat="46.492008" lon="6.753797"><ele>597.75</ele></trkpt>
   <trkpt lat="46.491554" lon="6.754271"><ele>607.75</ele></trkpt>
   <trkpt lat="46.491407" lon="6.754438"><ele>608</ele></trkpt>
   <trkpt lat="46.491219" lon="6.754671"><ele>608.75</ele></trkpt>
   <trkpt lat="46.491044" lon="6.754917"><ele>609.25</ele></trkpt>
   <trkpt lat="46.490883" lon="6.75518"><ele>609.75</ele></trkpt>
   <trkpt lat="46.490734" lon="6.755456"><ele>610.25</ele></trkpt>
   <trkpt lat="46.490591" lon="6.755753"><ele>611</ele></trkpt>
   <trkpt lat="46.490467" lon="6.756053"><ele>611.5</ele></trkpt>
   <trkpt lat="46.490347" lon="6.75637"><ele>612</ele></trkpt>
   <trkpt lat="46.49024" lon="6.756706"><ele>612.75</ele></trkpt>
   <trkpt lat="46.490139" lon="6.757103"><ele>613.25</ele></trkpt>
   <trkpt lat="46.490048" lon="6.757546"><ele>614</ele></trkpt>
   <trkpt lat="46.489991" lon="6.757947"><ele>614.75</ele></trkpt>
   <trkpt lat="46.48995" lon="6.758363"><ele>615.5</ele></trkpt>
   <trkpt lat="46.489932" lon="6.758732"><ele>616</ele></trkpt>
   <trkpt lat="46.48993" lon="6.759063"><ele>616.5</ele></trkpt>
   <trkpt lat="46.489954" lon="6.759656"><ele>617.5</ele></trkpt>
   <trkpt lat="46.490024" lon="6.760238"><ele>618.25</ele></trkpt>
   <trkpt lat="46.490115" lon="6.760753"><ele>618.5</ele></trkpt>
   <trkpt lat="46.490212" lon="6.761151"><ele>615.25</ele></trkpt>
   <trkpt lat="46.490272" lon="6.76135"><ele>614</ele></trkpt>
   <trkpt lat="46.490331" lon="6.761533"><ele>616</ele></trkpt>
   <trkpt lat="46.490471" lon="6.761906"><ele>616</ele></trkpt>
   <trkpt lat="46.490634" lon="6.762262"><ele>616.5</ele></trkpt>
   <trkpt lat="46.490739" lon="6.76246"><ele>616</ele></trkpt>
   <trkpt lat="46.490827" lon="6.762616"><ele>615.5</ele></trkpt>
   <trkpt lat="46.490985" lon="6.762866"><ele>615.5</ele></trkpt>
   <trkpt lat="46.491201" lon="6.763164"><ele>615.5</ele></trkpt>
   <trkpt lat="46.491414" lon="6.763419"><ele>615.75</ele></trkpt>
   <trkpt lat="46.491556" lon="6.763576"><ele>615.5</ele></trkpt>
   <trkpt lat="46.4921" lon="6.764139"><ele>616.5</ele></trkpt>
   <trkpt lat="46.492758" lon="6.764819"><ele>616.75</ele></trkpt>
   <trkpt lat="46.493602" lon="6.765691"><ele>617.25</ele></trkpt>
   <trkpt lat="46.493899" lon="6.766002"><ele>617.25</ele></trkpt>
   <trkpt lat="46.494105" lon="6.7662"><ele>617.25</ele></trkpt>
   <trkpt lat="46.49438" lon="6.766447"><ele>618</ele></trkpt>
   <trkpt lat="46.494678" lon="6.766676"><ele>618</ele></trkpt>
   <trkpt lat="46.494976" lon="6.766874"><ele>619.25</ele></trkpt>
   <trkpt lat="46.495126" lon="6.766961"><ele>618.25</ele></trkpt>
   <trkpt lat="46.495373" lon="6.767088"><ele>619.25</ele></trkpt>
   <trkpt lat="46.495489" lon="6.767139"><ele>619.25</ele></trkpt>
   <trkpt lat="46.495801" lon="6.76725"><ele>617.75</ele></trkpt>
   <trkpt lat="46.49626" lon="6.767369"><ele>620</ele></trkpt>
   <trkpt lat="46.496931" lon="6.767528"><ele>619.25</ele></trkpt>
   <trkpt lat="46.497249" lon="6.767621"><ele>618.75</ele></trkpt>
   <trkpt lat="46.497501" lon="6.76772"><ele>619.75</ele></trkpt>
   <trkpt lat="46.497773" lon="6.767858"><ele>619</ele></trkpt>
   <trkpt lat="46.498093" lon="6.768067"><ele>620.5</ele></trkpt>
   <trkpt lat="46.498224" lon="6.768169"><ele>619.25</ele></trkpt>
   <trkpt lat="46.498426" lon="6.768347"><ele>620.25</ele></trkpt>
   <trkpt lat="46.498573" lon="6.768493"><ele>620</ele></trkpt>
   <trkpt lat="46.498756" lon="6.768695"><ele>619</ele></trkpt>
   <trkpt lat="46.498971" lon="6.768971"><ele>619.75</ele></trkpt>
   <trkpt lat="46.499067" lon="6.769105"><ele>620</ele></trkpt>
   <trkpt lat="46.499308" lon="6.769484"><ele>625.5</ele></trkpt>
   <trkpt lat="46.499397" lon="6.769641"><ele>625.75</ele></trkpt>
   <trkpt lat="46.499554" lon="6.769944"><ele>628.75</ele></trkpt>
   <trkpt lat="46.499628" lon="6.770102"><ele>628.5</ele></trkpt>
   <trkpt lat="46.499791" lon="6.770497"><ele>630</ele></trkpt>
   <trkpt lat="46.499861" lon="6.770691"><ele>630.25</ele></trkpt>
   <trkpt lat="46.499978" lon="6.771066"><ele>628</ele></trkpt>
   <trkpt lat="46.500081" lon="6.771476"><ele>629.75</ele></trkpt>
   <trkpt lat="46.500123" lon="6.771674"><ele>630.25</ele></trkpt>
   <trkpt lat="46.50016" lon="6.771876"><ele>630.5</ele></trkpt>
   <trkpt lat="46.500215" lon="6.772259"><ele>630.25</ele></trkpt>
   <trkpt lat="46.500254" lon="6.772658"><ele>630.25</ele></trkpt>
   <trkpt lat="46.500268" lon="6.772894"><ele>630.75</ele></trkpt>
   <trkpt lat="46.500302" lon="6.773826"><ele>631.75</ele></trkpt>
   <trkpt lat="46.500355" lon="6.77541"><ele>634.25</ele></trkpt>
   <trkpt lat="46.500367" lon="6.775676"><ele>636</ele></trkpt>
   <trkpt lat="46.500396" lon="6.776078"><ele>634.25</ele></trkpt>
   <trkpt lat="46.500435" lon="6.776453"><ele>638</ele></trkpt>
   <trkpt lat="46.500487" lon="6.776836"><ele>638.75</ele></trkpt>
   <trkpt lat="46.50058" lon="6.777363"><ele>637.75</ele></trkpt>
   <trkpt lat="46.500662" lon="6.777744"><ele>639</ele></trkpt>
   <trkpt lat="46.500801" lon="6.778291"><ele>638</ele></trkpt>
   <trkpt lat="46.50092" lon="6.778686"><ele>638.75</ele></trkpt>
   <trkpt lat="46.501072" lon="6.779134"><ele>639.25</ele></trkpt>
   <trkpt lat="46.501243" lon="6.779575"><ele>639</ele></trkpt>
   <trkpt lat="46.501429" lon="6.779995"><ele>639.75</ele></trkpt>
   <trkpt lat="46.501649" lon="6.780445"><ele>640.5</ele></trkpt>
   <trkpt lat="46.501892" lon="6.780892"><ele>640.5</ele></trkpt>
   <trkpt lat="46.50202" lon="6.781111"><ele>640.25</ele></trkpt>
   <trkpt lat="46.502287" lon="6.781537"><ele>641.5</ele></trkpt>
   <trkpt lat="46.502443" lon="6.781768"><ele>642</ele></trkpt>
   <trkpt lat="46.502627" lon="6.782025"><ele>642.75</ele></trkpt>
   <trkpt lat="46.502652" lon="6.782059"><ele>642.75</ele></trkpt>
   <trkpt lat="46.502912" lon="6.782393"><ele>645.25</ele></trkpt>
   <trkpt lat="46.503063" lon="6.782574"><ele>646.75</ele></trkpt>
   <trkpt lat="46.50341" lon="6.782958"><ele>647.25</ele></trkpt>
   <trkpt lat="46.503554" lon="6.783105"><ele>647</ele></trkpt>
   <trkpt lat="46.50383" lon="6.783366"><ele>647</ele></trkpt>
   <trkpt lat="46.50414" lon="6.783633"><ele>647.75</ele></trkpt>
   <trkpt lat="46.504293" lon="6.783756"><ele>646.5</ele></trkpt>
   <trkpt lat="46.504538" lon="6.783937"><ele>647</ele></trkpt>
   <trkpt lat="46.504939" lon="6.784201"><ele>648</ele></trkpt>
   <trkpt lat="46.505" lon="6.784238"><ele>648</ele></trkpt>
   <trkpt lat="46.505465" lon="6.784497"><ele>649.25</ele></trkpt>
   <trkpt lat="46.505667" lon="6.784599"><ele>648.75</ele></trkpt>
   <trkpt lat="46.506073" lon="6.784785"><ele>651</ele></trkpt>
   <trkpt lat="46.508624" lon="6.785841"><ele>657.75</ele></trkpt>
   <trkpt lat="46.509559" lon="6.786228"><ele>657.75</ele></trkpt>
   <trkpt lat="46.509974" lon="6.786416"><ele>659.25</ele></trkpt>
   <trkpt lat="46.510106" lon="6.786481"><ele>657.75</ele></trkpt>
   <trkpt lat="46.510404" lon="6.786643"><ele>659</ele></trkpt>
   <trkpt lat="46.510706" lon="6.786825"><ele>659</ele></trkpt>
   <trkpt lat="46.511025" lon="6.787039"><ele>659.5</ele></trkpt>
   <trkpt lat="46.511391" lon="6.787315"><ele>661.5</ele></trkpt>
   <trkpt lat="46.511655" lon="6.787532"><ele>663.25</ele></trkpt>
   <trkpt lat="46.512073" lon="6.787916"><ele>662.75</ele></trkpt>
   <trkpt lat="46.512354" lon="6.7882"><ele>663.5</ele></trkpt>
   <trkpt lat="46.512579" lon="6.788447"><ele>663.75</ele></trkpt>
   <trkpt lat="46.512618" lon="6.788491"><ele>663.75</ele></trkpt>
   <trkpt lat="46.512986" lon="6.788935"><ele>665.5</ele></trkpt>
   <trkpt lat="46.51317" lon="6.789175"><ele>664.75</ele></trkpt>
   <trkpt lat="46.513496" lon="6.789634"><ele>666.5</ele></trkpt>
   <trkpt lat="46.513715" lon="6.789971"><ele>665.75</ele></trkpt>
   <trkpt lat="46.5139" lon="6.790276"><ele>669.75</ele></trkpt>
   <trkpt lat="46.514082" lon="6.790592"><ele>668</ele></trkpt>
   <trkpt lat="46.514257" lon="6.790919"><ele>668.5</ele></trkpt>
   <trkpt lat="46.514426" lon="6.791258"><ele>670.5</ele></trkpt>
   <trkpt lat="46.514578" lon="6.791597"><ele>669.25</ele></trkpt>
   <trkpt lat="46.514751" lon="6.792019"><ele>672.5</ele></trkpt>
   <trkpt lat="46.514832" lon="6.792234"><ele>672</ele></trkpt>
   <trkpt lat="46.514932" lon="6.792518"><ele>673.75</ele></trkpt>
   <trkpt lat="46.515069" lon="6.792942"><ele>676</ele></trkpt>
   <trkpt lat="46.515188" lon="6.793361"><ele>677.5</ele></trkpt>
   <trkpt lat="46.515262" lon="6.793651"><ele>676.5</ele></trkpt>
   <trkpt lat="46.515331" lon="6.793946"><ele>678.75</ele></trkpt>
   <trkpt lat="46.515407" lon="6.794313"><ele>682.75</ele></trkpt>
   <trkpt lat="46.515463" lon="6.794619"><ele>682</ele></trkpt>
   <trkpt lat="46.515539" lon="6.795121"><ele>679.5</ele></trkpt>
   <trkpt lat="46.515612" lon="6.795783"><ele>685</ele></trkpt>
   <trkpt lat="46.515635" lon="6.79606"><ele>686</ele></trkpt>
   <trkpt lat="46.515657" lon="6.796464"><ele>686</ele></trkpt>
   <trkpt lat="46.515668" lon="6.796874"><ele>686.25</ele></trkpt>
   <trkpt lat="46.515665" lon="6.797495"><ele>686.75</ele></trkpt>
   <trkpt lat="46.515578" lon="6.799702"><ele>684.5</ele></trkpt>
   <trkpt lat="46.515569" lon="6.800203"><ele>684.25</ele></trkpt>
   <trkpt lat="46.51558" lon="6.800727"><ele>684.25</ele></trkpt>
   <trkpt lat="46.515595" lon="6.801001"><ele>683.75</ele></trkpt>
   <trkpt lat="46.515626" lon="6.801372"><ele>682.25</ele></trkpt>
   <trkpt lat="46.515667" lon="6.801723"><ele>681.25</ele></trkpt>
   <trkpt lat="46.515738" lon="6.802186"><ele>681</ele></trkpt>
   <trkpt lat="46.515812" lon="6.802564"><ele>682.5</ele></trkpt>
   <trkpt lat="46.515916" lon="6.803008"><ele>680.5</ele></trkpt>
   <trkpt lat="46.516033" lon="6.803419"><ele>680.5</ele></trkpt>
   <trkpt lat="46.516169" lon="6.803832"><ele>680.75</ele></trkpt>
   <trkpt lat="46.516328" lon="6.804249"><ele>681</ele></trkpt>
   <trkpt lat="46.51642" lon="6.804465"><ele>681.5</ele></trkpt>
   <trkpt lat="46.516503" lon="6.80465"><ele>680.5</ele></trkpt>
   <trkpt lat="46.516678" lon="6.805002"><ele>681.5</ele></trkpt>
   <trkpt lat="46.516857" lon="6.805327"><ele>679.25</ele></trkpt>
   <trkpt lat="46.517068" lon="6.805667"><ele>678.75</ele></trkpt>
   <trkpt lat="46.517206" lon="6.805869"><ele>681</ele></trkpt>
   <trkpt lat="46.517465" lon="6.806211"><ele>679.5</ele></trkpt>
   <trkpt lat="46.517614" lon="6.806389"><ele>680</ele></trkpt>
   <trkpt lat="46.517893" lon="6.806691"><ele>680</ele></trkpt>
   <trkpt lat="46.519323" lon="6.808075"><ele>680.5</ele></trkpt>
   <trkpt lat="46.519845" lon="6.808566"><ele>678</ele></trkpt>
   <trkpt lat="46.520211" lon="6.808891"><ele>680.25</ele></trkpt>
   <trkpt lat="46.520491" lon="6.809126"><ele>679.75</ele></trkpt>
   <trkpt lat="46.520942" lon="6.809483"><ele>679.5</ele></trkpt>
   <trkpt lat="46.522573" lon="6.810713"><ele>680</ele></trkpt>
   <trkpt lat="46.523454" lon="6.811382"><ele>679</ele></trkpt>
   <trkpt lat="46.523703" lon="6.811592"><ele>679.75</ele></trkpt>
   <trkpt lat="46.523888" lon="6.811768"><ele>679.5</ele></trkpt>
   <trkpt lat="46.524103" lon="6.811999"><ele>679.5</ele></trkpt>
   <trkpt lat="46.524226" lon="6.812143"><ele>678.75</ele></trkpt>
   <trkpt lat="46.524417" lon="6.812392"><ele>677.75</ele></trkpt>
   <trkpt lat="46.524635" lon="6.812699"><ele>678.75</ele></trkpt>
   <trkpt lat="46.525406" lon="6.813828"><ele>678.75</ele></trkpt>
   <trkpt lat="46.525568" lon="6.814052"><ele>678</ele></trkpt>
   <trkpt lat="46.525819" lon="6.814365"><ele>677.5</ele></trkpt>
   <trkpt lat="46.526022" lon="6.814589"><ele>677.25</ele></trkpt>
   <trkpt lat="46.526276" lon="6.81484"><ele>676.25</ele></trkpt>
   <trkpt lat="46.526529" lon="6.815057"><ele>676.5</ele></trkpt>
   <trkpt lat="46.527977" lon="6.81617"><ele>674.5</ele></trkpt>
   <trkpt lat="46.528296" lon="6.816437"><ele>674.5</ele></trkpt>
   <trkpt lat="46.528494" lon="6.816628"><ele>674.5</ele></trkpt>
   <trkpt lat="46.528694" lon="6.816853"><ele>674.5</ele></trkpt>
   <trkpt lat="46.528875" lon="6.817087"><ele>673.75</ele></trkpt>
   <trkpt lat="46.529064" lon="6.817368"><ele>673</ele></trkpt>
   <trkpt lat="46.529236" lon="6.817664"><ele>672.5</ele></trkpt>
   <trkpt lat="46.529313" lon="6.81781"><ele>672.25</ele></trkpt>
   <trkpt lat="46.529462" lon="6.81812"><ele>673.75</ele></trkpt>
   <trkpt lat="46.529643" lon="6.818544"><ele>674.25</ele></trkpt>
   <trkpt lat="46.529763" lon="6.818867"><ele>674.25</ele></trkpt>
   <trkpt lat="46.529874" lon="6.819214"><ele>675.5</ele></trkpt>
   <trkpt lat="46.529922" lon="6.819383"><ele>675.25</ele></trkpt>
   <trkpt lat="46.530005" lon="6.819744"><ele>674</ele></trkpt>
   <trkpt lat="46.530035" lon="6.819897"><ele>674.75</ele></trkpt>
   <trkpt lat="46.530088" lon="6.820232"><ele>675.5</ele></trkpt>
   <trkpt lat="46.530201" lon="6.821159"><ele>673</ele></trkpt>
   <trkpt lat="46.530247" lon="6.821495"><ele>672.5</ele></trkpt>
   <trkpt lat="46.530333" lon="6.821959"><ele>670.75</ele></trkpt>
   <trkpt lat="46.530402" lon="6.82224"><ele>669.75</ele></trkpt>
   <trkpt lat="46.530512" lon="6.82261"><ele>671.75</ele></trkpt>
   <trkpt lat="46.530599" lon="6.822872"><ele>671.25</ele></trkpt>
   <trkpt lat="46.53119" lon="6.824582"><ele>669.75</ele></trkpt>
   <trkpt lat="46.531445" lon="6.825249"><ele>669.75</ele></trkpt>
   <trkpt lat="46.531645" lon="6.825737"><ele>669.5</ele></trkpt>
   <trkpt lat="46.531817" lon="6.826133"><ele>669.25</ele></trkpt>
   <trkpt lat="46.532071" lon="6.82668"><ele>669.75</ele></trkpt>
   <trkpt lat="46.53223" lon="6.827004"><ele>669</ele></trkpt>
   <trkpt lat="46.532475" lon="6.827478"><ele>669</ele></trkpt>
   <trkpt lat="46.533294" lon="6.82896"><ele>668.75</ele></trkpt>
   <trkpt lat="46.533469" lon="6.829299"><ele>669</ele></trkpt>
   <trkpt lat="46.533713" lon="6.829815"><ele>668.75</ele></trkpt>
   <trkpt lat="46.533853" lon="6.830136"><ele>668.75</ele></trkpt>
   <trkpt lat="46.534059" lon="6.830643"><ele>669.25</ele></trkpt>
   <trkpt lat="46.535155" lon="6.833432"><ele>667.5</ele></trkpt>
   <trkpt lat="46.535347" lon="6.833878"><ele>664.25</ele></trkpt>
   <trkpt lat="46.535442" lon="6.834074"><ele>663.75</ele></trkpt>
   <trkpt lat="46.535575" lon="6.834325"><ele>665.75</ele></trkpt>
   <trkpt lat="46.535776" lon="6.834659"><ele>665.75</ele></trkpt>
   <trkpt lat="46.535966" lon="6.834928"><ele>668.75</ele></trkpt>
   <trkpt lat="46.536093" lon="6.835087"><ele>669</ele></trkpt>
   <trkpt lat="46.536217" lon="6.835227"><ele>669.5</ele></trkpt>
   <trkpt lat="46.536326" lon="6.835339"><ele>669.25</ele></trkpt>
   <trkpt lat="46.5365" lon="6.835501"><ele>669.25</ele></trkpt>
   <trkpt lat="46.53685" lon="6.835782"><ele>668.75</ele></trkpt>
   <trkpt lat="46.537216" lon="6.836036"><ele>668.25</ele></trkpt>
   <trkpt lat="46.537458" lon="6.836185"><ele>668.5</ele></trkpt>
   <trkpt lat="46.537674" lon="6.836306"><ele>668.5</ele></trkpt>
   <trkpt lat="46.537986" lon="6.836458"><ele>668.5</ele></trkpt>
   <trkpt lat="46.538245" lon="6.836564"><ele>668.25</ele></trkpt>
   <trkpt lat="46.538473" lon="6.836639"><ele>668.5</ele></trkpt>
   <trkpt lat="46.539114" lon="6.836807"><ele>668.5</ele></trkpt>
   <trkpt lat="46.539829" lon="6.836985"><ele>668.5</ele></trkpt>
   <trkpt lat="46.540106" lon="6.83704"><ele>669</ele></trkpt>
   <trkpt lat="46.540453" lon="6.837085"><ele>669</ele></trkpt>
   <trkpt lat="46.541252" lon="6.837156"><ele>669</ele></trkpt>
   <trkpt lat="46.541504" lon="6.83719"><ele>669</ele></trkpt>
   <trkpt lat="46.541717" lon="6.837234"><ele>669</ele></trkpt>
   <trkpt lat="46.54194" lon="6.837303"><ele>669</ele></trkpt>
   <trkpt lat="46.542216" lon="6.837418"><ele>669</ele></trkpt>
   <trkpt lat="46.542521" lon="6.837587"><ele>669</ele></trkpt>
   <trkpt lat="46.542803" lon="6.837782"><ele>669</ele></trkpt>
   <trkpt lat="46.543023" lon="6.837959"><ele>669</ele></trkpt>
   <trkpt lat="46.543158" lon="6.838083"><ele>669</ele></trkpt>
   <trkpt lat="46.54332" lon="6.838246"><ele>669</ele></trkpt>
   <trkpt lat="46.543509" lon="6.83846"><ele>669.5</ele></trkpt>
   <trkpt lat="46.54368" lon="6.838679"><ele>669.75</ele></trkpt>
   <trkpt lat="46.543829" lon="6.838889"><ele>670</ele></trkpt>
   <trkpt lat="46.544063" lon="6.839266"><ele>671.5</ele></trkpt>
   <trkpt lat="46.544266" lon="6.839652"><ele>672.5</ele></trkpt>
   <trkpt lat="46.544387" lon="6.839926"><ele>671</ele></trkpt>
   <trkpt lat="46.544483" lon="6.840174"><ele>672</ele></trkpt>
   <trkpt lat="46.544856" lon="6.841098"><ele>672.25</ele></trkpt>
   <trkpt lat="46.544882" lon="6.84117"><ele>672.25</ele></trkpt>
   <trkpt lat="46.545044" lon="6.841628"><ele>669.75</ele></trkpt>
   <trkpt lat="46.545161" lon="6.841956"><ele>669.75</ele></trkpt>
   <trkpt lat="46.545326" lon="6.842374"><ele>669</ele></trkpt>
   <trkpt lat="46.545435" lon="6.842609"><ele>668</ele></trkpt>
   <trkpt lat="46.545557" lon="6.842841"><ele>669.5</ele></trkpt>
   <trkpt lat="46.545682" lon="6.843053"><ele>668.25</ele></trkpt>
   <trkpt lat="46.545875" lon="6.843331"><ele>669.5</ele></trkpt>
   <trkpt lat="46.546056" lon="6.843555"><ele>668.5</ele></trkpt>
   <trkpt lat="46.54624" lon="6.843753"><ele>667.25</ele></trkpt>
   <trkpt lat="46.546446" lon="6.843945"><ele>669</ele></trkpt>
   <trkpt lat="46.546705" lon="6.844152"><ele>670.25</ele></trkpt>
   <trkpt lat="46.546822" lon="6.844234"><ele>669</ele></trkpt>
   <trkpt lat="46.546992" lon="6.844342"><ele>669.25</ele></trkpt>
   <trkpt lat="46.547194" lon="6.844455"><ele>670.75</ele></trkpt>
   <trkpt lat="46.547547" lon="6.844612"><ele>671</ele></trkpt>
   <trkpt lat="46.547814" lon="6.844699"><ele>672.5</ele></trkpt>
   <trkpt lat="46.547989" lon="6.844741"><ele>673.25</ele></trkpt>
   <trkpt lat="46.548214" lon="6.84478"><ele>675.25</ele></trkpt>
   <trkpt lat="46.548413" lon="6.8448"><ele>676</ele></trkpt>
   <trkpt lat="46.548714" lon="6.844801"><ele>675.75</ele></trkpt>
   <trkpt lat="46.548826" lon="6.844793"><ele>676.25</ele></trkpt>
   <trkpt lat="46.548943" lon="6.84478"><ele>676.25</ele></trkpt>
   <trkpt lat="46.549164" lon="6.84474"><ele>675.25</ele></trkpt>
   <trkpt lat="46.5494" lon="6.844681"><ele>675.25</ele></trkpt>
   <trkpt lat="46.550104" lon="6.844473"><ele>676.5</ele></trkpt>
   <trkpt lat="46.550393" lon="6.844403"><ele>675.75</ele></trkpt>
   <trkpt lat="46.550565" lon="6.844371"><ele>676.5</ele></trkpt>
   <trkpt lat="46.550919" lon="6.844334"><ele>677</ele></trkpt>
   <trkpt lat="46.551191" lon="6.84433"><ele>677</ele></trkpt>
   <trkpt lat="46.551513" lon="6.844345"><ele>676.5</ele></trkpt>
   <trkpt lat="46.553248" lon="6.844464"><ele>676.75</ele></trkpt>
   <trkpt lat="46.553717" lon="6.844497"><ele>676.75</ele></trkpt>
   <trkpt lat="46.553763" lon="6.8445"><ele>677</ele></trkpt>
   <trkpt lat="46.554176" lon="6.844531"><ele>679.5</ele></trkpt>
   <trkpt lat="46.554465" lon="6.844566"><ele>681.5</ele></trkpt>
   <trkpt lat="46.554753" lon="6.844619"><ele>681.25</ele></trkpt>
   <trkpt lat="46.555041" lon="6.844695"><ele>681.25</ele></trkpt>
   <trkpt lat="46.55531" lon="6.844788"><ele>683</ele></trkpt>
   <trkpt lat="46.555483" lon="6.844857"><ele>683.5</ele></trkpt>
   <trkpt lat="46.556266" lon="6.845218"><ele>682.25</ele></trkpt>
   <trkpt lat="46.556484" lon="6.845311"><ele>682.75</ele></trkpt>
   <trkpt lat="46.556671" lon="6.84538"><ele>683.75</ele></trkpt>
   <trkpt lat="46.556985" lon="6.845459"><ele>683.25</ele></trkpt>
   <trkpt lat="46.557092" lon="6.845477"><ele>682.75</ele></trkpt>
   <trkpt lat="46.557329" lon="6.845497"><ele>681.75</ele></trkpt>
   <trkpt lat="46.55755" lon="6.845493"><ele>680.75</ele></trkpt>
   <trkpt lat="46.557777" lon="6.845468"><ele>680.25</ele></trkpt>
   <trkpt lat="46.558104" lon="6.84539"><ele>680</ele></trkpt>
   <trkpt lat="46.558372" lon="6.845288"><ele>682.75</ele></trkpt>
   <trkpt lat="46.558501" lon="6.845226"><ele>681.75</ele></trkpt>
   <trkpt lat="46.558768" lon="6.845069"><ele>681.75</ele></trkpt>
   <trkpt lat="46.559018" lon="6.844885"><ele>681.75</ele></trkpt>
   <trkpt lat="46.55933" lon="6.844614"><ele>677.5</ele></trkpt>
   <trkpt lat="46.560216" lon="6.843796"><ele>680.25</ele></trkpt>
   <trkpt lat="46.560308" lon="6.843705"><ele>683.75</ele></trkpt>
   <trkpt lat="46.560571" lon="6.843418"><ele>688.5</ele></trkpt>
   <trkpt lat="46.560664" lon="6.843301"><ele>689.25</ele></trkpt>
   <trkpt lat="46.560823" lon="6.84308"><ele>689.25</ele></trkpt>
   <trkpt lat="46.561057" lon="6.842701"><ele>690.5</ele></trkpt>
   <trkpt lat="46.561579" lon="6.841755"><ele>691.5</ele></trkpt>
   <trkpt lat="46.56184" lon="6.841325"><ele>694</ele></trkpt>
   <trkpt lat="46.562017" lon="6.841077"><ele>691</ele></trkpt>
   <trkpt lat="46.56219" lon="6.840869"><ele>690.5</ele></trkpt>
   <trkpt lat="46.562367" lon="6.840682"><ele>689.75</ele></trkpt>
   <trkpt lat="46.562588" lon="6.840476"><ele>690</ele></trkpt>
   <trkpt lat="46.564485" lon="6.838847"><ele>693</ele></trkpt>
   <trkpt lat="46.56532" lon="6.838142"><ele>695.25</ele></trkpt>
   <trkpt lat="46.565721" lon="6.83784"><ele>694.5</ele></trkpt>
   <trkpt lat="46.566124" lon="6.837572"><ele>697.5</ele></trkpt>
   <trkpt lat="46.566511" lon="6.837347"><ele>697</ele></trkpt>
   <trkpt lat="46.56687" lon="6.837164"><ele>696</ele></trkpt>
   <trkpt lat="46.567298" lon="6.836978"><ele>696.5</ele></trkpt>
   <trkpt lat="46.567688" lon="6.836838"><ele>696.75</ele></trkpt>
   <trkpt lat="46.568161" lon="6.836703"><ele>697.75</ele></trkpt>
   <trkpt lat="46.568608" lon="6.836611"><ele>698</ele></trkpt>
   <trkpt lat="46.568971" lon="6.836561"><ele>697.75</ele></trkpt>
   <trkpt lat="46.569451" lon="6.836527"><ele>697.25</ele></trkpt>
   <trkpt lat="46.569811" lon="6.836526"><ele>697.25</ele></trkpt>
   <trkpt lat="46.570315" lon="6.836561"><ele>697.25</ele></trkpt>
   <trkpt lat="46.570692" lon="6.836612"><ele>698.5</ele></trkpt>
   <trkpt lat="46.571129" lon="6.836702"><ele>699</ele></trkpt>
   <trkpt lat="46.571579" lon="6.836828"><ele>699.75</ele></trkpt>
   <trkpt lat="46.571897" lon="6.836938"><ele>699.75</ele></trkpt>
   <trkpt lat="46.572544" lon="6.837211"><ele>700</ele></trkpt>
   <trkpt lat="46.572908" lon="6.837389"><ele>701</ele></trkpt>
   <trkpt lat="46.573246" lon="6.837591"><ele>700.5</ele></trkpt>
   <trkpt lat="46.57446" lon="6.838433"><ele>702.5</ele></trkpt>
   <trkpt lat="46.57481" lon="6.83865"><ele>704.25</ele></trkpt>
   <trkpt lat="46.575105" lon="6.838796"><ele>706.25</ele></trkpt>
   <trkpt lat="46.57523" lon="6.838846"><ele>703.25</ele></trkpt>
   <trkpt lat="46.575471" lon="6.838927"><ele>704</ele></trkpt>
   <trkpt lat="46.575772" lon="6.838998"><ele>704</ele></trkpt>
   <trkpt lat="46.576187" lon="6.839057"><ele>704.5</ele></trkpt>
   <trkpt lat="46.57782" lon="6.839231"><ele>703.25</ele></trkpt>
   <trkpt lat="46.578191" lon="6.839257"><ele>703</ele></trkpt>
   <trkpt lat="46.57842" lon="6.839253"><ele>701.75</ele></trkpt>
   <trkpt lat="46.578625" lon="6.839229"><ele>701</ele></trkpt>
   <trkpt lat="46.578793" lon="6.839196"><ele>701.25</ele></trkpt>
   <trkpt lat="46.579099" lon="6.839098"><ele>701.75</ele></trkpt>
   <trkpt lat="46.579407" lon="6.838951"><ele>703.25</ele></trkpt>
   <trkpt lat="46.579648" lon="6.838799"><ele>704</ele></trkpt>
   <trkpt lat="46.579866" lon="6.838632"><ele>705</ele></trkpt>
   <trkpt lat="46.580063" lon="6.83845"><ele>705.75</ele></trkpt>
   <trkpt lat="46.580151" lon="6.838359"><ele>705</ele></trkpt>
   <trkpt lat="46.580365" lon="6.838108"><ele>705.75</ele></trkpt>
   <trkpt lat="46.58057" lon="6.837824"><ele>704.25</ele></trkpt>
   <trkpt lat="46.580702" lon="6.837612"><ele>704</ele></trkpt>
   <trkpt lat="46.580795" lon="6.837446"><ele>704.5</ele></trkpt>
   <trkpt lat="46.58189" lon="6.835344"><ele>707.25</ele></trkpt>
   <trkpt lat="46.582074" lon="6.835008"><ele>707.25</ele></trkpt>
   <trkpt lat="46.582172" lon="6.834844"><ele>707.75</ele></trkpt>
   <trkpt lat="46.582374" lon="6.834545"><ele>708</ele></trkpt>
   <trkpt lat="46.58257" lon="6.834306"><ele>709</ele></trkpt>
   <trkpt lat="46.582729" lon="6.834137"><ele>708.75</ele></trkpt>
   <trkpt lat="46.582991" lon="6.833909"><ele>708.75</ele></trkpt>
   <trkpt lat="46.583106" lon="6.833822"><ele>708.5</ele></trkpt>
   <trkpt lat="46.583365" lon="6.833646"><ele>708.25</ele></trkpt>
   <trkpt lat="46.585297" lon="6.832416"><ele>711.75</ele></trkpt>
   <trkpt lat="46.58625" lon="6.831818"><ele>711</ele></trkpt>
   <trkpt lat="46.586316" lon="6.831781"><ele>711</ele></trkpt>
   <trkpt lat="46.58635" lon="6.831762"><ele>711.25</ele></trkpt>
   <trkpt lat="46.586568" lon="6.831657"><ele>713</ele></trkpt>
   <trkpt lat="46.586741" lon="6.83159"><ele>713.5</ele></trkpt>
   <trkpt lat="46.586942" lon="6.831531"><ele>714</ele></trkpt>
   <trkpt lat="46.587121" lon="6.831493"><ele>714.5</ele></trkpt>
   <trkpt lat="46.587358" lon="6.831467"><ele>714.25</ele></trkpt>
   <trkpt lat="46.58757" lon="6.831463"><ele>714</ele></trkpt>
   <trkpt lat="46.587874" lon="6.831492"><ele>714.5</ele></trkpt>
   <trkpt lat="46.588165" lon="6.831558"><ele>715</ele></trkpt>
   <trkpt lat="46.588428" lon="6.831642"><ele>715.5</ele></trkpt>
   <trkpt lat="46.590373" lon="6.83234"><ele>717.75</ele></trkpt>
   <trkpt lat="46.590715" lon="6.832472"><ele>718.75</ele></trkpt>
   <trkpt lat="46.590967" lon="6.832592"><ele>719</ele></trkpt>
   <trkpt lat="46.59119" lon="6.832718"><ele>719.5</ele></trkpt>
   <trkpt lat="46.591408" lon="6.832863"><ele>719.5</ele></trkpt>
   <trkpt lat="46.591635" lon="6.833036"><ele>720.75</ele></trkpt>
   <trkpt lat="46.591905" lon="6.833267"><ele>721</ele></trkpt>
   <trkpt lat="46.593858" lon="6.834991"><ele>724.75</ele></trkpt>
   <trkpt lat="46.594086" lon="6.835191"><ele>725.5</ele></trkpt>
   <trkpt lat="46.594315" lon="6.835378"><ele>727.75</ele></trkpt>
   <trkpt lat="46.594475" lon="6.835495"><ele>727</ele></trkpt>
   <trkpt lat="46.594679" lon="6.835622"><ele>727.75</ele></trkpt>
   <trkpt lat="46.594862" lon="6.835713"><ele>726.75</ele></trkpt>
   <trkpt lat="46.595044" lon="6.835785"><ele>725.75</ele></trkpt>
   <trkpt lat="46.595189" lon="6.83583"><ele>725.75</ele></trkpt>
   <trkpt lat="46.595406" lon="6.835878"><ele>725.5</ele></trkpt>
   <trkpt lat="46.595549" lon="6.835897"><ele>725.25</ele></trkpt>
   <trkpt lat="46.595699" lon="6.835906"><ele>724.75</ele></trkpt>
   <trkpt lat="46.595944" lon="6.835903"><ele>725</ele></trkpt>
   <trkpt lat="46.596098" lon="6.83589"><ele>725.75</ele></trkpt>
   <trkpt lat="46.598334" lon="6.835625"><ele>732.5</ele></trkpt>
   <trkpt lat="46.600239" lon="6.835398"><ele>733.75</ele></trkpt>
   <trkpt lat="46.600537" lon="6.835375"><ele>736.5</ele></trkpt>
   <trkpt lat="46.600766" lon="6.835376"><ele>736.5</ele></trkpt>
   <trkpt lat="46.600989" lon="6.835399"><ele>736</ele></trkpt>
   <trkpt lat="46.601199" lon="6.835438"><ele>734.75</ele></trkpt>
   <trkpt lat="46.601316" lon="6.835468"><ele>734.25</ele></trkpt>
   <trkpt lat="46.601521" lon="6.835536"><ele>733.5</ele></trkpt>
   <trkpt lat="46.601703" lon="6.83561"><ele>732.25</ele></trkpt>
   <trkpt lat="46.601824" lon="6.835669"><ele>731.5</ele></trkpt>
   <trkpt lat="46.602012" lon="6.835775"><ele>733.5</ele></trkpt>
   <trkpt lat="46.602182" lon="6.835885"><ele>736</ele></trkpt>
   <trkpt lat="46.602373" lon="6.836028"><ele>736.75</ele></trkpt>
   <trkpt lat="46.602569" lon="6.836201"><ele>736.75</ele></trkpt>
   <trkpt lat="46.602681" lon="6.83631"><ele>736.75</ele></trkpt>
   <trkpt lat="46.602887" lon="6.836537"><ele>735.75</ele></trkpt>
   <trkpt lat="46.603079" lon="6.83678"><ele>735.25</ele></trkpt>
   <trkpt lat="46.603257" lon="6.83704"><ele>734.25</ele></trkpt>
   <trkpt lat="46.60345" lon="6.837349"><ele>733.25</ele></trkpt>
   <trkpt lat="46.60505" lon="6.840039"><ele>739.25</ele></trkpt>
   <trkpt lat="46.605291" lon="6.840419"><ele>740.25</ele></trkpt>
   <trkpt lat="46.605472" lon="6.840671"><ele>740.5</ele></trkpt>
   <trkpt lat="46.6057" lon="6.840936"><ele>740.5</ele></trkpt>
   <trkpt lat="46.605905" lon="6.841135"><ele>740.5</ele></trkpt>
   <trkpt lat="46.606124" lon="6.841313"><ele>740.75</ele></trkpt>
   <trkpt lat="46.606378" lon="6.841481"><ele>741.5</ele></trkpt>
   <trkpt lat="46.606577" lon="6.841586"><ele>740</ele></trkpt>
   <trkpt lat="46.606832" lon="6.841689"><ele>740</ele></trkpt>
   <trkpt lat="46.607109" lon="6.841764"><ele>737.5</ele></trkpt>
   <trkpt lat="46.607333" lon="6.841798"><ele>737.5</ele></trkpt>
   <trkpt lat="46.607551" lon="6.841809"><ele>738</ele></trkpt>
   <trkpt lat="46.60778" lon="6.841796"><ele>738.25</ele></trkpt>
   <trkpt lat="46.60804" lon="6.841752"><ele>740</ele></trkpt>
   <trkpt lat="46.608264" lon="6.84169"><ele>742.5</ele></trkpt>
   <trkpt lat="46.608392" lon="6.841645"><ele>743.25</ele></trkpt>
   <trkpt lat="46.609208" lon="6.841332"><ele>743.75</ele></trkpt>
   <trkpt lat="46.609463" lon="6.841257"><ele>742.5</ele></trkpt>
   <trkpt lat="46.609697" lon="6.841213"><ele>741.25</ele></trkpt>
   <trkpt lat="46.609914" lon="6.841194"><ele>742</ele></trkpt>
   <trkpt lat="46.610022" lon="6.841193"><ele>742.75</ele></trkpt>
   <trkpt lat="46.610304" lon="6.841214"><ele>747</ele></trkpt>
   <trkpt lat="46.61041" lon="6.841231"><ele>747</ele></trkpt>
   <trkpt lat="46.610615" lon="6.84128"><ele>746.5</ele></trkpt>
   <trkpt lat="46.61073" lon="6.841316"><ele>746</ele></trkpt>
   <trkpt lat="46.61094" lon="6.841399"><ele>745.25</ele></trkpt>
   <trkpt lat="46.611169" lon="6.841515"><ele>745.5</ele></trkpt>
   <trkpt lat="46.611349" lon="6.841627"><ele>745.5</ele></trkpt>
   <trkpt lat="46.611482" lon="6.841722"><ele>745.75</ele></trkpt>
   <trkpt lat="46.61176" lon="6.841956"><ele>746</ele></trkpt>
   <trkpt lat="46.611952" lon="6.842148"><ele>746</ele></trkpt>
   <trkpt lat="46.612036" lon="6.842242"><ele>745</ele></trkpt>
   <trkpt lat="46.612125" lon="6.842346"><ele>744.75</ele></trkpt>
   <trkpt lat="46.612281" lon="6.842549"><ele>745.5</ele></trkpt>
   <trkpt lat="46.612484" lon="6.84285"><ele>746.5</ele></trkpt>
   <trkpt lat="46.612684" lon="6.843199"><ele>746.75</ele></trkpt>
   <trkpt lat="46.613036" lon="6.843846"><ele>748.25</ele></trkpt>
   <trkpt lat="46.613221" lon="6.844139"><ele>746</ele></trkpt>
   <trkpt lat="46.613467" lon="6.844466"><ele>746.5</ele></trkpt>
   <trkpt lat="46.613663" lon="6.844682"><ele>748.5</ele></trkpt>
   <trkpt lat="46.613772" lon="6.844791"><ele>749.25</ele></trkpt>
   <trkpt lat="46.613962" lon="6.844958"><ele>749.5</ele></trkpt>
   <trkpt lat="46.614203" lon="6.845137"><ele>749.75</ele></trkpt>
   <trkpt lat="46.614459" lon="6.845299"><ele>749.75</ele></trkpt>
   <trkpt lat="46.616097" lon="6.846232"><ele>751.75</ele></trkpt>
   <trkpt lat="46.616538" lon="6.846486"><ele>752</ele></trkpt>
   <trkpt lat="46.61689" lon="6.846707"><ele>753.75</ele></trkpt>
   <trkpt lat="46.617229" lon="6.846951"><ele>754</ele></trkpt>
   <trkpt lat="46.618243" lon="6.847727"><ele>753.5</ele></trkpt>
   <trkpt lat="46.618588" lon="6.847961"><ele>754</ele></trkpt>
   <trkpt lat="46.618822" lon="6.84811"><ele>755.5</ele></trkpt>
   <trkpt lat="46.619133" lon="6.848324"><ele>755.75</ele></trkpt>
   <trkpt lat="46.619373" lon="6.848472"><ele>757.25</ele></trkpt>
   <trkpt lat="46.61944" lon="6.848512"><ele>757</ele></trkpt>
   <trkpt lat="46.619907" lon="6.848789"><ele>757.25</ele></trkpt>
   <trkpt lat="46.620143" lon="6.848959"><ele>757.5</ele></trkpt>
   <trkpt lat="46.620324" lon="6.849113"><ele>757.5</ele></trkpt>
   <trkpt lat="46.620571" lon="6.849351"><ele>757.5</ele></trkpt>
   <trkpt lat="46.621195" lon="6.849982"><ele>757.75</ele></trkpt>
   <trkpt lat="46.621498" lon="6.850289"><ele>757.75</ele></trkpt>
   <trkpt lat="46.622215" lon="6.851015"><ele>754.75</ele></trkpt>
   <trkpt lat="46.622311" lon="6.851112"><ele>755.25</ele></trkpt>
   <trkpt lat="46.622351" lon="6.851153"><ele>755</ele></trkpt>
   <trkpt lat="46.622371" lon="6.851173"><ele>755</ele></trkpt>
   <trkpt lat="46.623079" lon="6.851887"><ele>756.25</ele></trkpt>
   <trkpt lat="46.623569" lon="6.852363"><ele>757.25</ele></trkpt>
   <trkpt lat="46.624426" lon="6.853143"><ele>757</ele></trkpt>
   <trkpt lat="46.626289" lon="6.854827"><ele>756.75</ele></trkpt>
   <trkpt lat="46.628155" lon="6.856601"><ele>756.25</ele></trkpt>
   <trkpt lat="46.629876" lon="6.858479"><ele>756</ele></trkpt>
   <trkpt lat="46.631656" lon="6.860683"><ele>755.75</ele></trkpt>
   <trkpt lat="46.633321" lon="6.862829"><ele>755.25</ele></trkpt>
   <trkpt lat="46.635055" lon="6.864869"><ele>755</ele></trkpt>
   <trkpt lat="46.635924" lon="6.86582"><ele>754.75</ele></trkpt>
   <trkpt lat="46.636888" lon="6.866776"><ele>754.75</ele></trkpt>
   <trkpt lat="46.637826" lon="6.867656"><ele>754.5</ele></trkpt>
   <trkpt lat="46.638771" lon="6.868472"><ele>754.5</ele></trkpt>
   <trkpt lat="46.640837" lon="6.870207"><ele>754.5</ele></trkpt>
   <trkpt lat="46.646757" lon="6.875183"><ele>746</ele></trkpt>
   <trkpt lat="46.651531" lon="6.879211"><ele>739.75</ele></trkpt>
   <trkpt lat="46.651991" lon="6.879628"><ele>738.75</ele></trkpt>
   <trkpt lat="46.653556" lon="6.881128"><ele>737</ele></trkpt>
   <trkpt lat="46.655359" lon="6.882856"><ele>738</ele></trkpt>
   <trkpt lat="46.655667" lon="6.883135"><ele>738.25</ele></trkpt>
   <trkpt lat="46.656077" lon="6.883477"><ele>738.5</ele></trkpt>
   <trkpt lat="46.6565" lon="6.883794"><ele>738</ele></trkpt>
   <trkpt lat="46.65688" lon="6.884049"><ele>738</ele></trkpt>
   <trkpt lat="46.657272" lon="6.884286"><ele>737.75</ele></trkpt>
   <trkpt lat="46.658101" lon="6.884754"><ele>736.75</ele></trkpt>
   <trkpt lat="46.659626" lon="6.885616"><ele>732.5</ele></trkpt>
   <trkpt lat="46.659721" lon="6.885673"><ele>731.5</ele></trkpt>
   <trkpt lat="46.65997" lon="6.885836"><ele>734.5</ele></trkpt>
   <trkpt lat="46.660184" lon="6.885998"><ele>734.25</ele></trkpt>
   <trkpt lat="46.660369" lon="6.886158"><ele>733.25</ele></trkpt>
   <trkpt lat="46.660484" lon="6.886268"><ele>732.75</ele></trkpt>
   <trkpt lat="46.660688" lon="6.886485"><ele>730.5</ele></trkpt>
   <trkpt lat="46.660779" lon="6.886592"><ele>731.25</ele></trkpt>
   <trkpt lat="46.660898" lon="6.886741"><ele>731.25</ele></trkpt>
   <trkpt lat="46.661132" lon="6.887074"><ele>731.75</ele></trkpt>
   <trkpt lat="46.661249" lon="6.887261"><ele>732.25</ele></trkpt>
   <trkpt lat="46.66143" lon="6.887579"><ele>733.5</ele></trkpt>
   <trkpt lat="46.662809" lon="6.890274"><ele>730.75</ele></trkpt>
   <trkpt lat="46.663033" lon="6.890697"><ele>730.25</ele></trkpt>
   <trkpt lat="46.663219" lon="6.891011"><ele>730.75</ele></trkpt>
   <trkpt lat="46.663402" lon="6.891283"><ele>729.75</ele></trkpt>
   <trkpt lat="46.663573" lon="6.891508"><ele>728.75</ele></trkpt>
   <trkpt lat="46.663792" lon="6.891762"><ele>728.5</ele></trkpt>
   <trkpt lat="46.663893" lon="6.891868"><ele>728.25</ele></trkpt>
   <trkpt lat="46.664226" lon="6.892184"><ele>728</ele></trkpt>
   <trkpt lat="46.664971" lon="6.89285"><ele>725.25</ele></trkpt>
   <trkpt lat="46.66498" lon="6.892858"><ele>725.25</ele></trkpt>
   <trkpt lat="46.667479" lon="6.895095"><ele>722.75</ele></trkpt>
   <trkpt lat="46.667898" lon="6.895501"><ele>722.25</ele></trkpt>
   <trkpt lat="46.669346" lon="6.896962"><ele>720</ele></trkpt>
   <trkpt lat="46.669568" lon="6.897166"><ele>720</ele></trkpt>
   <trkpt lat="46.669764" lon="6.897327"><ele>720.25</ele></trkpt>
   <trkpt lat="46.670081" lon="6.897543"><ele>720</ele></trkpt>
   <trkpt lat="46.670429" lon="6.897734"><ele>720</ele></trkpt>
   <trkpt lat="46.6723" lon="6.898636"><ele>718.75</ele></trkpt>
   <trkpt lat="46.672315" lon="6.898644"><ele>718.75</ele></trkpt>
   <trkpt lat="46.678354" lon="6.90155"><ele>715.25</ele></trkpt>
   <trkpt lat="46.678801" lon="6.901777"><ele>715.5</ele></trkpt>
   <trkpt lat="46.679006" lon="6.901892"><ele>715.5</ele></trkpt>
   <trkpt lat="46.679297" lon="6.902072"><ele>714.75</ele></trkpt>
   <trkpt lat="46.679603" lon="6.902284"><ele>714.25</ele></trkpt>
   <trkpt lat="46.679899" lon="6.90251"><ele>714</ele></trkpt>
   <trkpt lat="46.680066" lon="6.902648"><ele>713.75</ele></trkpt>
   <trkpt lat="46.680342" lon="6.902895"><ele>714.5</ele></trkpt>
   <trkpt lat="46.680602" lon="6.903147"><ele>715.25</ele></trkpt>
   <trkpt lat="46.680767" lon="6.903319"><ele>715.25</ele></trkpt>
   <trkpt lat="46.681086" lon="6.903675"><ele>715.25</ele></trkpt>
   <trkpt lat="46.681104" lon="6.903698"><ele>715.25</ele></trkpt>
   <trkpt lat="46.681911" lon="6.904682"><ele>715</ele></trkpt>
   <trkpt lat="46.682167" lon="6.904961"><ele>715.5</ele></trkpt>
   <trkpt lat="46.682427" lon="6.905204"><ele>715</ele></trkpt>
   <trkpt lat="46.682692" lon="6.905412"><ele>715</ele></trkpt>
   <trkpt lat="46.682943" lon="6.905577"><ele>715.25</ele></trkpt>
   <trkpt lat="46.683233" lon="6.905733"><ele>715.5</ele></trkpt>
   <trkpt lat="46.683507" lon="6.905848"><ele>716</ele></trkpt>
   <trkpt lat="46.683656" lon="6.905897"><ele>717.5</ele></trkpt>
   <trkpt lat="46.683911" lon="6.905966"><ele>722.75</ele></trkpt>
   <trkpt lat="46.684149" lon="6.906"><ele>717</ele></trkpt>
   <trkpt lat="46.684377" lon="6.906019"><ele>716.5</ele></trkpt>
   <trkpt lat="46.684648" lon="6.906021"><ele>716.5</ele></trkpt>
   <trkpt lat="46.686895" lon="6.905891"><ele>713.75</ele></trkpt>
   <trkpt lat="46.687567" lon="6.905851"><ele>712.75</ele></trkpt>
   <trkpt lat="46.687707" lon="6.905844"><ele>712.75</ele></trkpt>
   <trkpt lat="46.687983" lon="6.905839"><ele>712.25</ele></trkpt>
   <trkpt lat="46.688135" lon="6.905845"><ele>712.25</ele></trkpt>
   <trkpt lat="46.688382" lon="6.905874"><ele>712.5</ele></trkpt>
   <trkpt lat="46.688536" lon="6.905904"><ele>711.75</ele></trkpt>
   <trkpt lat="46.688737" lon="6.905958"><ele>711.5</ele></trkpt>
   <trkpt lat="46.688928" lon="6.906025"><ele>711</ele></trkpt>
   <trkpt lat="46.689091" lon="6.906096"><ele>710.75</ele></trkpt>
   <trkpt lat="46.689338" lon="6.906226"><ele>711</ele></trkpt>
   <trkpt lat="46.689584" lon="6.906386"><ele>710.75</ele></trkpt>
   <trkpt lat="46.689759" lon="6.906521"><ele>710.5</ele></trkpt>
   <trkpt lat="46.689904" lon="6.906645"><ele>710</ele></trkpt>
   <trkpt lat="46.69018" lon="6.906918"><ele>710.25</ele></trkpt>
   <trkpt lat="46.690614" lon="6.907405"><ele>709.25</ele></trkpt>
   <trkpt lat="46.69078" lon="6.907554"><ele>709.25</ele></trkpt>
   <trkpt lat="46.690936" lon="6.907695"><ele>709.25</ele></trkpt>
   <trkpt lat="46.691252" lon="6.90798"><ele>709.5</ele></trkpt>
   <trkpt lat="46.691571" lon="6.908267"><ele>708</ele></trkpt>
   <trkpt lat="46.691781" lon="6.908511"><ele>707.25</ele></trkpt>
   <trkpt lat="46.691945" lon="6.908696"><ele>707.25</ele></trkpt>
   <trkpt lat="46.692136" lon="6.908926"><ele>707.25</ele></trkpt>
   <trkpt lat="46.692262" lon="6.909099"><ele>706.5</ele></trkpt>
   <trkpt lat="46.692381" lon="6.909278"><ele>706.25</ele></trkpt>
   <trkpt lat="46.693196" lon="6.910661"><ele>706.25</ele></trkpt>
   <trkpt lat="46.693341" lon="6.91089"><ele>706.75</ele></trkpt>
   <trkpt lat="46.693569" lon="6.911212"><ele>705.75</ele></trkpt>
   <trkpt lat="46.69366" lon="6.911361"><ele>706</ele></trkpt>
   <trkpt lat="46.693943" lon="6.911845"><ele>706</ele></trkpt>
   <trkpt lat="46.694534" lon="6.912845"><ele>706</ele></trkpt>
   <trkpt lat="46.694641" lon="6.91301"><ele>706.5</ele></trkpt>
   <trkpt lat="46.694769" lon="6.913183"><ele>706.5</ele></trkpt>
   <trkpt lat="46.694893" lon="6.913333"><ele>706.25</ele></trkpt>
   <trkpt lat="46.695034" lon="6.913478"><ele>706.25</ele></trkpt>
   <trkpt lat="46.695318" lon="6.913729"><ele>706.5</ele></trkpt>
   <trkpt lat="46.695432" lon="6.913825"><ele>706.25</ele></trkpt>
   <trkpt lat="46.695519" lon="6.913886"><ele>706.75</ele></trkpt>
   <trkpt lat="46.695577" lon="6.913927"><ele>707.25</ele></trkpt>
   <trkpt lat="46.695764" lon="6.914055"><ele>707.25</ele></trkpt>
   <trkpt lat="46.695968" lon="6.914224"><ele>707.25</ele></trkpt>
   <trkpt lat="46.696162" lon="6.914363"><ele>707</ele></trkpt>
   <trkpt lat="46.696221" lon="6.914401"><ele>707</ele></trkpt>
   <trkpt lat="46.696996" lon="6.914903"><ele>707</ele></trkpt>
   <trkpt lat="46.697246" lon="6.915081"><ele>707</ele></trkpt>
   <trkpt lat="46.697396" lon="6.915199"><ele>707</ele></trkpt>
   <trkpt lat="46.697589" lon="6.915367"><ele>706.75</ele></trkpt>
   <trkpt lat="46.697887" lon="6.915671"><ele>706.75</ele></trkpt>
   <trkpt lat="46.698175" lon="6.91602"><ele>706.75</ele></trkpt>
   <trkpt lat="46.698392" lon="6.916322"><ele>706</ele></trkpt>
   <trkpt lat="46.698496" lon="6.916482"><ele>706.5</ele></trkpt>
   <trkpt lat="46.698694" lon="6.916811"><ele>706.75</ele></trkpt>
   <trkpt lat="46.698854" lon="6.917106"><ele>705.75</ele></trkpt>
   <trkpt lat="46.699037" lon="6.91747"><ele>707</ele></trkpt>
   <trkpt lat="46.699891" lon="6.919228"><ele>698.75</ele></trkpt>
   <trkpt lat="46.701475" lon="6.922494"><ele>698</ele></trkpt>
   <trkpt lat="46.701547" lon="6.922641"><ele>696.75</ele></trkpt>
   <trkpt lat="46.703093" lon="6.925831"><ele>705.5</ele></trkpt>
   <trkpt lat="46.704945" lon="6.929649"><ele>705</ele></trkpt>
   <trkpt lat="46.706325" lon="6.932496"><ele>702.25</ele></trkpt>
   <trkpt lat="46.706353" lon="6.932555"><ele>702.5</ele></trkpt>
   <trkpt lat="46.706851" lon="6.933581"><ele>702.25</ele></trkpt>
   <trkpt lat="46.707288" lon="6.934484"><ele>705.5</ele></trkpt>
   <trkpt lat="46.709389" lon="6.938817"><ele>707</ele></trkpt>
   <trkpt lat="46.710294" lon="6.940678"><ele>706</ele></trkpt>
   <trkpt lat="46.711184" lon="6.94248"><ele>705.75</ele></trkpt>
   <trkpt lat="46.711627" lon="6.943373"><ele>705.5</ele></trkpt>
   <trkpt lat="46.71213" lon="6.944384"><ele>705.75</ele></trkpt>
   <trkpt lat="46.71216" lon="6.944446"><ele>705.75</ele></trkpt>
   <trkpt lat="46.713021" lon="6.946181"><ele>705.25</ele></trkpt>
   <trkpt lat="46.713762" lon="6.947674"><ele>706</ele></trkpt>
   <trkpt lat="46.713978" lon="6.94811"><ele>705</ele></trkpt>
   <trkpt lat="46.714041" lon="6.94824"><ele>704.75</ele></trkpt>
   <trkpt lat="46.716673" lon="6.953542"><ele>703.5</ele></trkpt>
   <trkpt lat="46.716748" lon="6.95369"><ele>703.5</ele></trkpt>
   <trkpt lat="46.718767" lon="6.957767"><ele>705.75</ele></trkpt>
   <trkpt lat="46.719017" lon="6.958253"><ele>705.75</ele></trkpt>
   <trkpt lat="46.719255" lon="6.958687"><ele>705.75</ele></trkpt>
   <trkpt lat="46.719406" lon="6.958945"><ele>706.5</ele></trkpt>
   <trkpt lat="46.719584" lon="6.959231"><ele>705.25</ele></trkpt>
   <trkpt lat="46.71978" lon="6.959527"><ele>705.5</ele></trkpt>
   <trkpt lat="46.720069" lon="6.959932"><ele>706.5</ele></trkpt>
   <trkpt lat="46.720344" lon="6.960287"><ele>706</ele></trkpt>
   <trkpt lat="46.720621" lon="6.960613"><ele>705.75</ele></trkpt>
   <trkpt lat="46.721055" lon="6.961078"><ele>706</ele></trkpt>
   <trkpt lat="46.721147" lon="6.961166"><ele>705.75</ele></trkpt>
   <trkpt lat="46.721375" lon="6.961381"><ele>705.75</ele></trkpt>
   <trkpt lat="46.721604" lon="6.961583"><ele>705.75</ele></trkpt>
   <trkpt lat="46.721918" lon="6.961837"><ele>706.25</ele></trkpt>
   <trkpt lat="46.722094" lon="6.961969"><ele>706</ele></trkpt>
   <trkpt lat="46.722455" lon="6.962219"><ele>706.5</ele></trkpt>
   <trkpt lat="46.722806" lon="6.962436"><ele>706.5</ele></trkpt>
   <trkpt lat="46.724311" lon="6.963293"><ele>706</ele></trkpt>
   <trkpt lat="46.724654" lon="6.963496"><ele>705.75</ele></trkpt>
   <trkpt lat="46.724974" lon="6.963701"><ele>705.75</ele></trkpt>
   <trkpt lat="46.725304" lon="6.963936"><ele>705.75</ele></trkpt>
   <trkpt lat="46.725741" lon="6.96429"><ele>706.5</ele></trkpt>
   <trkpt lat="46.726056" lon="6.964566"><ele>707</ele></trkpt>
   <trkpt lat="46.728489" lon="6.966759"><ele>705.5</ele></trkpt>
   <trkpt lat="46.72909" lon="6.967269"><ele>706.25</ele></trkpt>
   <trkpt lat="46.729494" lon="6.967587"><ele>706.25</ele></trkpt>
   <trkpt lat="46.730114" lon="6.968032"><ele>706</ele></trkpt>
   <trkpt lat="46.730954" lon="6.968593"><ele>705.75</ele></trkpt>
   <trkpt lat="46.73183" lon="6.969173"><ele>706</ele></trkpt>
   <trkpt lat="46.732254" lon="6.969462"><ele>706</ele></trkpt>
   <trkpt lat="46.732675" lon="6.969769"><ele>706.5</ele></trkpt>
   <trkpt lat="46.733064" lon="6.97008"><ele>705.25</ele></trkpt>
   <trkpt lat="46.733272" lon="6.970258"><ele>705.25</ele></trkpt>
   <trkpt lat="46.733471" lon="6.970436"><ele>705.75</ele></trkpt>
   <trkpt lat="46.733865" lon="6.970813"><ele>705</ele></trkpt>
   <trkpt lat="46.734259" lon="6.971221"><ele>705.75</ele></trkpt>
   <trkpt lat="46.734826" lon="6.971833"><ele>698.5</ele></trkpt>
   <trkpt lat="46.735372" lon="6.972423"><ele>698.5</ele></trkpt>
   <trkpt lat="46.738776" lon="6.976109"><ele>706.75</ele></trkpt>
   <trkpt lat="46.738865" lon="6.976206"><ele>706.5</ele></trkpt>
   <trkpt lat="46.739337" lon="6.976745"><ele>707</ele></trkpt>
   <trkpt lat="46.739601" lon="6.977082"><ele>709.75</ele></trkpt>
   <trkpt lat="46.739739" lon="6.977271"><ele>710.5</ele></trkpt>
   <trkpt lat="46.739957" lon="6.977588"><ele>710.25</ele></trkpt>
   <trkpt lat="46.740172" lon="6.977931"><ele>709</ele></trkpt>
   <trkpt lat="46.740238" lon="6.978043"><ele>709.25</ele></trkpt>
   <trkpt lat="46.740408" lon="6.978342"><ele>709.75</ele></trkpt>
   <trkpt lat="46.740582" lon="6.978674"><ele>711.75</ele></trkpt>
   <trkpt lat="46.740745" lon="6.97901"><ele>711.75</ele></trkpt>
   <trkpt lat="46.740853" lon="6.97925"><ele>712</ele></trkpt>
   <trkpt lat="46.741001" lon="6.979602"><ele>712.5</ele></trkpt>
   <trkpt lat="46.741102" lon="6.979861"><ele>712.75</ele></trkpt>
   <trkpt lat="46.741283" lon="6.98037"><ele>714.25</ele></trkpt>
   <trkpt lat="46.741408" lon="6.980767"><ele>714.5</ele></trkpt>
   <trkpt lat="46.741544" lon="6.981242"><ele>715</ele></trkpt>
   <trkpt lat="46.742061" lon="6.983209"><ele>714.25</ele></trkpt>
   <trkpt lat="46.742305" lon="6.984074"><ele>716.75</ele></trkpt>
   <trkpt lat="46.742454" lon="6.984555"><ele>717.5</ele></trkpt>
   <trkpt lat="46.742585" lon="6.984953"><ele>719.25</ele></trkpt>
   <trkpt lat="46.742688" lon="6.985251"><ele>720.75</ele></trkpt>
   <trkpt lat="46.74292" lon="6.985884"><ele>721.5</ele></trkpt>
   <trkpt lat="46.743044" lon="6.986201"><ele>719.75</ele></trkpt>
   <trkpt lat="46.743279" lon="6.986771"><ele>721.25</ele></trkpt>
   <trkpt lat="46.743624" lon="6.987545"><ele>719.5</ele></trkpt>
   <trkpt lat="46.743831" lon="6.987974"><ele>720</ele></trkpt>
   <trkpt lat="46.744043" lon="6.98839"><ele>719.5</ele></trkpt>
   <trkpt lat="46.744412" lon="6.989065"><ele>719</ele></trkpt>
   <trkpt lat="46.745612" lon="6.99123"><ele>720</ele></trkpt>
   <trkpt lat="46.74564" lon="6.991281"><ele>719.75</ele></trkpt>
   <trkpt lat="46.746242" lon="6.992369"><ele>721.5</ele></trkpt>
   <trkpt lat="46.746391" lon="6.992653"><ele>721.75</ele></trkpt>
   <trkpt lat="46.746558" lon="6.993"><ele>721</ele></trkpt>
   <trkpt lat="46.746707" lon="6.993286"><ele>721.5</ele></trkpt>
   <trkpt lat="46.746764" lon="6.99339"><ele>721.5</ele></trkpt>
   <trkpt lat="46.747617" lon="6.994936"><ele>720.75</ele></trkpt>
   <trkpt lat="46.747831" lon="6.99535"><ele>721.5</ele></trkpt>
   <trkpt lat="46.748035" lon="6.995779"><ele>721.5</ele></trkpt>
   <trkpt lat="46.748121" lon="6.995975"><ele>721.25</ele></trkpt>
   <trkpt lat="46.748278" lon="6.996363"><ele>721.25</ele></trkpt>
   <trkpt lat="46.748426" lon="6.996773"><ele>720.5</ele></trkpt>
   <trkpt lat="46.748587" lon="6.997278"><ele>721.5</ele></trkpt>
   <trkpt lat="46.748725" lon="6.997792"><ele>720.75</ele></trkpt>
   <trkpt lat="46.748826" lon="6.998225"><ele>721.5</ele></trkpt>
   <trkpt lat="46.748924" lon="6.998734"><ele>721.5</ele></trkpt>
   <trkpt lat="46.749004" lon="6.999245"><ele>720.75</ele></trkpt>
   <trkpt lat="46.749073" lon="6.99979"><ele>721.25</ele></trkpt>
   <trkpt lat="46.749129" lon="7.000433"><ele>721.5</ele></trkpt>
   <trkpt lat="46.749175" lon="7.001203"><ele>721.75</ele></trkpt>
   <trkpt lat="46.749178" lon="7.001273"><ele>721.75</ele></trkpt>
   <trkpt lat="46.749266" lon="7.002316"><ele>725.25</ele></trkpt>
   <trkpt lat="46.749305" lon="7.002933"><ele>727.75</ele></trkpt>
   <trkpt lat="46.749339" lon="7.003374"><ele>727</ele></trkpt>
   <trkpt lat="46.749385" lon="7.003789"><ele>724.5</ele></trkpt>
   <trkpt lat="46.749426" lon="7.00409"><ele>723.25</ele></trkpt>
   <trkpt lat="46.749514" lon="7.004609"><ele>723.75</ele></trkpt>
   <trkpt lat="46.749593" lon="7.004992"><ele>725.75</ele></trkpt>
   <trkpt lat="46.749672" lon="7.005328"><ele>724</ele></trkpt>
   <trkpt lat="46.749764" lon="7.005685"><ele>723.25</ele></trkpt>
   <trkpt lat="46.749865" lon="7.006041"><ele>724.25</ele></trkpt>
   <trkpt lat="46.750031" lon="7.006571"><ele>723</ele></trkpt>
   <trkpt lat="46.750191" lon="7.007024"><ele>722.75</ele></trkpt>
   <trkpt lat="46.750367" lon="7.007473"><ele>721.5</ele></trkpt>
   <trkpt lat="46.750546" lon="7.00788"><ele>721</ele></trkpt>
   <trkpt lat="46.750736" lon="7.008267"><ele>720</ele></trkpt>
   <trkpt lat="46.750922" lon="7.008608"><ele>719.5</ele></trkpt>
   <trkpt lat="46.751141" lon="7.008973"><ele>719.25</ele></trkpt>
   <trkpt lat="46.751175" lon="7.009025"><ele>718.75</ele></trkpt>
   <trkpt lat="46.751443" lon="7.009419"><ele>718</ele></trkpt>
   <trkpt lat="46.751873" lon="7.01"><ele>716.75</ele></trkpt>
   <trkpt lat="46.752185" lon="7.010436"><ele>716.25</ele></trkpt>
   <trkpt lat="46.752373" lon="7.01073"><ele>716</ele></trkpt>
   <trkpt lat="46.752544" lon="7.011036"><ele>716.5</ele></trkpt>
   <trkpt lat="46.752683" lon="7.011318"><ele>716</ele></trkpt>
   <trkpt lat="46.75274" lon="7.011448"><ele>716.5</ele></trkpt>
   <trkpt lat="46.752885" lon="7.011813"><ele>717</ele></trkpt>
   <trkpt lat="46.752995" lon="7.012142"><ele>717.5</ele></trkpt>
   <trkpt lat="46.753075" lon="7.012421"><ele>716.5</ele></trkpt>
   <trkpt lat="46.753162" lon="7.012783"><ele>717.75</ele></trkpt>
   <trkpt lat="46.753255" lon="7.013309"><ele>720.25</ele></trkpt>
   <trkpt lat="46.753293" lon="7.013622"><ele>717.75</ele></trkpt>
   <trkpt lat="46.753314" lon="7.013855"><ele>716.5</ele></trkpt>
   <trkpt lat="46.753334" lon="7.014251"><ele>715.75</ele></trkpt>
   <trkpt lat="46.753335" lon="7.014621"><ele>715.75</ele></trkpt>
   <trkpt lat="46.753329" lon="7.014822"><ele>715.5</ele></trkpt>
   <trkpt lat="46.753299" lon="7.015253"><ele>716</ele></trkpt>
   <trkpt lat="46.753246" lon="7.01568"><ele>714.5</ele></trkpt>
   <trkpt lat="46.753185" lon="7.016037"><ele>712.75</ele></trkpt>
   <trkpt lat="46.753091" lon="7.016477"><ele>712.75</ele></trkpt>
   <trkpt lat="46.75293" lon="7.01713"><ele>710</ele></trkpt>
   <trkpt lat="46.752464" lon="7.018966"><ele>714</ele></trkpt>
   <trkpt lat="46.751885" lon="7.021243"><ele>710.75</ele></trkpt>
   <trkpt lat="46.751696" lon="7.022022"><ele>709.25</ele></trkpt>
   <trkpt lat="46.751634" lon="7.02232"><ele>708.75</ele></trkpt>
   <trkpt lat="46.751565" lon="7.022719"><ele>707.75</ele></trkpt>
   <trkpt lat="46.751512" lon="7.023105"><ele>708</ele></trkpt>
   <trkpt lat="46.751488" lon="7.023332"><ele>707.5</ele></trkpt>
   <trkpt lat="46.751455" lon="7.023761"><ele>707.75</ele></trkpt>
   <trkpt lat="46.75144" lon="7.024143"><ele>708.25</ele></trkpt>
   <trkpt lat="46.751443" lon="7.024721"><ele>708.25</ele></trkpt>
   <trkpt lat="46.751467" lon="7.025214"><ele>707.25</ele></trkpt>
   <trkpt lat="46.751562" lon="7.026521"><ele>703.5</ele></trkpt>
   <trkpt lat="46.751581" lon="7.027041"><ele>704</ele></trkpt>
   <trkpt lat="46.75158" lon="7.027548"><ele>704.5</ele></trkpt>
   <trkpt lat="46.751556" lon="7.028084"><ele>706.25</ele></trkpt>
   <trkpt lat="46.75153" lon="7.028417"><ele>707.25</ele></trkpt>
   <trkpt lat="46.751381" lon="7.029844"><ele>710.75</ele></trkpt>
   <trkpt lat="46.751353" lon="7.030214"><ele>710.75</ele></trkpt>
   <trkpt lat="46.751338" lon="7.030561"><ele>708.25</ele></trkpt>
   <trkpt lat="46.751334" lon="7.030692"><ele>709.25</ele></trkpt>
   <trkpt lat="46.751328" lon="7.031226"><ele>711</ele></trkpt>
   <trkpt lat="46.751324" lon="7.034011"><ele>714.75</ele></trkpt>
   <trkpt lat="46.751329" lon="7.034643"><ele>715.5</ele></trkpt>
   <trkpt lat="46.751351" lon="7.035217"><ele>714.5</ele></trkpt>
   <trkpt lat="46.75138" lon="7.035658"><ele>713.5</ele></trkpt>
   <trkpt lat="46.751447" lon="7.036331"><ele>713</ele></trkpt>
   <trkpt lat="46.751468" lon="7.036505"><ele>712.25</ele></trkpt>
   <trkpt lat="46.751548" lon="7.037074"><ele>710.75</ele></trkpt>
   <trkpt lat="46.751637" lon="7.037592"><ele>712</ele></trkpt>
   <trkpt lat="46.751754" lon="7.038177"><ele>711.5</ele></trkpt>
   <trkpt lat="46.75188" lon="7.038687"><ele>710.5</ele></trkpt>
   <trkpt lat="46.752018" lon="7.039141"><ele>711.25</ele></trkpt>
   <trkpt lat="46.752174" lon="7.039569"><ele>711.5</ele></trkpt>
   <trkpt lat="46.752298" lon="7.039866"><ele>711.75</ele></trkpt>
   <trkpt lat="46.752509" lon="7.0403"><ele>712</ele></trkpt>
   <trkpt lat="46.752596" lon="7.040459"><ele>712.5</ele></trkpt>
   <trkpt lat="46.752764" lon="7.040742"><ele>712</ele></trkpt>
   <trkpt lat="46.752952" lon="7.041024"><ele>712.75</ele></trkpt>
   <trkpt lat="46.753215" lon="7.041368"><ele>712.75</ele></trkpt>
   <trkpt lat="46.753394" lon="7.041573"><ele>712</ele></trkpt>
   <trkpt lat="46.753559" lon="7.041746"><ele>710.75</ele></trkpt>
   <trkpt lat="46.753725" lon="7.041904"><ele>709.75</ele></trkpt>
   <trkpt lat="46.753986" lon="7.042122"><ele>708.75</ele></trkpt>
   <trkpt lat="46.754277" lon="7.042329"><ele>708.75</ele></trkpt>
   <trkpt lat="46.75439" lon="7.042402"><ele>709</ele></trkpt>
   <trkpt lat="46.75459" lon="7.042515"><ele>708.75</ele></trkpt>
   <trkpt lat="46.754867" lon="7.042656"><ele>708.5</ele></trkpt>
   <trkpt lat="46.75564" lon="7.043027"><ele>706.75</ele></trkpt>
   <trkpt lat="46.755955" lon="7.043204"><ele>704.5</ele></trkpt>
   <trkpt lat="46.75617" lon="7.043343"><ele>704.75</ele></trkpt>
   <trkpt lat="46.756286" lon="7.043423"><ele>702.5</ele></trkpt>
   <trkpt lat="46.756513" lon="7.0436"><ele>703.75</ele></trkpt>
   <trkpt lat="46.756835" lon="7.043872"><ele>704.75</ele></trkpt>
   <trkpt lat="46.757157" lon="7.044166"><ele>706.25</ele></trkpt>
   <trkpt lat="46.757471" lon="7.044491"><ele>706</ele></trkpt>
   <trkpt lat="46.757706" lon="7.044763"><ele>707.5</ele></trkpt>
   <trkpt lat="46.75795" lon="7.045065"><ele>707</ele></trkpt>
   <trkpt lat="46.758175" lon="7.045359"><ele>705.75</ele></trkpt>
   <trkpt lat="46.758399" lon="7.04569"><ele>703.5</ele></trkpt>
   <trkpt lat="46.758618" lon="7.046047"><ele>703</ele></trkpt>
   <trkpt lat="46.758962" lon="7.046663"><ele>702.5</ele></trkpt>
   <trkpt lat="46.759776" lon="7.048177"><ele>701.5</ele></trkpt>
   <trkpt lat="46.759788" lon="7.0482"><ele>701.5</ele></trkpt>
   <trkpt lat="46.760244" lon="7.04908"><ele>700.75</ele></trkpt>
   <trkpt lat="46.76045" lon="7.049517"><ele>700.5</ele></trkpt>
   <trkpt lat="46.760666" lon="7.050063"><ele>696.25</ele></trkpt>
   <trkpt lat="46.760787" lon="7.050414"><ele>696.75</ele></trkpt>
   <trkpt lat="46.760914" lon="7.050816"><ele>698.75</ele></trkpt>
   <trkpt lat="46.761008" lon="7.051154"><ele>698.75</ele></trkpt>
   <trkpt lat="46.761086" lon="7.051463"><ele>698</ele></trkpt>
   <trkpt lat="46.761208" lon="7.05207"><ele>698.5</ele></trkpt>
   <trkpt lat="46.761314" lon="7.052673"><ele>698.25</ele></trkpt>
   <trkpt lat="46.761434" lon="7.053404"><ele>699</ele></trkpt>
   <trkpt lat="46.761516" lon="7.053831"><ele>698.75</ele></trkpt>
   <trkpt lat="46.761604" lon="7.054215"><ele>696.25</ele></trkpt>
   <trkpt lat="46.761729" lon="7.054674"><ele>696.5</ele></trkpt>
   <trkpt lat="46.761896" lon="7.055186"><ele>695</ele></trkpt>
   <trkpt lat="46.762121" lon="7.055807"><ele>694.5</ele></trkpt>
   <trkpt lat="46.764702" lon="7.062832"><ele>686.5</ele></trkpt>
   <trkpt lat="46.764705" lon="7.062841"><ele>686.5</ele></trkpt>
   <trkpt lat="46.764855" lon="7.063245"><ele>684.75</ele></trkpt>
   <trkpt lat="46.76502" lon="7.063623"><ele>686.5</ele></trkpt>
   <trkpt lat="46.76526" lon="7.064075"><ele>685.75</ele></trkpt>
   <trkpt lat="46.765389" lon="7.064286"><ele>684.25</ele></trkpt>
   <trkpt lat="46.765597" lon="7.064584"><ele>684.5</ele></trkpt>
   <trkpt lat="46.765799" lon="7.064835"><ele>685.75</ele></trkpt>
   <trkpt lat="46.766066" lon="7.065121"><ele>686.25</ele></trkpt>
   <trkpt lat="46.766345" lon="7.065371"><ele>686.5</ele></trkpt>
   <trkpt lat="46.766584" lon="7.065552"><ele>686.5</ele></trkpt>
   <trkpt lat="46.766871" lon="7.065731"><ele>688.25</ele></trkpt>
   <trkpt lat="46.767103" lon="7.06585"><ele>687.5</ele></trkpt>
   <trkpt lat="46.767315" lon="7.065938"><ele>688.5</ele></trkpt>
   <trkpt lat="46.767528" lon="7.066009"><ele>688.5</ele></trkpt>
   <trkpt lat="46.767716" lon="7.066058"><ele>687.5</ele></trkpt>
   <trkpt lat="46.768052" lon="7.06611"><ele>685</ele></trkpt>
   <trkpt lat="46.768383" lon="7.066122"><ele>685</ele></trkpt>
   <trkpt lat="46.768654" lon="7.066104"><ele>684</ele></trkpt>
   <trkpt lat="46.768772" lon="7.066087"><ele>684.75</ele></trkpt>
   <trkpt lat="46.768888" lon="7.066065"><ele>685.25</ele></trkpt>
   <trkpt lat="46.769158" lon="7.065995"><ele>688</ele></trkpt>
   <trkpt lat="46.769377" lon="7.065917"><ele>687</ele></trkpt>
   <trkpt lat="46.769537" lon="7.065848"><ele>684.75</ele></trkpt>
   <trkpt lat="46.769834" lon="7.065692"><ele>687</ele></trkpt>
   <trkpt lat="46.770019" lon="7.065575"><ele>684.25</ele></trkpt>
   <trkpt lat="46.770208" lon="7.065438"><ele>686.5</ele></trkpt>
   <trkpt lat="46.770445" lon="7.065239"><ele>685.25</ele></trkpt>
   <trkpt lat="46.77063" lon="7.065062"><ele>685.5</ele></trkpt>
   <trkpt lat="46.770972" lon="7.064681"><ele>685.5</ele></trkpt>
   <trkpt lat="46.773951" lon="7.061001"><ele>676</ele></trkpt>
   <trkpt lat="46.774243" lon="7.060656"><ele>673.75</ele></trkpt>
   <trkpt lat="46.774397" lon="7.060492"><ele>674.75</ele></trkpt>
   <trkpt lat="46.774612" lon="7.06029"><ele>674.5</ele></trkpt>
   <trkpt lat="46.774841" lon="7.060104"><ele>673</ele></trkpt>
   <trkpt lat="46.775128" lon="7.0599"><ele>672.5</ele></trkpt>
   <trkpt lat="46.775381" lon="7.059734"><ele>673.75</ele></trkpt>
   <trkpt lat="46.776159" lon="7.059233"><ele>674.25</ele></trkpt>
   <trkpt lat="46.776707" lon="7.058893"><ele>675.25</ele></trkpt>
   <trkpt lat="46.77719" lon="7.058613"><ele>674.75</ele></trkpt>
   <trkpt lat="46.77735" lon="7.058531"><ele>677.25</ele></trkpt>
   <trkpt lat="46.777599" lon="7.05842"><ele>678.25</ele></trkpt>
   <trkpt lat="46.777935" lon="7.058306"><ele>673.75</ele></trkpt>
   <trkpt lat="46.778079" lon="7.058268"><ele>674.75</ele></trkpt>
   <trkpt lat="46.77829" lon="7.058228"><ele>676</ele></trkpt>
   <trkpt lat="46.778493" lon="7.058201"><ele>676.5</ele></trkpt>
   <trkpt lat="46.778735" lon="7.05819"><ele>676.25</ele></trkpt>
   <trkpt lat="46.778937" lon="7.058197"><ele>675.75</ele></trkpt>
   <trkpt lat="46.77912" lon="7.058217"><ele>675.25</ele></trkpt>
   <trkpt lat="46.779287" lon="7.058246"><ele>673.75</ele></trkpt>
   <trkpt lat="46.779485" lon="7.058294"><ele>671.75</ele></trkpt>
   <trkpt lat="46.779702" lon="7.058364"><ele>671.5</ele></trkpt>
   <trkpt lat="46.779864" lon="7.058429"><ele>672.75</ele></trkpt>
   <trkpt lat="46.780186" lon="7.058588"><ele>671</ele></trkpt>
   <trkpt lat="46.780387" lon="7.058712"><ele>669.75</ele></trkpt>
   <trkpt lat="46.780576" lon="7.058846"><ele>668.5</ele></trkpt>
   <trkpt lat="46.780742" lon="7.058978"><ele>667.75</ele></trkpt>
   <trkpt lat="46.780901" lon="7.05912"><ele>668.25</ele></trkpt>
   <trkpt lat="46.781111" lon="7.059332"><ele>667.75</ele></trkpt>
   <trkpt lat="46.781252" lon="7.059492"><ele>667.25</ele></trkpt>
   <trkpt lat="46.781403" lon="7.059678"><ele>667.5</ele></trkpt>
   <trkpt lat="46.781535" lon="7.059859"><ele>666.25</ele></trkpt>
   <trkpt lat="46.7817" lon="7.060111"><ele>667</ele></trkpt>
   <trkpt lat="46.781865" lon="7.060395"><ele>666.5</ele></trkpt>
   <trkpt lat="46.782022" lon="7.060704"><ele>666.5</ele></trkpt>
   <trkpt lat="46.782169" lon="7.061039"><ele>666.75</ele></trkpt>
   <trkpt lat="46.78232" lon="7.061449"><ele>666.25</ele></trkpt>
   <trkpt lat="46.782423" lon="7.06178"><ele>666.25</ele></trkpt>
   <trkpt lat="46.78252" lon="7.06215"><ele>667</ele></trkpt>
   <trkpt lat="46.782601" lon="7.06253"><ele>667</ele></trkpt>
   <trkpt lat="46.782679" lon="7.063016"><ele>666.75</ele></trkpt>
   <trkpt lat="46.782706" lon="7.063238"><ele>667</ele></trkpt>
   <trkpt lat="46.782746" lon="7.063711"><ele>666.75</ele></trkpt>
   <trkpt lat="46.782768" lon="7.064074"><ele>666.75</ele></trkpt>
   <trkpt lat="46.782831" lon="7.065407"><ele>667.5</ele></trkpt>
   <trkpt lat="46.782915" lon="7.06718"><ele>667.25</ele></trkpt>
   <trkpt lat="46.78294" lon="7.067679"><ele>666</ele></trkpt>
   <trkpt lat="46.783016" lon="7.069258"><ele>664</ele></trkpt>
   <trkpt lat="46.783082" lon="7.070271"><ele>663.25</ele></trkpt>
   <trkpt lat="46.783142" lon="7.070982"><ele>663</ele></trkpt>
   <trkpt lat="46.783255" lon="7.072023"><ele>662</ele></trkpt>
   <trkpt lat="46.783347" lon="7.072718"><ele>662.25</ele></trkpt>
   <trkpt lat="46.783451" lon="7.073409"><ele>661.25</ele></trkpt>
   <trkpt lat="46.783568" lon="7.074097"><ele>660.75</ele></trkpt>
   <trkpt lat="46.783695" lon="7.074779"><ele>661.75</ele></trkpt>
   <trkpt lat="46.783908" lon="7.075789"><ele>659.5</ele></trkpt>
   <trkpt lat="46.784053" lon="7.07641"><ele>660.5</ele></trkpt>
   <trkpt lat="46.784189" lon="7.076932"><ele>659.5</ele></trkpt>
   <trkpt lat="46.784326" lon="7.077389"><ele>662</ele></trkpt>
   <trkpt lat="46.784402" lon="7.077614"><ele>660</ele></trkpt>
   <trkpt lat="46.784571" lon="7.078054"><ele>664.25</ele></trkpt>
   <trkpt lat="46.784755" lon="7.078472"><ele>660.5</ele></trkpt>
   <trkpt lat="46.784958" lon="7.078874"><ele>659.75</ele></trkpt>
   <trkpt lat="46.785178" lon="7.079257"><ele>660</ele></trkpt>
   <trkpt lat="46.785402" lon="7.079601"><ele>659</ele></trkpt>
   <trkpt lat="46.785651" lon="7.079941"><ele>657.75</ele></trkpt>
   <trkpt lat="46.78589" lon="7.080242"><ele>656.75</ele></trkpt>
   <trkpt lat="46.786345" lon="7.080811"><ele>654.75</ele></trkpt>
   <trkpt lat="46.786442" lon="7.080937"><ele>654.25</ele></trkpt>
   <trkpt lat="46.786627" lon="7.081193"><ele>653.5</ele></trkpt>
   <trkpt lat="46.786732" lon="7.081352"><ele>653.25</ele></trkpt>
   <trkpt lat="46.786935" lon="7.081688"><ele>652.75</ele></trkpt>
   <trkpt lat="46.787029" lon="7.081863"><ele>651.25</ele></trkpt>
   <trkpt lat="46.787207" lon="7.082228"><ele>652.75</ele></trkpt>
   <trkpt lat="46.787366" lon="7.082609"><ele>651.5</ele></trkpt>
   <trkpt lat="46.787506" lon="7.083007"><ele>651.75</ele></trkpt>
   <trkpt lat="46.787634" lon="7.083438"><ele>648.5</ele></trkpt>
   <trkpt lat="46.787744" lon="7.083889"><ele>650.25</ele></trkpt>
   <trkpt lat="46.787827" lon="7.084327"><ele>649.75</ele></trkpt>
   <trkpt lat="46.787886" lon="7.084743"><ele>646.5</ele></trkpt>
   <trkpt lat="46.787928" lon="7.085184"><ele>646.25</ele></trkpt>
   <trkpt lat="46.78795" lon="7.085633"><ele>645</ele></trkpt>
   <trkpt lat="46.78795" lon="7.08607"><ele>645</ele></trkpt>
   <trkpt lat="46.787928" lon="7.086515"><ele>645.5</ele></trkpt>
   <trkpt lat="46.787885" lon="7.086952"><ele>646.75</ele></trkpt>
   <trkpt lat="46.787856" lon="7.087172"><ele>647.75</ele></trkpt>
   <trkpt lat="46.787784" lon="7.087591"><ele>649</ele></trkpt>
   <trkpt lat="46.787487" lon="7.088969"><ele>648.25</ele></trkpt>
   <trkpt lat="46.787445" lon="7.089181"><ele>649.75</ele></trkpt>
   <trkpt lat="46.787372" lon="7.089612"><ele>652.75</ele></trkpt>
   <trkpt lat="46.787322" lon="7.090051"><ele>650.25</ele></trkpt>
   <trkpt lat="46.787305" lon="7.090269"><ele>649.25</ele></trkpt>
   <trkpt lat="46.787288" lon="7.090714"><ele>648.75</ele></trkpt>
   <trkpt lat="46.787293" lon="7.09116"><ele>647.5</ele></trkpt>
   <trkpt lat="46.787322" lon="7.091606"><ele>647.25</ele></trkpt>
   <trkpt lat="46.787372" lon="7.092045"><ele>647.25</ele></trkpt>
   <trkpt lat="46.787444" lon="7.092475"><ele>645.5</ele></trkpt>
   <trkpt lat="46.787539" lon="7.092902"><ele>645.75</ele></trkpt>
   <trkpt lat="46.787655" lon="7.093315"><ele>649</ele></trkpt>
   <trkpt lat="46.787791" lon="7.093715"><ele>643.75</ele></trkpt>
   <trkpt lat="46.787866" lon="7.093911"><ele>644.5</ele></trkpt>
   <trkpt lat="46.788076" lon="7.094433"><ele>643.25</ele></trkpt>
   <trkpt lat="46.789255" lon="7.097296"><ele>642</ele></trkpt>
   <trkpt lat="46.789608" lon="7.098151"><ele>641.5</ele></trkpt>
   <trkpt lat="46.789771" lon="7.098526"><ele>643</ele></trkpt>
   <trkpt lat="46.789946" lon="7.098887"><ele>641.5</ele></trkpt>
   <trkpt lat="46.790041" lon="7.099064"><ele>643</ele></trkpt>
   <trkpt lat="46.790192" lon="7.099318"><ele>642</ele></trkpt>
   <trkpt lat="46.790349" lon="7.099566"><ele>642.25</ele></trkpt>
   <trkpt lat="46.791149" lon="7.100772"><ele>642.25</ele></trkpt>
   <trkpt lat="46.791448" lon="7.10127"><ele>641.75</ele></trkpt>
   <trkpt lat="46.791627" lon="7.101618"><ele>642.5</ele></trkpt>
   <trkpt lat="46.791783" lon="7.101971"><ele>642.5</ele></trkpt>
   <trkpt lat="46.791862" lon="7.10217"><ele>642</ele></trkpt>
   <trkpt lat="46.791997" lon="7.102557"><ele>642</ele></trkpt>
   <trkpt lat="46.792115" lon="7.102963"><ele>639</ele></trkpt>
   <trkpt lat="46.792203" lon="7.103341"><ele>642</ele></trkpt>
   <trkpt lat="46.792278" lon="7.103742"><ele>643.5</ele></trkpt>
   <trkpt lat="46.792323" lon="7.104063"><ele>648.5</ele></trkpt>
   <trkpt lat="46.792365" lon="7.10447"><ele>648.75</ele></trkpt>
   <trkpt lat="46.792386" lon="7.104785"><ele>648.5</ele></trkpt>
   <trkpt lat="46.792488" lon="7.106975"><ele>643</ele></trkpt>
   <trkpt lat="46.792544" lon="7.108223"><ele>644.75</ele></trkpt>
   <trkpt lat="46.792558" lon="7.108904"><ele>645.25</ele></trkpt>
   <trkpt lat="46.792547" lon="7.109285"><ele>645</ele></trkpt>
   <trkpt lat="46.792523" lon="7.109644"><ele>644</ele></trkpt>
   <trkpt lat="46.792496" lon="7.109914"><ele>643</ele></trkpt>
   <trkpt lat="46.792458" lon="7.110179"><ele>644</ele></trkpt>
   <trkpt lat="46.792385" lon="7.110582"><ele>644.25</ele></trkpt>
   <trkpt lat="46.792326" lon="7.110849"><ele>643.25</ele></trkpt>
   <trkpt lat="46.79226" lon="7.111109"><ele>642.25</ele></trkpt>
   <trkpt lat="46.792177" lon="7.111391"><ele>640.25</ele></trkpt>
   <trkpt lat="46.792086" lon="7.111664"><ele>638.5</ele></trkpt>
   <trkpt lat="46.791991" lon="7.111922"><ele>641</ele></trkpt>
   <trkpt lat="46.791896" lon="7.112146"><ele>639.25</ele></trkpt>
   <trkpt lat="46.791773" lon="7.112412"><ele>639.75</ele></trkpt>
   <trkpt lat="46.791635" lon="7.112678"><ele>641.75</ele></trkpt>
   <trkpt lat="46.791527" lon="7.112866"><ele>641.75</ele></trkpt>
   <trkpt lat="46.79123" lon="7.113329"><ele>643.5</ele></trkpt>
   <trkpt lat="46.790841" lon="7.113894"><ele>642.25</ele></trkpt>
   <trkpt lat="46.790666" lon="7.114164"><ele>643.25</ele></trkpt>
   <trkpt lat="46.790463" lon="7.114524"><ele>642.75</ele></trkpt>
   <trkpt lat="46.790302" lon="7.11483"><ele>641.25</ele></trkpt>
   <trkpt lat="46.790138" lon="7.115225"><ele>640.5</ele></trkpt>
   <trkpt lat="46.78999" lon="7.115628"><ele>639.75</ele></trkpt>
   <trkpt lat="46.789852" lon="7.116089"><ele>638.75</ele></trkpt>
   <trkpt lat="46.789746" lon="7.116506"><ele>638.75</ele></trkpt>
   <trkpt lat="46.789521" lon="7.117466"><ele>637.5</ele></trkpt>
   <trkpt lat="46.789388" lon="7.117958"><ele>635.25</ele></trkpt>
   <trkpt lat="46.789367" lon="7.118028"><ele>634.5</ele></trkpt>
   <trkpt lat="46.789296" lon="7.118246"><ele>635</ele></trkpt>
   <trkpt lat="46.789192" lon="7.11853"><ele>637.25</ele></trkpt>
   <trkpt lat="46.789105" lon="7.118742"><ele>636.25</ele></trkpt>
   <trkpt lat="46.788996" lon="7.118986"><ele>636</ele></trkpt>
   <trkpt lat="46.788869" lon="7.119239"><ele>637.75</ele></trkpt>
   <trkpt lat="46.788752" lon="7.119453"><ele>636</ele></trkpt>
   <trkpt lat="46.788593" lon="7.11972"><ele>637.5</ele></trkpt>
   <trkpt lat="46.78808" lon="7.12053"><ele>638.5</ele></trkpt>
   <trkpt lat="46.787874" lon="7.120878"><ele>638.75</ele></trkpt>
   <trkpt lat="46.787776" lon="7.121056"><ele>639.75</ele></trkpt>
   <trkpt lat="46.787632" lon="7.121348"><ele>640.5</ele></trkpt>
   <trkpt lat="46.787518" lon="7.121609"><ele>640.25</ele></trkpt>
   <trkpt lat="46.787408" lon="7.121889"><ele>645.25</ele></trkpt>
   <trkpt lat="46.787282" lon="7.122264"><ele>644</ele></trkpt>
   <trkpt lat="46.787206" lon="7.12253"><ele>641.5</ele></trkpt>
   <trkpt lat="46.787123" lon="7.122868"><ele>645.25</ele></trkpt>
   <trkpt lat="46.787052" lon="7.12322"><ele>644.25</ele></trkpt>
   <trkpt lat="46.787003" lon="7.123528"><ele>643</ele></trkpt>
   <trkpt lat="46.786966" lon="7.123836"><ele>641.5</ele></trkpt>
   <trkpt lat="46.786934" lon="7.124218"><ele>641.5</ele></trkpt>
   <trkpt lat="46.786923" lon="7.124488"><ele>641.25</ele></trkpt>
   <trkpt lat="46.786919" lon="7.124684"><ele>641</ele></trkpt>
   <trkpt lat="46.786924" lon="7.125047"><ele>641.25</ele></trkpt>
   <trkpt lat="46.786949" lon="7.125477"><ele>642.25</ele></trkpt>
   <trkpt lat="46.786999" lon="7.125943"><ele>643.25</ele></trkpt>
   <trkpt lat="46.787055" lon="7.126298"><ele>642.75</ele></trkpt>
   <trkpt lat="46.787142" lon="7.126728"><ele>641.75</ele></trkpt>
   <trkpt lat="46.787256" lon="7.127164"><ele>644</ele></trkpt>
   <trkpt lat="46.787384" lon="7.127562"><ele>644.75</ele></trkpt>
   <trkpt lat="46.787489" lon="7.127846"><ele>644.5</ele></trkpt>
   <trkpt lat="46.787656" lon="7.128234"><ele>646</ele></trkpt>
   <trkpt lat="46.787839" lon="7.128615"><ele>644.5</ele></trkpt>
   <trkpt lat="46.788146" lon="7.129216"><ele>645.5</ele></trkpt>
   <trkpt lat="46.788344" lon="7.129622"><ele>645.25</ele></trkpt>
   <trkpt lat="46.788459" lon="7.129881"><ele>644.5</ele></trkpt>
   <trkpt lat="46.788564" lon="7.130143"><ele>643.75</ele></trkpt>
   <trkpt lat="46.788702" lon="7.130542"><ele>644.5</ele></trkpt>
   <trkpt lat="46.788787" lon="7.130829"><ele>643</ele></trkpt>
   <trkpt lat="46.788863" lon="7.13113"><ele>643.25</ele></trkpt>
   <trkpt lat="46.788948" lon="7.131541"><ele>645.25</ele></trkpt>
   <trkpt lat="46.789008" lon="7.131923"><ele>646</ele></trkpt>
   <trkpt lat="46.789049" lon="7.132288"><ele>646.75</ele></trkpt>
   <trkpt lat="46.789068" lon="7.132548"><ele>647</ele></trkpt>
   <trkpt lat="46.789081" lon="7.132831"><ele>646.5</ele></trkpt>
   <trkpt lat="46.789088" lon="7.133471"><ele>645.25</ele></trkpt>
   <trkpt lat="46.789065" lon="7.13601"><ele>643.75</ele></trkpt>
   <trkpt lat="46.789067" lon="7.136525"><ele>643.25</ele></trkpt>
   <trkpt lat="46.789081" lon="7.137008"><ele>643.25</ele></trkpt>
   <trkpt lat="46.789114" lon="7.137504"><ele>643.25</ele></trkpt>
   <trkpt lat="46.789171" lon="7.13802"><ele>642</ele></trkpt>
   <trkpt lat="46.789219" lon="7.138347"><ele>642.5</ele></trkpt>
   <trkpt lat="46.78931" lon="7.138841"><ele>642.25</ele></trkpt>
   <trkpt lat="46.789438" lon="7.139386"><ele>642</ele></trkpt>
   <trkpt lat="46.78958" lon="7.139881"><ele>641.75</ele></trkpt>
   <trkpt lat="46.789687" lon="7.140205"><ele>641</ele></trkpt>
   <trkpt lat="46.789804" lon="7.140524"><ele>642</ele></trkpt>
   <trkpt lat="46.789999" lon="7.140989"><ele>641.75</ele></trkpt>
   <trkpt lat="46.790204" lon="7.141421"><ele>642</ele></trkpt>
   <trkpt lat="46.790622" lon="7.142227"><ele>642</ele></trkpt>
   <trkpt lat="46.790863" lon="7.142708"><ele>642.25</ele></trkpt>
   <trkpt lat="46.790985" lon="7.142978"><ele>642.5</ele></trkpt>
   <trkpt lat="46.791087" lon="7.143228"><ele>641.5</ele></trkpt>
   <trkpt lat="46.791176" lon="7.143474"><ele>641.75</ele></trkpt>
   <trkpt lat="46.791295" lon="7.143847"><ele>638</ele></trkpt>
   <trkpt lat="46.791647" lon="7.145166"><ele>640</ele></trkpt>
   <trkpt lat="46.791767" lon="7.145544"><ele>643.25</ele></trkpt>
   <trkpt lat="46.791903" lon="7.145907"><ele>641.25</ele></trkpt>
   <trkpt lat="46.792053" lon="7.146255"><ele>641.5</ele></trkpt>
   <trkpt lat="46.792219" lon="7.146583"><ele>639.25</ele></trkpt>
   <trkpt lat="46.792396" lon="7.14689"><ele>641</ele></trkpt>
   <trkpt lat="46.792607" lon="7.147207"><ele>639.25</ele></trkpt>
   <trkpt lat="46.792834" lon="7.147501"><ele>637.5</ele></trkpt>
   <trkpt lat="46.793024" lon="7.147719"><ele>637.5</ele></trkpt>
   <trkpt lat="46.793121" lon="7.14782"><ele>638</ele></trkpt>
   <trkpt lat="46.793374" lon="7.148056"><ele>637.25</ele></trkpt>
   <trkpt lat="46.793621" lon="7.148252"><ele>637</ele></trkpt>
   <trkpt lat="46.793876" lon="7.148424"><ele>637.5</ele></trkpt>
   <trkpt lat="46.794259" lon="7.148641"><ele>636.75</ele></trkpt>
   <trkpt lat="46.794818" lon="7.148922"><ele>636.25</ele></trkpt>
   <trkpt lat="46.795113" lon="7.14905"><ele>636.5</ele></trkpt>
   <trkpt lat="46.795336" lon="7.149127"><ele>634.75</ele></trkpt>
   <trkpt lat="46.795492" lon="7.149168"><ele>634</ele></trkpt>
   <trkpt lat="46.795831" lon="7.149227"><ele>634.25</ele></trkpt>
   <trkpt lat="46.79624" lon="7.149236"><ele>631.5</ele></trkpt>
   <trkpt lat="46.796495" lon="7.149218"><ele>631</ele></trkpt>
   <trkpt lat="46.796848" lon="7.149145"><ele>630.75</ele></trkpt>
   <trkpt lat="46.797101" lon="7.14907"><ele>630.25</ele></trkpt>
   <trkpt lat="46.79735" lon="7.148982"><ele>629.75</ele></trkpt>
   <trkpt lat="46.797607" lon="7.148924"><ele>629.5</ele></trkpt>
   <trkpt lat="46.797767" lon="7.148898"><ele>629.75</ele></trkpt>
   <trkpt lat="46.798232" lon="7.148746"><ele>629.5</ele></trkpt>
   <trkpt lat="46.798563" lon="7.148667"><ele>629</ele></trkpt>
   <trkpt lat="46.798773" lon="7.148641"><ele>629</ele></trkpt>
   <trkpt lat="46.799005" lon="7.148632"><ele>629</ele></trkpt>
   <trkpt lat="46.799347" lon="7.148658"><ele>629</ele></trkpt>
   <trkpt lat="46.799633" lon="7.148712"><ele>629</ele></trkpt>
   <trkpt lat="46.800003" lon="7.148802"><ele>629</ele></trkpt>
   <trkpt lat="46.800375" lon="7.148923"><ele>629</ele></trkpt>
   <trkpt lat="46.8006" lon="7.149019"><ele>629</ele></trkpt>
   <trkpt lat="46.801034" lon="7.149264"><ele>629</ele></trkpt>
   <trkpt lat="46.801228" lon="7.149384"><ele>629</ele></trkpt>
   <trkpt lat="46.801477" lon="7.14958"><ele>629</ele></trkpt>
   <trkpt lat="46.802183" lon="7.150127"><ele>629</ele></trkpt>
   <trkpt lat="46.803124" lon="7.150856"><ele>628.5</ele></trkpt>
   <trkpt lat="46.804089" lon="7.151615"><ele>627.5</ele></trkpt>
   <trkpt lat="46.804347" lon="7.151823"><ele>626.75</ele></trkpt>
   <trkpt lat="46.804471" lon="7.151924"><ele>628</ele></trkpt>
   <trkpt lat="46.804546" lon="7.151984"><ele>627.75</ele></trkpt>
   <trkpt lat="46.804553" lon="7.15199"><ele>627.75</ele></trkpt>
   <trkpt lat="46.804744" lon="7.152128"><ele>627.75</ele></trkpt>
   <trkpt lat="46.804905" lon="7.152227"><ele>627.75</ele></trkpt>
   <trkpt lat="46.804989" lon="7.152278"><ele>627.5</ele></trkpt>
   <trkpt lat="46.805279" lon="7.152512"><ele>626.75</ele></trkpt>
   <trkpt lat="46.805477" lon="7.15267"><ele>626.25</ele></trkpt>
   <trkpt lat="46.806067" lon="7.153139"><ele>625.5</ele></trkpt>
   <trkpt lat="46.806387" lon="7.153351"><ele>625.25</ele></trkpt>
   <trkpt lat="46.80668" lon="7.153502"><ele>625</ele></trkpt>
   <trkpt lat="46.806953" lon="7.153604"><ele>625</ele></trkpt>
   <trkpt lat="46.807071" lon="7.153639"><ele>625.25</ele></trkpt>
   <trkpt lat="46.807298" lon="7.15369"><ele>625.75</ele></trkpt>
   <trkpt lat="46.807578" lon="7.153723"><ele>626.75</ele></trkpt>
   <trkpt lat="46.807791" lon="7.153728"><ele>628</ele></trkpt>
   <trkpt lat="46.808003" lon="7.153721"><ele>626.5</ele></trkpt>
   <trkpt lat="46.809577" lon="7.153602"><ele>621.5</ele></trkpt>
   <trkpt lat="46.809776" lon="7.153587"><ele>621.25</ele></trkpt>
   <trkpt lat="46.810297" lon="7.153548"><ele>619.75</ele></trkpt>
   <trkpt lat="46.810802" lon="7.153521"><ele>619</ele></trkpt>
   <trkpt lat="46.811116" lon="7.153528"><ele>619</ele></trkpt>
   <trkpt lat="46.81123" lon="7.153538"><ele>619.5</ele></trkpt>
   <trkpt lat="46.811631" lon="7.153597"><ele>619.25</ele></trkpt>
   <trkpt lat="46.811883" lon="7.153657"><ele>619</ele></trkpt>
   <trkpt lat="46.812156" lon="7.153739"><ele>619.75</ele></trkpt>
   <trkpt lat="46.812367" lon="7.153817"><ele>618.5</ele></trkpt>
   <trkpt lat="46.812486" lon="7.153871"><ele>617.25</ele></trkpt>
   <trkpt lat="46.812652" lon="7.153951"><ele>617</ele></trkpt>
   <trkpt lat="46.813035" lon="7.154173"><ele>616.75</ele></trkpt>
   <trkpt lat="46.813256" lon="7.154328"><ele>615.5</ele></trkpt>
   <trkpt lat="46.813524" lon="7.154542"><ele>613.5</ele></trkpt>
   <trkpt lat="46.813798" lon="7.154785"><ele>613.5</ele></trkpt>
   <trkpt lat="46.814986" lon="7.155896"><ele>607.5</ele></trkpt>
   <trkpt lat="46.815032" lon="7.155943"><ele>607</ele></trkpt>
   <trkpt lat="46.815216" lon="7.156112"><ele>608.25</ele></trkpt>
   <trkpt lat="46.816462" lon="7.157281"><ele>608</ele></trkpt>
   <trkpt lat="46.816598" lon="7.157407"><ele>607.75</ele></trkpt>
   <trkpt lat="46.818007" lon="7.158739"><ele>607.25</ele></trkpt>
   <trkpt lat="46.818955" lon="7.159617"><ele>608.5</ele></trkpt>
   <trkpt lat="46.819474" lon="7.160109"><ele>609</ele></trkpt>
   <trkpt lat="46.819912" lon="7.160527"><ele>608.25</ele></trkpt>
   <trkpt lat="46.820249" lon="7.160866"><ele>606.5</ele></trkpt>
   <trkpt lat="46.820571" lon="7.161235"><ele>605.75</ele></trkpt>
   <trkpt lat="46.820906" lon="7.161683"><ele>603.75</ele></trkpt>
   <trkpt lat="46.821214" lon="7.162167"><ele>602.75</ele></trkpt>
   <trkpt lat="46.821534" lon="7.16271"><ele>601.25</ele></trkpt>
   <trkpt lat="46.821814" lon="7.16324"><ele>600</ele></trkpt>
   <trkpt lat="46.821883" lon="7.163373"><ele>600</ele></trkpt>
   <trkpt lat="46.822427" lon="7.16427"><ele>600.25</ele></trkpt>
   <trkpt lat="46.822752" lon="7.164715"><ele>599.75</ele></trkpt>
   <trkpt lat="46.823092" lon="7.165135"><ele>599.25</ele></trkpt>
   <trkpt lat="46.82346" lon="7.165529"><ele>598</ele></trkpt>
   <trkpt lat="46.823839" lon="7.165879"><ele>597.25</ele></trkpt>
   <trkpt lat="46.824287" lon="7.166239"><ele>595.25</ele></trkpt>
   <trkpt lat="46.824482" lon="7.166379"><ele>596</ele></trkpt>
   <trkpt lat="46.827571" lon="7.168612"><ele>593.25</ele></trkpt>
   <trkpt lat="46.827867" lon="7.168826"><ele>595.75</ele></trkpt>
   <trkpt lat="46.827879" lon="7.168835"><ele>595.75</ele></trkpt>
   <trkpt lat="46.832206" lon="7.171976"><ele>597.25</ele></trkpt>
   <trkpt lat="46.83259" lon="7.172303"><ele>598</ele></trkpt>
   <trkpt lat="46.832961" lon="7.172674"><ele>597.25</ele></trkpt>
   <trkpt lat="46.83327" lon="7.173046"><ele>597</ele></trkpt>
   <trkpt lat="46.833563" lon="7.17346"><ele>596.5</ele></trkpt>
   <trkpt lat="46.833763" lon="7.173779"><ele>596.25</ele></trkpt>
   <trkpt lat="46.834022" lon="7.174244"><ele>596.25</ele></trkpt>
   <trkpt lat="46.834442" lon="7.175057"><ele>595.75</ele></trkpt>
   <trkpt lat="46.83494" lon="7.176048"><ele>594.25</ele></trkpt>
   <trkpt lat="46.835039" lon="7.176223"><ele>594.25</ele></trkpt>
   <trkpt lat="46.835283" lon="7.176656"><ele>596.5</ele></trkpt>
   <trkpt lat="46.835538" lon="7.177035"><ele>594.25</ele></trkpt>
   <trkpt lat="46.835766" lon="7.177347"><ele>593.75</ele></trkpt>
   <trkpt lat="46.836026" lon="7.177661"><ele>594.5</ele></trkpt>
   <trkpt lat="46.836298" lon="7.177949"><ele>595.25</ele></trkpt>
   <trkpt lat="46.836602" lon="7.178226"><ele>596.25</ele></trkpt>
   <trkpt lat="46.836917" lon="7.178476"><ele>596.75</ele></trkpt>
   <trkpt lat="46.837552" lon="7.178969"><ele>597.5</ele></trkpt>
   <trkpt lat="46.838532" lon="7.179703"><ele>598.25</ele></trkpt>
   <trkpt lat="46.845796" lon="7.185225"><ele>593.25</ele></trkpt>
   <trkpt lat="46.846254" lon="7.185574"><ele>592</ele></trkpt>
   <trkpt lat="46.847574" lon="7.186577"><ele>589.5</ele></trkpt>
   <trkpt lat="46.847609" lon="7.186604"><ele>589.5</ele></trkpt>
   <trkpt lat="46.848519" lon="7.187292"><ele>594.5</ele></trkpt>
   <trkpt lat="46.848589" lon="7.18735"><ele>595</ele></trkpt>
   <trkpt lat="46.848753" lon="7.187486"><ele>595</ele></trkpt>
   <trkpt lat="46.849051" lon="7.187752"><ele>594.75</ele></trkpt>
   <trkpt lat="46.849198" lon="7.187868"><ele>595</ele></trkpt>
   <trkpt lat="46.84947" lon="7.188077"><ele>594.75</ele></trkpt>
   <trkpt lat="46.849998" lon="7.188535"><ele>594.5</ele></trkpt>
   <trkpt lat="46.850389" lon="7.188929"><ele>595</ele></trkpt>
   <trkpt lat="46.850839" lon="7.18942"><ele>594.75</ele></trkpt>
   <trkpt lat="46.851075" lon="7.189689"><ele>595.5</ele></trkpt>
   <trkpt lat="46.851196" lon="7.189836"><ele>595.75</ele></trkpt>
   <trkpt lat="46.851409" lon="7.190117"><ele>596</ele></trkpt>
   <trkpt lat="46.851858" lon="7.190743"><ele>596</ele></trkpt>
   <trkpt lat="46.852187" lon="7.191219"><ele>596</ele></trkpt>
   <trkpt lat="46.852229" lon="7.191284"><ele>596</ele></trkpt>
   <trkpt lat="46.852567" lon="7.191796"><ele>596.75</ele></trkpt>
   <trkpt lat="46.852824" lon="7.192211"><ele>597</ele></trkpt>
   <trkpt lat="46.853076" lon="7.192659"><ele>597.75</ele></trkpt>
   <trkpt lat="46.853502" lon="7.193476"><ele>599.75</ele></trkpt>
   <trkpt lat="46.855276" lon="7.196966"><ele>598</ele></trkpt>
   <trkpt lat="46.85602" lon="7.198427"><ele>596</ele></trkpt>
   <trkpt lat="46.856231" lon="7.198825"><ele>595.5</ele></trkpt>
   <trkpt lat="46.856376" lon="7.199075"><ele>596.25</ele></trkpt>
   <trkpt lat="46.856546" lon="7.199345"><ele>595.25</ele></trkpt>
   <trkpt lat="46.856643" lon="7.199488"><ele>595.75</ele></trkpt>
   <trkpt lat="46.856841" lon="7.199756"><ele>594.75</ele></trkpt>
   <trkpt lat="46.856935" lon="7.199876"><ele>595.5</ele></trkpt>
   <trkpt lat="46.857278" lon="7.200262"><ele>596.75</ele></trkpt>
   <trkpt lat="46.857545" lon="7.200524"><ele>596.5</ele></trkpt>
   <trkpt lat="46.858011" lon="7.200925"><ele>595.75</ele></trkpt>
   <trkpt lat="46.859319" lon="7.202024"><ele>596.25</ele></trkpt>
   <trkpt lat="46.86116" lon="7.20357"><ele>598.75</ele></trkpt>
   <trkpt lat="46.861543" lon="7.203909"><ele>599.5</ele></trkpt>
   <trkpt lat="46.861776" lon="7.204141"><ele>599</ele></trkpt>
   <trkpt lat="46.861891" lon="7.204269"><ele>598.75</ele></trkpt>
   <trkpt lat="46.862003" lon="7.204403"><ele>598.25</ele></trkpt>
   <trkpt lat="46.862227" lon="7.204705"><ele>598.75</ele></trkpt>
   <trkpt lat="46.862441" lon="7.205037"><ele>597.5</ele></trkpt>
   <trkpt lat="46.862538" lon="7.205209"><ele>597</ele></trkpt>
   <trkpt lat="46.862632" lon="7.205386"><ele>595.75</ele></trkpt>
   <trkpt lat="46.862793" lon="7.205735"><ele>596.75</ele></trkpt>
   <trkpt lat="46.862949" lon="7.206122"><ele>596.25</ele></trkpt>
   <trkpt lat="46.863019" lon="7.206323"><ele>598</ele></trkpt>
   <trkpt lat="46.863142" lon="7.206732"><ele>598.25</ele></trkpt>
   <trkpt lat="46.863194" lon="7.206941"><ele>598</ele></trkpt>
   <trkpt lat="46.863245" lon="7.207168"><ele>598</ele></trkpt>
   <trkpt lat="46.863326" lon="7.20763"><ele>599.25</ele></trkpt>
   <trkpt lat="46.863359" lon="7.207863"><ele>600</ele></trkpt>
   <trkpt lat="46.863406" lon="7.208276"><ele>600.5</ele></trkpt>
   <trkpt lat="46.863445" lon="7.208692"><ele>601</ele></trkpt>
   <trkpt lat="46.864063" lon="7.215289"><ele>601.75</ele></trkpt>
   <trkpt lat="46.864137" lon="7.216049"><ele>603.25</ele></trkpt>
   <trkpt lat="46.86422" lon="7.216716"><ele>602.25</ele></trkpt>
   <trkpt lat="46.864255" lon="7.216944"><ele>602.25</ele></trkpt>
   <trkpt lat="46.86433" lon="7.2174"><ele>601.25</ele></trkpt>
   <trkpt lat="46.865048" lon="7.221534"><ele>604.75</ele></trkpt>
   <trkpt lat="46.866211" lon="7.228246"><ele>607</ele></trkpt>
   <trkpt lat="46.866677" lon="7.230943"><ele>605.5</ele></trkpt>
   <trkpt lat="46.86676" lon="7.231443"><ele>605.5</ele></trkpt>
   <trkpt lat="46.866828" lon="7.231934"><ele>605</ele></trkpt>
   <trkpt lat="46.866875" lon="7.232438"><ele>605</ele></trkpt>
   <trkpt lat="46.866898" lon="7.232948"><ele>604</ele></trkpt>
   <trkpt lat="46.8669" lon="7.233459"><ele>604</ele></trkpt>
   <trkpt lat="46.866891" lon="7.234013"><ele>604.25</ele></trkpt>
   <trkpt lat="46.866861" lon="7.235003"><ele>604.75</ele></trkpt>
   <trkpt lat="46.866668" lon="7.242331"><ele>598.75</ele></trkpt>
   <trkpt lat="46.866634" lon="7.243327"><ele>598</ele></trkpt>
   <trkpt lat="46.866602" lon="7.243764"><ele>596.5</ele></trkpt>
   <trkpt lat="46.866541" lon="7.244299"><ele>596</ele></trkpt>
   <trkpt lat="46.866455" lon="7.244843"><ele>598.75</ele></trkpt>
   <trkpt lat="46.866323" lon="7.245463"><ele>599.5</ele></trkpt>
   <trkpt lat="46.866225" lon="7.245837"><ele>600.25</ele></trkpt>
   <trkpt lat="46.866087" lon="7.246295"><ele>600.75</ele></trkpt>
   <trkpt lat="46.865956" lon="7.246675"><ele>601.5</ele></trkpt>
   <trkpt lat="46.865842" lon="7.246957"><ele>602</ele></trkpt>
   <trkpt lat="46.865619" lon="7.247419"><ele>602</ele></trkpt>
   <trkpt lat="46.865481" lon="7.247722"><ele>602.75</ele></trkpt>
   <trkpt lat="46.865438" lon="7.24782"><ele>603</ele></trkpt>
   <trkpt lat="46.864822" lon="7.249258"><ele>603.75</ele></trkpt>
   <trkpt lat="46.862992" lon="7.253525"><ele>606.5</ele></trkpt>
   <trkpt lat="46.86256" lon="7.254533"><ele>606</ele></trkpt>
   <trkpt lat="46.862215" lon="7.255334"><ele>606</ele></trkpt>
   <trkpt lat="46.862153" lon="7.255481"><ele>606</ele></trkpt>
   <trkpt lat="46.861996" lon="7.255896"><ele>606.25</ele></trkpt>
   <trkpt lat="46.861749" lon="7.256688"><ele>607</ele></trkpt>
   <trkpt lat="46.861701" lon="7.256834"><ele>607</ele></trkpt>
   <trkpt lat="46.861604" lon="7.257169"><ele>606</ele></trkpt>
   <trkpt lat="46.861506" lon="7.257587"><ele>607.25</ele></trkpt>
   <trkpt lat="46.861456" lon="7.257852"><ele>608</ele></trkpt>
   <trkpt lat="46.86142" lon="7.258082"><ele>607.5</ele></trkpt>
   <trkpt lat="46.86137" lon="7.258522"><ele>607</ele></trkpt>
   <trkpt lat="46.861345" lon="7.258985"><ele>607.75</ele></trkpt>
   <trkpt lat="46.861348" lon="7.259466"><ele>610</ele></trkpt>
   <trkpt lat="46.861355" lon="7.259649"><ele>607.75</ele></trkpt>
   <trkpt lat="46.861379" lon="7.259969"><ele>607</ele></trkpt>
   <trkpt lat="46.861425" lon="7.260367"><ele>607</ele></trkpt>
   <trkpt lat="46.861478" lon="7.2607"><ele>606.25</ele></trkpt>
   <trkpt lat="46.861516" lon="7.260891"><ele>605.75</ele></trkpt>
   <trkpt lat="46.86156" lon="7.261094"><ele>606</ele></trkpt>
   <trkpt lat="46.861661" lon="7.261479"><ele>606</ele></trkpt>
   <trkpt lat="46.861762" lon="7.2618"><ele>606.5</ele></trkpt>
   <trkpt lat="46.861827" lon="7.261982"><ele>606.75</ele></trkpt>
   <trkpt lat="46.861897" lon="7.262162"><ele>605.5</ele></trkpt>
   <trkpt lat="46.862047" lon="7.262506"><ele>607.75</ele></trkpt>
   <trkpt lat="46.862135" lon="7.262686"><ele>607.5</ele></trkpt>
   <trkpt lat="46.862321" lon="7.263039"><ele>612.25</ele></trkpt>
   <trkpt lat="46.864578" lon="7.267127"><ele>616.5</ele></trkpt>
   <trkpt lat="46.866133" lon="7.269951"><ele>598.25</ele></trkpt>
   <trkpt lat="46.866368" lon="7.270395"><ele>598</ele></trkpt>
   <trkpt lat="46.866485" lon="7.270632"><ele>600.5</ele></trkpt>
   <trkpt lat="46.8667" lon="7.271094"><ele>599</ele></trkpt>
   <trkpt lat="46.868021" lon="7.27406"><ele>594.25</ele></trkpt>
   <trkpt lat="46.868811" lon="7.275834"><ele>593</ele></trkpt>
   <trkpt lat="46.869009" lon="7.276263"><ele>596</ele></trkpt>
   <trkpt lat="46.869042" lon="7.27633"><ele>595.5</ele></trkpt>
   <trkpt lat="46.869193" lon="7.276626"><ele>594.75</ele></trkpt>
   <trkpt lat="46.869347" lon="7.276902"><ele>594.5</ele></trkpt>
   <trkpt lat="46.869593" lon="7.277297"><ele>595.5</ele></trkpt>
   <trkpt lat="46.869906" lon="7.277736"><ele>592</ele></trkpt>
   <trkpt lat="46.87067" lon="7.278705"><ele>590.25</ele></trkpt>
   <trkpt lat="46.870824" lon="7.278912"><ele>589.25</ele></trkpt>
   <trkpt lat="46.870964" lon="7.279108"><ele>589.25</ele></trkpt>
   <trkpt lat="46.871194" lon="7.279463"><ele>589</ele></trkpt>
   <trkpt lat="46.8714" lon="7.279821"><ele>589</ele></trkpt>
   <trkpt lat="46.87159" lon="7.280186"><ele>588</ele></trkpt>
   <trkpt lat="46.872535" lon="7.28222"><ele>586.5</ele></trkpt>
   <trkpt lat="46.87281" lon="7.282809"><ele>586</ele></trkpt>
   <trkpt lat="46.873355" lon="7.283875"><ele>585</ele></trkpt>
   <trkpt lat="46.874254" lon="7.285547"><ele>583.75</ele></trkpt>
   <trkpt lat="46.875005" lon="7.286952"><ele>581.75</ele></trkpt>
   <trkpt lat="46.875133" lon="7.287204"><ele>579.25</ele></trkpt>
   <trkpt lat="46.875249" lon="7.287435"><ele>579.75</ele></trkpt>
   <trkpt lat="46.875437" lon="7.287824"><ele>582.25</ele></trkpt>
   <trkpt lat="46.87562" lon="7.28828"><ele>582</ele></trkpt>
   <trkpt lat="46.875751" lon="7.288652"><ele>580.5</ele></trkpt>
   <trkpt lat="46.875886" lon="7.289096"><ele>581</ele></trkpt>
   <trkpt lat="46.875994" lon="7.289544"><ele>579</ele></trkpt>
   <trkpt lat="46.876096" lon="7.290029"><ele>579</ele></trkpt>
   <trkpt lat="46.876215" lon="7.290728"><ele>580.5</ele></trkpt>
   <trkpt lat="46.876773" lon="7.294233"><ele>579.5</ele></trkpt>
   <trkpt lat="46.876928" lon="7.295114"><ele>575.5</ele></trkpt>
   <trkpt lat="46.877027" lon="7.295605"><ele>575.5</ele></trkpt>
   <trkpt lat="46.877068" lon="7.295748"><ele>574</ele></trkpt>
   <trkpt lat="46.877148" lon="7.296025"><ele>572</ele></trkpt>
   <trkpt lat="46.877196" lon="7.296188"><ele>572.5</ele></trkpt>
   <trkpt lat="46.877399" lon="7.296748"><ele>572.75</ele></trkpt>
   <trkpt lat="46.877647" lon="7.297261"><ele>571.25</ele></trkpt>
   <trkpt lat="46.877949" lon="7.297769"><ele>570.75</ele></trkpt>
   <trkpt lat="46.878234" lon="7.298144"><ele>572.5</ele></trkpt>
   <trkpt lat="46.878589" lon="7.298534"><ele>573.5</ele></trkpt>
   <trkpt lat="46.879093" lon="7.298946"><ele>577.75</ele></trkpt>
   <trkpt lat="46.87951" lon="7.299186"><ele>571</ele></trkpt>
   <trkpt lat="46.879651" lon="7.299255"><ele>570.75</ele></trkpt>
   <trkpt lat="46.879918" lon="7.299369"><ele>571.5</ele></trkpt>
   <trkpt lat="46.880523" lon="7.299561"><ele>573.25</ele></trkpt>
   <trkpt lat="46.880824" lon="7.299682"><ele>570.75</ele></trkpt>
   <trkpt lat="46.881082" lon="7.299806"><ele>568.25</ele></trkpt>
   <trkpt lat="46.88132" lon="7.299949"><ele>566.75</ele></trkpt>
   <trkpt lat="46.88154" lon="7.300095"><ele>564.75</ele></trkpt>
   <trkpt lat="46.881952" lon="7.300459"><ele>565.75</ele></trkpt>
   <trkpt lat="46.882303" lon="7.300837"><ele>565.5</ele></trkpt>
   <trkpt lat="46.882658" lon="7.301319"><ele>563.5</ele></trkpt>
   <trkpt lat="46.882833" lon="7.301613"><ele>564.75</ele></trkpt>
   <trkpt lat="46.882976" lon="7.301884"><ele>562.75</ele></trkpt>
   <trkpt lat="46.883229" lon="7.302452"><ele>564</ele></trkpt>
   <trkpt lat="46.883364" lon="7.302821"><ele>564.75</ele></trkpt>
   <trkpt lat="46.883471" lon="7.303168"><ele>563.5</ele></trkpt>
   <trkpt lat="46.883578" lon="7.303604"><ele>563.75</ele></trkpt>
   <trkpt lat="46.883659" lon="7.304005"><ele>565</ele></trkpt>
   <trkpt lat="46.883719" lon="7.304401"><ele>566.25</ele></trkpt>
   <trkpt lat="46.883807" lon="7.305269"><ele>563.75</ele></trkpt>
   <trkpt lat="46.883905" lon="7.306139"><ele>565</ele></trkpt>
   <trkpt lat="46.883978" lon="7.30655"><ele>567.5</ele></trkpt>
   <trkpt lat="46.88408" lon="7.306948"><ele>566</ele></trkpt>
   <trkpt lat="46.884181" lon="7.307312"><ele>564.5</ele></trkpt>
   <trkpt lat="46.884318" lon="7.307703"><ele>567.5</ele></trkpt>
   <trkpt lat="46.884466" lon="7.308056"><ele>560.75</ele></trkpt>
   <trkpt lat="46.884601" lon="7.308353"><ele>556.25</ele></trkpt>
   <trkpt lat="46.884799" lon="7.308691"><ele>555.75</ele></trkpt>
   <trkpt lat="46.88503" lon="7.309053"><ele>556.75</ele></trkpt>
   <trkpt lat="46.885225" lon="7.309312"><ele>557.5</ele></trkpt>
   <trkpt lat="46.885442" lon="7.30956"><ele>557</ele></trkpt>
   <trkpt lat="46.885645" lon="7.309768"><ele>558.5</ele></trkpt>
   <trkpt lat="46.885995" lon="7.310065"><ele>559.25</ele></trkpt>
   <trkpt lat="46.886501" lon="7.310458"><ele>559.75</ele></trkpt>
   <trkpt lat="46.886657" lon="7.310587"><ele>559</ele></trkpt>
   <trkpt lat="46.886922" lon="7.310829"><ele>557.5</ele></trkpt>
   <trkpt lat="46.887142" lon="7.311066"><ele>557.25</ele></trkpt>
   <trkpt lat="46.887258" lon="7.311204"><ele>560.25</ele></trkpt>
   <trkpt lat="46.887411" lon="7.311404"><ele>559.75</ele></trkpt>
   <trkpt lat="46.887581" lon="7.311647"><ele>559.5</ele></trkpt>
   <trkpt lat="46.887754" lon="7.31194"><ele>559</ele></trkpt>
   <trkpt lat="46.887906" lon="7.312217"><ele>558.75</ele></trkpt>
   <trkpt lat="46.888064" lon="7.312554"><ele>558.25</ele></trkpt>
   <trkpt lat="46.88823" lon="7.312987"><ele>557.75</ele></trkpt>
   <trkpt lat="46.88838" lon="7.313438"><ele>557.5</ele></trkpt>
   <trkpt lat="46.888468" lon="7.313771"><ele>557.5</ele></trkpt>
   <trkpt lat="46.88851" lon="7.313961"><ele>556.75</ele></trkpt>
   <trkpt lat="46.888548" lon="7.314152"><ele>556</ele></trkpt>
   <trkpt lat="46.888611" lon="7.314537"><ele>554</ele></trkpt>
   <trkpt lat="46.888656" lon="7.314931"><ele>552</ele></trkpt>
   <trkpt lat="46.888682" lon="7.315322"><ele>551.5</ele></trkpt>
   <trkpt lat="46.888688" lon="7.315519"><ele>551.5</ele></trkpt>
   <trkpt lat="46.888688" lon="7.315912"><ele>551.25</ele></trkpt>
   <trkpt lat="46.888671" lon="7.316317"><ele>551</ele></trkpt>
   <trkpt lat="46.888561" lon="7.317768"><ele>552.75</ele></trkpt>
   <trkpt lat="46.888515" lon="7.318243"><ele>553.25</ele></trkpt>
   <trkpt lat="46.888505" lon="7.318335"><ele>553.25</ele></trkpt>
   <trkpt lat="46.888426" lon="7.318935"><ele>553.5</ele></trkpt>
   <trkpt lat="46.888212" lon="7.32042"><ele>554.75</ele></trkpt>
   <trkpt lat="46.888158" lon="7.32092"><ele>553</ele></trkpt>
   <trkpt lat="46.888108" lon="7.321544"><ele>551.75</ele></trkpt>
   <trkpt lat="46.888012" lon="7.322929"><ele>554.75</ele></trkpt>
   <trkpt lat="46.887885" lon="7.32475"><ele>554.75</ele></trkpt>
   <trkpt lat="46.88787" lon="7.324967"><ele>554</ele></trkpt>
   <trkpt lat="46.887753" lon="7.326613"><ele>551.75</ele></trkpt>
   <trkpt lat="46.887736" lon="7.327038"><ele>550.75</ele></trkpt>
   <trkpt lat="46.887732" lon="7.327459"><ele>552.75</ele></trkpt>
   <trkpt lat="46.887735" lon="7.327682"><ele>554</ele></trkpt>
   <trkpt lat="46.887756" lon="7.328133"><ele>555</ele></trkpt>
   <trkpt lat="46.887937" lon="7.330826"><ele>554.75</ele></trkpt>
   <trkpt lat="46.88795" lon="7.331128"><ele>556.5</ele></trkpt>
   <trkpt lat="46.887955" lon="7.331671"><ele>557.5</ele></trkpt>
   <trkpt lat="46.887914" lon="7.333533"><ele>558</ele></trkpt>
   <trkpt lat="46.887903" lon="7.334189"><ele>559.5</ele></trkpt>
   <trkpt lat="46.887905" lon="7.334498"><ele>561.75</ele></trkpt>
   <trkpt lat="46.887925" lon="7.335089"><ele>560</ele></trkpt>
   <trkpt lat="46.887944" lon="7.335382"><ele>558.5</ele></trkpt>
   <trkpt lat="46.887994" lon="7.335967"><ele>560.5</ele></trkpt>
   <trkpt lat="46.888029" lon="7.336259"><ele>558.75</ele></trkpt>
   <trkpt lat="46.888242" lon="7.337797"><ele>562.5</ele></trkpt>
   <trkpt lat="46.888719" lon="7.341174"><ele>562.75</ele></trkpt>
   <trkpt lat="46.888774" lon="7.341693"><ele>567.75</ele></trkpt>
   <trkpt lat="46.888791" lon="7.341924"><ele>569</ele></trkpt>
   <trkpt lat="46.888812" lon="7.342386"><ele>568.25</ele></trkpt>
   <trkpt lat="46.888814" lon="7.342663"><ele>570.25</ele></trkpt>
   <trkpt lat="46.888805" lon="7.34309"><ele>574.75</ele></trkpt>
   <trkpt lat="46.88878" lon="7.343583"><ele>576.75</ele></trkpt>
   <trkpt lat="46.888748" lon="7.344061"><ele>576.75</ele></trkpt>
   <trkpt lat="46.888716" lon="7.344607"><ele>576.5</ele></trkpt>
   <trkpt lat="46.888708" lon="7.345046"><ele>575.5</ele></trkpt>
   <trkpt lat="46.888723" lon="7.345479"><ele>574.25</ele></trkpt>
   <trkpt lat="46.888738" lon="7.345693"><ele>572.5</ele></trkpt>
   <trkpt lat="46.888786" lon="7.34612"><ele>572</ele></trkpt>
   <trkpt lat="46.888817" lon="7.346333"><ele>571</ele></trkpt>
   <trkpt lat="46.888855" lon="7.346542"><ele>569</ele></trkpt>
   <trkpt lat="46.888947" lon="7.346966"><ele>565.75</ele></trkpt>
   <trkpt lat="46.88907" lon="7.347427"><ele>565.25</ele></trkpt>
   <trkpt lat="46.88914" lon="7.347664"><ele>565.75</ele></trkpt>
   <trkpt lat="46.889329" lon="7.34824"><ele>567</ele></trkpt>
   <trkpt lat="46.889537" lon="7.3488"><ele>568</ele></trkpt>
   <trkpt lat="46.889742" lon="7.349292"><ele>568.25</ele></trkpt>
   <trkpt lat="46.889836" lon="7.349492"><ele>566</ele></trkpt>
   <trkpt lat="46.890016" lon="7.349835"><ele>568.25</ele></trkpt>
   <trkpt lat="46.890214" lon="7.35016"><ele>566.75</ele></trkpt>
   <trkpt lat="46.890326" lon="7.350324"><ele>568</ele></trkpt>
   <trkpt lat="46.890543" lon="7.350606"><ele>569.25</ele></trkpt>
   <trkpt lat="46.890779" lon="7.350871"><ele>569</ele></trkpt>
   <trkpt lat="46.890898" lon="7.350991"><ele>568.25</ele></trkpt>
   <trkpt lat="46.891151" lon="7.351214"><ele>568.5</ele></trkpt>
   <trkpt lat="46.891283" lon="7.351317"><ele>569</ele></trkpt>
   <trkpt lat="46.891418" lon="7.351413"><ele>570.75</ele></trkpt>
   <trkpt lat="46.891692" lon="7.351582"><ele>569.5</ele></trkpt>
   <trkpt lat="46.891975" lon="7.351721"><ele>571</ele></trkpt>
   <trkpt lat="46.892034" lon="7.351746"><ele>570.75</ele></trkpt>
   <trkpt lat="46.892256" lon="7.351826"><ele>571.75</ele></trkpt>
   <trkpt lat="46.892493" lon="7.351891"><ele>573.75</ele></trkpt>
   <trkpt lat="46.892638" lon="7.351921"><ele>573.75</ele></trkpt>
   <trkpt lat="46.892877" lon="7.351952"><ele>574.25</ele></trkpt>
   <trkpt lat="46.893059" lon="7.351961"><ele>575</ele></trkpt>
   <trkpt lat="46.893282" lon="7.351957"><ele>575.25</ele></trkpt>
   <trkpt lat="46.893409" lon="7.351947"><ele>575</ele></trkpt>
   <trkpt lat="46.893641" lon="7.351913"><ele>575.25</ele></trkpt>
   <trkpt lat="46.893973" lon="7.351843"><ele>577.75</ele></trkpt>
   <trkpt lat="46.894737" lon="7.351662"><ele>577</ele></trkpt>
   <trkpt lat="46.895133" lon="7.351603"><ele>578</ele></trkpt>
   <trkpt lat="46.895341" lon="7.351591"><ele>580</ele></trkpt>
   <trkpt lat="46.895802" lon="7.351627"><ele>581.5</ele></trkpt>
   <trkpt lat="46.895863" lon="7.351636"><ele>580.75</ele></trkpt>
   <trkpt lat="46.896181" lon="7.351713"><ele>579.25</ele></trkpt>
   <trkpt lat="46.896471" lon="7.351817"><ele>580.25</ele></trkpt>
   <trkpt lat="46.896748" lon="7.351948"><ele>579.5</ele></trkpt>
   <trkpt lat="46.897045" lon="7.352125"><ele>581</ele></trkpt>
   <trkpt lat="46.897279" lon="7.352294"><ele>581.25</ele></trkpt>
   <trkpt lat="46.8975" lon="7.352478"><ele>580.25</ele></trkpt>
   <trkpt lat="46.898588" lon="7.353457"><ele>584</ele></trkpt>
   <trkpt lat="46.8989" lon="7.353708"><ele>584</ele></trkpt>
   <trkpt lat="46.899034" lon="7.353806"><ele>584</ele></trkpt>
   <trkpt lat="46.89925" lon="7.353945"><ele>584</ele></trkpt>
   <trkpt lat="46.899774" lon="7.354243"><ele>584.75</ele></trkpt>
   <trkpt lat="46.901355" lon="7.355095"><ele>587.5</ele></trkpt>
   <trkpt lat="46.901485" lon="7.355165"><ele>587.25</ele></trkpt>
   <trkpt lat="46.902267" lon="7.355584"><ele>585.5</ele></trkpt>
   <trkpt lat="46.904892" lon="7.357003"><ele>585</ele></trkpt>
   <trkpt lat="46.906749" lon="7.358008"><ele>583</ele></trkpt>
   <trkpt lat="46.907967" lon="7.358667"><ele>581.25</ele></trkpt>
   <trkpt lat="46.908311" lon="7.358854"><ele>581.75</ele></trkpt>
   <trkpt lat="46.908888" lon="7.359222"><ele>580.25</ele></trkpt>
   <trkpt lat="46.909058" lon="7.359321"><ele>579.5</ele></trkpt>
   <trkpt lat="46.914572" lon="7.36231"><ele>575</ele></trkpt>
   <trkpt lat="46.916645" lon="7.36343"><ele>573.25</ele></trkpt>
   <trkpt lat="46.917304" lon="7.363799"><ele>571.5</ele></trkpt>
   <trkpt lat="46.917496" lon="7.363917"><ele>571.75</ele></trkpt>
   <trkpt lat="46.91787" lon="7.364174"><ele>571.5</ele></trkpt>
   <trkpt lat="46.918054" lon="7.364312"><ele>571</ele></trkpt>
   <trkpt lat="46.918415" lon="7.364611"><ele>570.5</ele></trkpt>
   <trkpt lat="46.918765" lon="7.364938"><ele>570.5</ele></trkpt>
   <trkpt lat="46.919107" lon="7.365294"><ele>570.75</ele></trkpt>
   <trkpt lat="46.919425" lon="7.365663"><ele>570.5</ele></trkpt>
   <trkpt lat="46.91974" lon="7.366068"><ele>570</ele></trkpt>
   <trkpt lat="46.920033" lon="7.366487"><ele>570.25</ele></trkpt>
   <trkpt lat="46.920308" lon="7.366923"><ele>570</ele></trkpt>
   <trkpt lat="46.920574" lon="7.367385"><ele>569.75</ele></trkpt>
   <trkpt lat="46.920837" lon="7.367862"><ele>568.5</ele></trkpt>
   <trkpt lat="46.924999" lon="7.375496"><ele>568</ele></trkpt>
   <trkpt lat="46.925316" lon="7.376052"><ele>569</ele></trkpt>
   <trkpt lat="46.925741" lon="7.376749"><ele>568.5</ele></trkpt>
   <trkpt lat="46.931799" lon="7.386392"><ele>562</ele></trkpt>
   <trkpt lat="46.931916" lon="7.386576"><ele>564</ele></trkpt>
   <trkpt lat="46.934592" lon="7.390826"><ele>563</ele></trkpt>
   <trkpt lat="46.935402" lon="7.392123"><ele>563.25</ele></trkpt>
   <trkpt lat="46.935497" lon="7.392271"><ele>563</ele></trkpt>
   <trkpt lat="46.937965" lon="7.39621"><ele>561.5</ele></trkpt>
   <trkpt lat="46.938901" lon="7.3977"><ele>561</ele></trkpt>
   <trkpt lat="46.941685" lon="7.402133"><ele>557.5</ele></trkpt>
   <trkpt lat="46.941961" lon="7.402573"><ele>556</ele></trkpt>
   <trkpt lat="46.943196" lon="7.404541"><ele>557.5</ele></trkpt>
   <trkpt lat="46.943442" lon="7.405065"><ele>555.5</ele></trkpt>
   <trkpt lat="46.943718" lon="7.405502"><ele>555.25</ele></trkpt>
   <trkpt lat="46.943963" lon="7.405958"><ele>554.5</ele></trkpt>
   <trkpt lat="46.944501" lon="7.406817"><ele>554</ele></trkpt>
   <trkpt lat="46.944688" lon="7.407107"><ele>554</ele></trkpt>
   <trkpt lat="46.944877" lon="7.407351"><ele>554</ele></trkpt>
   <trkpt lat="46.944958" lon="7.407452"><ele>554</ele></trkpt>
   <trkpt lat="46.945086" lon="7.407643"><ele>553.25</ele></trkpt>
   <trkpt lat="46.94608" lon="7.409229"><ele>553.25</ele></trkpt>
   <trkpt lat="46.946807" lon="7.410381"><ele>551.5</ele></trkpt>
   <trkpt lat="46.947083" lon="7.41082"><ele>550.75</ele></trkpt>
   <trkpt lat="46.94735" lon="7.411245"><ele>551</ele></trkpt>
   <trkpt lat="46.947536" lon="7.411631"><ele>551</ele></trkpt>
   <trkpt lat="46.949896" lon="7.415393"><ele>551</ele></trkpt>
   <trkpt lat="46.950056" lon="7.41563"><ele>551</ele></trkpt>
   <trkpt lat="46.950178" lon="7.415794"><ele>551</ele></trkpt>
   <trkpt lat="46.950724" lon="7.41648"><ele>550.25</ele></trkpt>
   <trkpt lat="46.950849" lon="7.416655"><ele>550</ele></trkpt>
   <trkpt lat="46.951057" lon="7.416976"><ele>550</ele></trkpt>
   <trkpt lat="46.951163" lon="7.417144"><ele>550</ele></trkpt>
   <trkpt lat="46.951253" lon="7.417312"><ele>550</ele></trkpt>
   <trkpt lat="46.951391" lon="7.417603"><ele>550</ele></trkpt>
   <trkpt lat="46.951542" lon="7.417934"><ele>550.25</ele></trkpt>
   <trkpt lat="46.951631" lon="7.418181"><ele>550</ele></trkpt>
   <trkpt lat="46.951792" lon="7.418769"><ele>550.5</ele></trkpt>
   <trkpt lat="46.951847" lon="7.418987"><ele>550</ele></trkpt>
   <trkpt lat="46.951879" lon="7.41914"><ele>549.5</ele></trkpt>
   <trkpt lat="46.951938" lon="7.419513"><ele>549</ele></trkpt>
   <trkpt lat="46.951956" lon="7.419694"><ele>549</ele></trkpt>
   <trkpt lat="46.951961" lon="7.419766"><ele>549.25</ele></trkpt>
   <trkpt lat="46.951969" lon="7.420156"><ele>550.25</ele></trkpt>
   <trkpt lat="46.951967" lon="7.42048"><ele>550.25</ele></trkpt>
   <trkpt lat="46.951957" lon="7.420773"><ele>548.5</ele></trkpt>
   <trkpt lat="46.951907" lon="7.421299"><ele>549</ele></trkpt>
   <trkpt lat="46.951856" lon="7.421633"><ele>550.25</ele></trkpt>
   <trkpt lat="46.951849" lon="7.421667"><ele>550.25</ele></trkpt>
   <trkpt lat="46.951754" lon="7.422076"><ele>551.75</ele></trkpt>
   <trkpt lat="46.951696" lon="7.422272"><ele>550.25</ele></trkpt>
   <trkpt lat="46.951593" lon="7.422567"><ele>548.5</ele></trkpt>
   <trkpt lat="46.95146" lon="7.4229"><ele>550.75</ele></trkpt>
   <trkpt lat="46.951392" lon="7.423054"><ele>548</ele></trkpt>
   <trkpt lat="46.951172" lon="7.423496"><ele>549.25</ele></trkpt>
   <trkpt lat="46.951167" lon="7.423505"><ele>549</ele></trkpt>
   <trkpt lat="46.950983" lon="7.423843"><ele>549</ele></trkpt>
   <trkpt lat="46.950136" lon="7.425335"><ele>546.25</ele></trkpt>
   <trkpt lat="46.950118" lon="7.425366"><ele>546</ele></trkpt>
   <trkpt lat="46.949882" lon="7.425778"><ele>544.5</ele></trkpt>
   <trkpt lat="46.949808" lon="7.425916"><ele>544</ele></trkpt>
   <trkpt lat="46.949685" lon="7.426188"><ele>544</ele></trkpt>
   <trkpt lat="46.949638" lon="7.426291"><ele>544</ele></trkpt>
   <trkpt lat="46.949521" lon="7.426551"><ele>543.25</ele></trkpt>
   <trkpt lat="46.949351" lon="7.426929"><ele>542.5</ele></trkpt>
   <trkpt lat="46.948897" lon="7.427702"><ele>541.75</ele></trkpt>
   <trkpt lat="46.948641" lon="7.42816"><ele>541.75</ele></trkpt>
   <trkpt lat="46.948435" lon="7.428556"><ele>541.25</ele></trkpt>
   <trkpt lat="46.948332" lon="7.428788"><ele>541</ele></trkpt>
   <trkpt lat="46.948238" lon="7.429019"><ele>541</ele></trkpt>
   <trkpt lat="46.948101" lon="7.429405"><ele>540.75</ele></trkpt>
   <trkpt lat="46.948057" lon="7.429536"><ele>540.75</ele></trkpt>
   <trkpt lat="46.947987" lon="7.429774"><ele>540.5</ele></trkpt>
   <trkpt lat="46.947955" lon="7.42992"><ele>540</ele></trkpt>
   <trkpt lat="46.947821" lon="7.430446"><ele>540</ele></trkpt>
   <trkpt lat="46.947755" lon="7.430769"><ele>539.75</ele></trkpt>
   <trkpt lat="46.947719" lon="7.431034"><ele>539.75</ele></trkpt>
   <trkpt lat="46.947706" lon="7.431173"><ele>539.5</ele></trkpt>
   <trkpt lat="46.947691" lon="7.431384"><ele>539.5</ele></trkpt>
   <trkpt lat="46.947664" lon="7.432027"><ele>540</ele></trkpt>
   <trkpt lat="46.947672" lon="7.432526"><ele>540</ele></trkpt>
   <trkpt lat="46.947694" lon="7.432845"><ele>540</ele></trkpt>
   <trkpt lat="46.947716" lon="7.433051"><ele>540</ele></trkpt>
   <trkpt lat="46.947758" lon="7.433328"><ele>539.75</ele></trkpt>
   <trkpt lat="46.947955" lon="7.434386"><ele>540</ele></trkpt>
   <trkpt lat="46.947978" lon="7.434508"><ele>540</ele></trkpt>
   <trkpt lat="46.94832" lon="7.436365"><ele>540</ele></trkpt>
   <trkpt lat="46.948347" lon="7.43654"><ele>540</ele></trkpt>
   <trkpt lat="46.9484" lon="7.436825"><ele>540.5</ele></trkpt>
   <trkpt lat="46.948479" lon="7.437172"><ele>540</ele></trkpt>
   <trkpt lat="46.948563" lon="7.437504"><ele>540</ele></trkpt>
   <trkpt lat="46.948654" lon="7.437826"><ele>540</ele></trkpt>
   <trkpt lat="46.948786" lon="7.438194"><ele>540</ele></trkpt>
   <trkpt lat="46.948953" lon="7.438556"><ele>540</ele></trkpt>
   <trkpt lat="46.949126" lon="7.438875"><ele>540</ele></trkpt>
   <trkpt lat="46.949213" lon="7.439036"><ele>540</ele></trkpt>
   <trkpt lat="46.949296" lon="7.439161"><ele>540</ele></trkpt>
   <trkpt lat="46.949482" lon="7.439384"><ele>540</ele></trkpt>
   <trkpt lat="46.949663" lon="7.43955"><ele>540</ele></trkpt>
   <trkpt lat="46.949848" lon="7.439682"><ele>540</ele></trkpt>
   <trkpt lat="46.95003" lon="7.439815"><ele>539.75</ele></trkpt>
   <trkpt lat="46.9502" lon="7.439929"><ele>540</ele></trkpt>
   <trkpt lat="46.950288" lon="7.439975"><ele>540</ele></trkpt>
   <trkpt lat="46.950482" lon="7.440067"><ele>539.5</ele></trkpt>
   <trkpt lat="46.95122" lon="7.440427"><ele>538.25</ele></trkpt>
   <trkpt lat="46.951415" lon="7.440522"><ele>539</ele></trkpt>
   <trkpt lat="46.951515" lon="7.44058"><ele>539</ele></trkpt>
   <trkpt lat="46.951558" lon="7.440606"><ele>539</ele></trkpt>
   <trkpt lat="46.951893" lon="7.440822"><ele>539.25</ele></trkpt>
   <trkpt lat="46.952606" lon="7.441269"><ele>539.75</ele></trkpt>
   <trkpt lat="46.95341" lon="7.441735"><ele>540.25</ele></trkpt>
   <trkpt lat="46.953688" lon="7.44189"><ele>540.25</ele></trkpt>
   <trkpt lat="46.953692" lon="7.441892"><ele>540.25</ele></trkpt>
   <trkpt lat="46.953698" lon="7.441895"><ele>540.25</ele></trkpt>
   <trkpt lat="46.954836" lon="7.442534"><ele>541</ele></trkpt>
   <trkpt lat="46.955068" lon="7.442657"><ele>541.25</ele></trkpt>
   <trkpt lat="46.955302" lon="7.442767"><ele>541.25</ele></trkpt>
   <trkpt lat="46.955541" lon="7.442859"><ele>541.5</ele></trkpt>
   <trkpt lat="46.955785" lon="7.44293"><ele>541.75</ele></trkpt>
   <trkpt lat="46.956031" lon="7.442978"><ele>541.75</ele></trkpt>
   <trkpt lat="46.956284" lon="7.443009"><ele>542</ele></trkpt>
   <trkpt lat="46.956653" lon="7.443026"><ele>542.25</ele></trkpt>
   <trkpt lat="46.956658" lon="7.443026"><ele>542.25</ele></trkpt>
   <trkpt lat="46.956663" lon="7.443026"><ele>542.25</ele></trkpt>
   <trkpt lat="46.958066" lon="7.443075"><ele>543</ele></trkpt>
   <trkpt lat="46.958308" lon="7.4431"><ele>543</ele></trkpt>
   <trkpt lat="46.95855" lon="7.443146"><ele>543.25</ele></trkpt>
   <trkpt lat="46.958784" lon="7.443205"><ele>543.5</ele></trkpt>
   <trkpt lat="46.95902" lon="7.443291"><ele>543.5</ele></trkpt>
   <trkpt lat="46.959252" lon="7.443407"><ele>543.75</ele></trkpt>
   <trkpt lat="46.959477" lon="7.44353"><ele>543.75</ele></trkpt>
   <trkpt lat="46.959694" lon="7.443673"><ele>544</ele></trkpt>
   <trkpt lat="46.959909" lon="7.44384"><ele>544</ele></trkpt>
   <trkpt lat="46.960116" lon="7.444023"><ele>544.25</ele></trkpt>
   <trkpt lat="46.960374" lon="7.444267"><ele>544.5</ele></trkpt>
   <trkpt lat="46.960377" lon="7.44427"><ele>544.5</ele></trkpt>
   <trkpt lat="46.960382" lon="7.444275"><ele>544.5</ele></trkpt>
   <trkpt lat="46.96073" lon="7.444611"><ele>544.75</ele></trkpt>
   <trkpt lat="46.960997" lon="7.44487"><ele>544.75</ele></trkpt>
   <trkpt lat="46.96198" lon="7.445825"><ele>545</ele></trkpt>
   <trkpt lat="46.962205" lon="7.44607"><ele>546</ele></trkpt>
   <trkpt lat="46.962404" lon="7.446321"><ele>546.5</ele></trkpt>
   <trkpt lat="46.9625" lon="7.446451"><ele>546</ele></trkpt>
   <trkpt lat="46.962686" lon="7.446726"><ele>547.25</ele></trkpt>
   <trkpt lat="46.962858" lon="7.447019"><ele>548.25</ele></trkpt>
   <trkpt lat="46.963018" lon="7.447328"><ele>547.5</ele></trkpt>
   <trkpt lat="46.963156" lon="7.447632"><ele>548.25</ele></trkpt>
   <trkpt lat="46.963257" lon="7.447883"><ele>548.25</ele></trkpt>
   <trkpt lat="46.963427" lon="7.448383"><ele>549</ele></trkpt>
   <trkpt lat="46.963564" lon="7.448867"><ele>549</ele></trkpt>
   <trkpt lat="46.963647" lon="7.449189"><ele>549</ele></trkpt>
   <trkpt lat="46.964273" lon="7.451644"><ele>552.5</ele></trkpt>
   <trkpt lat="46.964442" lon="7.452307"><ele>551</ele></trkpt>
   <trkpt lat="46.964681" lon="7.453213"><ele>551.25</ele></trkpt>
   <trkpt lat="46.965011" lon="7.454418"><ele>550.75</ele></trkpt>
   <trkpt lat="46.965137" lon="7.454883"><ele>551</ele></trkpt>
   <trkpt lat="46.96561" lon="7.456614"><ele>551</ele></trkpt>
   <trkpt lat="46.965736" lon="7.457074"><ele>551</ele></trkpt>
   <trkpt lat="46.965899" lon="7.457705"><ele>551</ele></trkpt>
   <trkpt lat="46.966136" lon="7.458689"><ele>550.75</ele></trkpt>
   <trkpt lat="46.966151" lon="7.458753"><ele>550.75</ele></trkpt>
   <trkpt lat="46.966312" lon="7.4594"><ele>551</ele></trkpt>
   <trkpt lat="46.96662" lon="7.460562"><ele>551</ele></trkpt>
   <trkpt lat="46.966745" lon="7.461071"><ele>551</ele></trkpt>
   <trkpt lat="46.967017" lon="7.462227"><ele>550.5</ele></trkpt>
   <trkpt lat="46.967025" lon="7.46226"><ele>550.5</ele></trkpt>
   <trkpt lat="46.967031" lon="7.462286"><ele>550.5</ele></trkpt>
   <trkpt lat="46.96773" lon="7.465237"><ele>549</ele></trkpt>
   <trkpt lat="46.967924" lon="7.466085"><ele>549.75</ele></trkpt>
   <trkpt lat="46.968067" lon="7.466669"><ele>548</ele></trkpt>
   <trkpt lat="46.968211" lon="7.467172"><ele>549.25</ele></trkpt>
   <trkpt lat="46.968272" lon="7.467354"><ele>548.5</ele></trkpt>
   <trkpt lat="46.968275" lon="7.467364"><ele>548.5</ele></trkpt>
   <trkpt lat="46.968339" lon="7.467544"><ele>547.25</ele></trkpt>
   <trkpt lat="46.968497" lon="7.467927"><ele>549.25</ele></trkpt>
   <trkpt lat="46.968707" lon="7.468355"><ele>547.75</ele></trkpt>
   <trkpt lat="46.968914" lon="7.468698"><ele>546.75</ele></trkpt>
   <trkpt lat="46.969079" lon="7.468939"><ele>546.75</ele></trkpt>
   <trkpt lat="46.969295" lon="7.46921"><ele>546.25</ele></trkpt>
   <trkpt lat="46.969404" lon="7.469334"><ele>546</ele></trkpt>
   <trkpt lat="46.969629" lon="7.469562"><ele>546</ele></trkpt>
   <trkpt lat="46.969747" lon="7.469667"><ele>545.25</ele></trkpt>
   <trkpt lat="46.969997" lon="7.469866"><ele>545</ele></trkpt>
   <trkpt lat="46.970252" lon="7.470033"><ele>543.75</ele></trkpt>
   <trkpt lat="46.970469" lon="7.470151"><ele>543.25</ele></trkpt>
   <trkpt lat="46.970672" lon="7.470242"><ele>543.25</ele></trkpt>
   <trkpt lat="46.970906" lon="7.470329"><ele>543</ele></trkpt>
   <trkpt lat="46.97125" lon="7.47042"><ele>543</ele></trkpt>
   <trkpt lat="46.971517" lon="7.470461"><ele>542.5</ele></trkpt>
   <trkpt lat="46.971767" lon="7.470469"><ele>542.5</ele></trkpt>
   <trkpt lat="46.972017" lon="7.470459"><ele>542.5</ele></trkpt>
   <trkpt lat="46.972262" lon="7.470428"><ele>542.25</ele></trkpt>
   <trkpt lat="46.972549" lon="7.47036"><ele>541</ele></trkpt>
   <trkpt lat="46.972835" lon="7.470263"><ele>540.5</ele></trkpt>
   <trkpt lat="46.973027" lon="7.47018"><ele>539</ele></trkpt>
   <trkpt lat="46.973043" lon="7.470173"><ele>539</ele></trkpt>
   <trkpt lat="46.973276" lon="7.470054"><ele>539.25</ele></trkpt>
   <trkpt lat="46.974852" lon="7.46917"><ele>538</ele></trkpt>
   <trkpt lat="46.975395" lon="7.468864"><ele>536</ele></trkpt>
   <trkpt lat="46.975501" lon="7.468807"><ele>535</ele></trkpt>
   <trkpt lat="46.977556" lon="7.467646"><ele>532.75</ele></trkpt>
   <trkpt lat="46.978131" lon="7.467323"><ele>528.75</ele></trkpt>
   <trkpt lat="46.978915" lon="7.46688"><ele>531.75</ele></trkpt>
   <trkpt lat="46.979143" lon="7.466752"><ele>536.5</ele></trkpt>
   <trkpt lat="46.980041" lon="7.466207"><ele>539</ele></trkpt>
   <trkpt lat="46.98044" lon="7.465975"><ele>539.25</ele></trkpt>
   <trkpt lat="46.980777" lon="7.4658"><ele>539</ele></trkpt>
   <trkpt lat="46.981195" lon="7.465615"><ele>538.75</ele></trkpt>
   <trkpt lat="46.981609" lon="7.465462"><ele>539</ele></trkpt>
   <trkpt lat="46.9818" lon="7.4654"><ele>539.5</ele></trkpt>
   <trkpt lat="46.982253" lon="7.465276"><ele>539</ele></trkpt>
   <trkpt lat="46.982699" lon="7.465187"><ele>540</ele></trkpt>
   <trkpt lat="46.982712" lon="7.465185"><ele>540</ele></trkpt>
   <trkpt lat="46.983115" lon="7.465132"><ele>541</ele></trkpt>
   <trkpt lat="46.983378" lon="7.465111"><ele>541.25</ele></trkpt>
   <trkpt lat="46.983761" lon="7.4651"><ele>540.75</ele></trkpt>
   <trkpt lat="46.984157" lon="7.465112"><ele>541</ele></trkpt>
   <trkpt lat="46.984566" lon="7.465151"><ele>541</ele></trkpt>
   <trkpt lat="46.984775" lon="7.465181"><ele>540.25</ele></trkpt>
   <trkpt lat="46.985182" lon="7.465261"><ele>538.5</ele></trkpt>
   <trkpt lat="46.985386" lon="7.465308"><ele>540.25</ele></trkpt>
   <trkpt lat="46.985593" lon="7.465367"><ele>543</ele></trkpt>
   <trkpt lat="46.986002" lon="7.4655"><ele>539.5</ele></trkpt>
   <trkpt lat="46.986204" lon="7.465573"><ele>540</ele></trkpt>
   <trkpt lat="46.986396" lon="7.465656"><ele>543.75</ele></trkpt>
   <trkpt lat="46.986504" lon="7.465703"><ele>543.5</ele></trkpt>
   <trkpt lat="46.986772" lon="7.465826"><ele>543.5</ele></trkpt>
   <trkpt lat="46.987039" lon="7.465965"><ele>543.25</ele></trkpt>
   <trkpt lat="46.987474" lon="7.46622"><ele>543.25</ele></trkpt>
   <trkpt lat="46.987853" lon="7.466475"><ele>543</ele></trkpt>
   <trkpt lat="46.988148" lon="7.466695"><ele>542.75</ele></trkpt>
   <trkpt lat="46.988406" lon="7.466899"><ele>542.75</ele></trkpt>
   <trkpt lat="46.988711" lon="7.467166"><ele>542.5</ele></trkpt>
   <trkpt lat="46.989011" lon="7.467448"><ele>542.5</ele></trkpt>
   <trkpt lat="46.989335" lon="7.467788"><ele>542.25</ele></trkpt>
   <trkpt lat="46.989653" lon="7.468146"><ele>542.25</ele></trkpt>
   <trkpt lat="46.989983" lon="7.468558"><ele>542</ele></trkpt>
   <trkpt lat="46.990305" lon="7.46899"><ele>541.75</ele></trkpt>
   <trkpt lat="46.990634" lon="7.469468"><ele>541.5</ele></trkpt>
   <trkpt lat="46.990943" lon="7.469946"><ele>541.5</ele></trkpt>
   <trkpt lat="46.991283" lon="7.47049"><ele>541.25</ele></trkpt>
   <trkpt lat="46.991607" lon="7.471028"><ele>541</ele></trkpt>
   <trkpt lat="46.991967" lon="7.471656"><ele>540.75</ele></trkpt>
   <trkpt lat="46.992416" lon="7.472478"><ele>540.5</ele></trkpt>
   <trkpt lat="46.992845" lon="7.473314"><ele>540.25</ele></trkpt>
   <trkpt lat="46.99328" lon="7.474209"><ele>540</ele></trkpt>
   <trkpt lat="46.993693" lon="7.475112"><ele>539.5</ele></trkpt>
   <trkpt lat="46.994154" lon="7.476209"><ele>539.25</ele></trkpt>
   <trkpt lat="46.994588" lon="7.477318"><ele>539</ele></trkpt>
   <trkpt lat="46.994943" lon="7.478298"><ele>538.5</ele></trkpt>
   <trkpt lat="46.995184" lon="7.479007"><ele>538.5</ele></trkpt>
   <trkpt lat="46.995409" lon="7.479702"><ele>538.25</ele></trkpt>
   <trkpt lat="46.995727" lon="7.480762"><ele>537.75</ele></trkpt>
   <trkpt lat="46.99602" lon="7.481831"><ele>537.5</ele></trkpt>
   <trkpt lat="46.996291" lon="7.482913"><ele>537.25</ele></trkpt>
   <trkpt lat="46.996432" lon="7.483524"><ele>537</ele></trkpt>
   <trkpt lat="46.99656" lon="7.48411"><ele>537</ele></trkpt>
   <trkpt lat="46.996788" lon="7.485237"><ele>536.5</ele></trkpt>
   <trkpt lat="46.997015" lon="7.486477"><ele>536.25</ele></trkpt>
   <trkpt lat="46.997369" lon="7.488467"><ele>535.75</ele></trkpt>
   <trkpt lat="46.997607" lon="7.48971"><ele>535.25</ele></trkpt>
   <trkpt lat="46.997817" lon="7.490687"><ele>535</ele></trkpt>
   <trkpt lat="46.998036" lon="7.491634"><ele>534.75</ele></trkpt>
   <trkpt lat="46.998237" lon="7.492435"><ele>534.5</ele></trkpt>
   <trkpt lat="46.998443" lon="7.4932"><ele>534.25</ele></trkpt>
   <trkpt lat="46.998749" lon="7.494245"><ele>534</ele></trkpt>
   <trkpt lat="46.999086" lon="7.495302"><ele>533.75</ele></trkpt>
   <trkpt lat="46.99942" lon="7.496286"><ele>533.25</ele></trkpt>
   <trkpt lat="46.999753" lon="7.497183"><ele>533</ele></trkpt>
   <trkpt lat="47.000098" lon="7.498062"><ele>532.75</ele></trkpt>
   <trkpt lat="47.000476" lon="7.498969"><ele>532.5</ele></trkpt>
   <trkpt lat="47.000881" lon="7.499872"><ele>532.25</ele></trkpt>
   <trkpt lat="47.001379" lon="7.500915"><ele>531.75</ele></trkpt>
   <trkpt lat="47.001789" lon="7.50172"><ele>531.5</ele></trkpt>
   <trkpt lat="47.002151" lon="7.502391"><ele>531.25</ele></trkpt>
   <trkpt lat="47.002533" lon="7.503065"><ele>531</ele></trkpt>
   <trkpt lat="47.002913" lon="7.50371"><ele>530.75</ele></trkpt>
   <trkpt lat="47.003329" lon="7.504378"><ele>530.5</ele></trkpt>
   <trkpt lat="47.003737" lon="7.505002"><ele>530.25</ele></trkpt>
   <trkpt lat="47.004236" lon="7.50573"><ele>530</ele></trkpt>
   <trkpt lat="47.004742" lon="7.506425"><ele>529.75</ele></trkpt>
   <trkpt lat="47.005347" lon="7.50721"><ele>529.5</ele></trkpt>
   <trkpt lat="47.005776" lon="7.507738"><ele>529.25</ele></trkpt>
   <trkpt lat="47.006197" lon="7.508235"><ele>529</ele></trkpt>
   <trkpt lat="47.006638" lon="7.508728"><ele>528.75</ele></trkpt>
   <trkpt lat="47.007065" lon="7.509189"><ele>528.5</ele></trkpt>
   <trkpt lat="47.007528" lon="7.509664"><ele>528.5</ele></trkpt>
   <trkpt lat="47.007972" lon="7.510096"><ele>528.25</ele></trkpt>
   <trkpt lat="47.008438" lon="7.510529"><ele>528</ele></trkpt>
   <trkpt lat="47.008919" lon="7.510959"><ele>527.75</ele></trkpt>
   <trkpt lat="47.009665" lon="7.511581"><ele>527.25</ele></trkpt>
   <trkpt lat="47.010442" lon="7.51218"><ele>527</ele></trkpt>
   <trkpt lat="47.011177" lon="7.512696"><ele>526.75</ele></trkpt>
   <trkpt lat="47.012944" lon="7.513873"><ele>526</ele></trkpt>
   <trkpt lat="47.024401" lon="7.521417"><ele>521</ele></trkpt>
   <trkpt lat="47.024676" lon="7.521593"><ele>521</ele></trkpt>
   <trkpt lat="47.025179" lon="7.521898"><ele>521</ele></trkpt>
   <trkpt lat="47.025942" lon="7.522329"><ele>520.75</ele></trkpt>
   <trkpt lat="47.026458" lon="7.522598"><ele>520</ele></trkpt>
   <trkpt lat="47.027087" lon="7.522904"><ele>524.5</ele></trkpt>
   <trkpt lat="47.02772" lon="7.523197"><ele>523.75</ele></trkpt>
   <trkpt lat="47.028623" lon="7.523598"><ele>517.25</ele></trkpt>
   <trkpt lat="47.03014" lon="7.524271"><ele>516.5</ele></trkpt>
   <trkpt lat="47.030858" lon="7.524566"><ele>517</ele></trkpt>
   <trkpt lat="47.031406" lon="7.524773"><ele>516.25</ele></trkpt>
   <trkpt lat="47.031765" lon="7.524901"><ele>516</ele></trkpt>
   <trkpt lat="47.032302" lon="7.525077"><ele>515.75</ele></trkpt>
   <trkpt lat="47.033022" lon="7.52529"><ele>515</ele></trkpt>
   <trkpt lat="47.033879" lon="7.525505"><ele>515.5</ele></trkpt>
   <trkpt lat="47.034719" lon="7.52568"><ele>518.75</ele></trkpt>
   <trkpt lat="47.035379" lon="7.525796"><ele>519.75</ele></trkpt>
   <trkpt lat="47.036779" lon="7.526024"><ele>515</ele></trkpt>
   <trkpt lat="47.037576" lon="7.526177"><ele>515</ele></trkpt>
   <trkpt lat="47.038361" lon="7.526361"><ele>515.5</ele></trkpt>
   <trkpt lat="47.038934" lon="7.526517"><ele>518</ele></trkpt>
   <trkpt lat="47.039556" lon="7.526709"><ele>518.5</ele></trkpt>
   <trkpt lat="47.040078" lon="7.526887"><ele>519.5</ele></trkpt>
   <trkpt lat="47.040709" lon="7.527124"><ele>521.5</ele></trkpt>
   <trkpt lat="47.041354" lon="7.52739"><ele>522.75</ele></trkpt>
   <trkpt lat="47.042132" lon="7.527746"><ele>522.75</ele></trkpt>
   <trkpt lat="47.042692" lon="7.528025"><ele>522.75</ele></trkpt>
   <trkpt lat="47.043285" lon="7.528343"><ele>523</ele></trkpt>
   <trkpt lat="47.043875" lon="7.528683"><ele>523.75</ele></trkpt>
   <trkpt lat="47.044411" lon="7.529012"><ele>524.25</ele></trkpt>
   <trkpt lat="47.045216" lon="7.529545"><ele>522.25</ele></trkpt>
   <trkpt lat="47.045759" lon="7.529931"><ele>521.25</ele></trkpt>
   <trkpt lat="47.046299" lon="7.530337"><ele>519.5</ele></trkpt>
   <trkpt lat="47.046838" lon="7.530766"><ele>519.5</ele></trkpt>
   <trkpt lat="47.047624" lon="7.531432"><ele>518.25</ele></trkpt>
   <trkpt lat="47.048137" lon="7.531896"><ele>517</ele></trkpt>
   <trkpt lat="47.048519" lon="7.532258"><ele>516.25</ele></trkpt>
   <trkpt lat="47.048901" lon="7.532631"><ele>515.25</ele></trkpt>
   <trkpt lat="47.049272" lon="7.533008"><ele>514.25</ele></trkpt>
   <trkpt lat="47.049638" lon="7.533392"><ele>513.75</ele></trkpt>
   <trkpt lat="47.050045" lon="7.533837"><ele>512</ele></trkpt>
   <trkpt lat="47.050434" lon="7.53428"><ele>511.5</ele></trkpt>
   <trkpt lat="47.050818" lon="7.534732"><ele>510</ele></trkpt>
   <trkpt lat="47.051141" lon="7.535126"><ele>510.25</ele></trkpt>
   <trkpt lat="47.051624" lon="7.535739"><ele>509.5</ele></trkpt>
   <trkpt lat="47.052047" lon="7.536301"><ele>509</ele></trkpt>
   <trkpt lat="47.052326" lon="7.536685"><ele>508.25</ele></trkpt>
   <trkpt lat="47.052993" lon="7.537648"><ele>507</ele></trkpt>
   <trkpt lat="47.053476" lon="7.53839"><ele>507.25</ele></trkpt>
   <trkpt lat="47.053714" lon="7.53877"><ele>507.5</ele></trkpt>
   <trkpt lat="47.054106" lon="7.539419"><ele>507</ele></trkpt>
   <trkpt lat="47.054367" lon="7.539866"><ele>506.75</ele></trkpt>
   <trkpt lat="47.054757" lon="7.540563"><ele>507.5</ele></trkpt>
   <trkpt lat="47.055263" lon="7.541516"><ele>507.25</ele></trkpt>
   <trkpt lat="47.055737" lon="7.542468"><ele>508.5</ele></trkpt>
   <trkpt lat="47.056086" lon="7.543201"><ele>510</ele></trkpt>
   <trkpt lat="47.056448" lon="7.543982"><ele>511.5</ele></trkpt>
   <trkpt lat="47.059463" lon="7.550598"><ele>515.75</ele></trkpt>
   <trkpt lat="47.059645" lon="7.550994"><ele>514.75</ele></trkpt>
   <trkpt lat="47.060079" lon="7.551919"><ele>516.5</ele></trkpt>
   <trkpt lat="47.060463" lon="7.552709"><ele>518</ele></trkpt>
   <trkpt lat="47.06074" lon="7.553258"><ele>518.25</ele></trkpt>
   <trkpt lat="47.06112" lon="7.553978"><ele>517</ele></trkpt>
   <trkpt lat="47.06151" lon="7.554687"><ele>516</ele></trkpt>
   <trkpt lat="47.061811" lon="7.555212"><ele>516.25</ele></trkpt>
   <trkpt lat="47.062117" lon="7.55573"><ele>517.5</ele></trkpt>
   <trkpt lat="47.06258" lon="7.556481"><ele>518</ele></trkpt>
   <trkpt lat="47.062993" lon="7.557125"><ele>524.25</ele></trkpt>
   <trkpt lat="47.063245" lon="7.557501"><ele>521.5</ele></trkpt>
   <trkpt lat="47.063838" lon="7.558353"><ele>517.25</ele></trkpt>
   <trkpt lat="47.064263" lon="7.558936"><ele>517.5</ele></trkpt>
   <trkpt lat="47.064717" lon="7.559534"><ele>517</ele></trkpt>
   <trkpt lat="47.065123" lon="7.560047"><ele>517.5</ele></trkpt>
   <trkpt lat="47.065662" lon="7.560698"><ele>517</ele></trkpt>
   <trkpt lat="47.066134" lon="7.561243"><ele>516</ele></trkpt>
   <trkpt lat="47.066748" lon="7.561918"><ele>516</ele></trkpt>
   <trkpt lat="47.067333" lon="7.562526"><ele>515</ele></trkpt>
   <trkpt lat="47.067805" lon="7.562995"><ele>514.75</ele></trkpt>
   <trkpt lat="47.068415" lon="7.563572"><ele>515</ele></trkpt>
   <trkpt lat="47.069115" lon="7.564195"><ele>514</ele></trkpt>
   <trkpt lat="47.069474" lon="7.5645"><ele>513.5</ele></trkpt>
   <trkpt lat="47.069941" lon="7.56488"><ele>512.5</ele></trkpt>
   <trkpt lat="47.070832" lon="7.565574"><ele>511.75</ele></trkpt>
   <trkpt lat="47.071951" lon="7.566413"><ele>510</ele></trkpt>
   <trkpt lat="47.072376" lon="7.566721"><ele>508.75</ele></trkpt>
   <trkpt lat="47.072661" lon="7.566929"><ele>508.75</ele></trkpt>
   <trkpt lat="47.074289" lon="7.568061"><ele>506.75</ele></trkpt>
   <trkpt lat="47.075931" lon="7.569165"><ele>504.75</ele></trkpt>
   <trkpt lat="47.076995" lon="7.569839"><ele>504.75</ele></trkpt>
   <trkpt lat="47.077999" lon="7.570435"><ele>504.75</ele></trkpt>
   <trkpt lat="47.078432" lon="7.570672"><ele>504.25</ele></trkpt>
   <trkpt lat="47.078885" lon="7.570908"><ele>503.5</ele></trkpt>
   <trkpt lat="47.07957" lon="7.571241"><ele>503</ele></trkpt>
   <trkpt lat="47.080559" lon="7.571671"><ele>502.75</ele></trkpt>
   <trkpt lat="47.081556" lon="7.572056"><ele>502.25</ele></trkpt>
   <trkpt lat="47.082566" lon="7.57238"><ele>502</ele></trkpt>
   <trkpt lat="47.083404" lon="7.572612"><ele>501.5</ele></trkpt>
   <trkpt lat="47.084231" lon="7.572805"><ele>501.25</ele></trkpt>
   <trkpt lat="47.084927" lon="7.572934"><ele>501</ele></trkpt>
   <trkpt lat="47.085612" lon="7.57305"><ele>500.75</ele></trkpt>
   <trkpt lat="47.086941" lon="7.573181"><ele>500.25</ele></trkpt>
   <trkpt lat="47.091395" lon="7.573498"><ele>498.5</ele></trkpt>
   <trkpt lat="47.092093" lon="7.573561"><ele>498.25</ele></trkpt>
   <trkpt lat="47.092768" lon="7.573633"><ele>498</ele></trkpt>
   <trkpt lat="47.093455" lon="7.573725"><ele>497.75</ele></trkpt>
   <trkpt lat="47.094109" lon="7.573829"><ele>497.5</ele></trkpt>
   <trkpt lat="47.094925" lon="7.573975"><ele>497.5</ele></trkpt>
   <trkpt lat="47.095329" lon="7.574056"><ele>497</ele></trkpt>
   <trkpt lat="47.096544" lon="7.574328"><ele>496.25</ele></trkpt>
   <trkpt lat="47.110003" lon="7.577539"><ele>490</ele></trkpt>
   <trkpt lat="47.111408" lon="7.577888"><ele>489.25</ele></trkpt>
   <trkpt lat="47.113237" lon="7.578369"><ele>488</ele></trkpt>
   <trkpt lat="47.114361" lon="7.578679"><ele>488</ele></trkpt>
   <trkpt lat="47.116053" lon="7.579169"><ele>486</ele></trkpt>
   <trkpt lat="47.117758" lon="7.579688"><ele>485</ele></trkpt>
   <trkpt lat="47.118898" lon="7.580052"><ele>485</ele></trkpt>
   <trkpt lat="47.121171" lon="7.580806"><ele>483.25</ele></trkpt>
   <trkpt lat="47.122686" lon="7.581343"><ele>482</ele></trkpt>
   <trkpt lat="47.124208" lon="7.581899"><ele>483.75</ele></trkpt>
   <trkpt lat="47.124739" lon="7.582098"><ele>484.75</ele></trkpt>
   <trkpt lat="47.125225" lon="7.582284"><ele>480.75</ele></trkpt>
   <trkpt lat="47.127166" lon="7.583045"><ele>479</ele></trkpt>
   <trkpt lat="47.129193" lon="7.583878"><ele>478</ele></trkpt>
   <trkpt lat="47.130913" lon="7.584617"><ele>477.5</ele></trkpt>
   <trkpt lat="47.136041" lon="7.586863"><ele>474.5</ele></trkpt>
   <trkpt lat="47.136947" lon="7.587277"><ele>474.75</ele></trkpt>
   <trkpt lat="47.137308" lon="7.587452"><ele>474</ele></trkpt>
   <trkpt lat="47.138033" lon="7.587821"><ele>473</ele></trkpt>
   <trkpt lat="47.138755" lon="7.588214"><ele>473.25</ele></trkpt>
   <trkpt lat="47.139142" lon="7.588435"><ele>473</ele></trkpt>
   <trkpt lat="47.139758" lon="7.588802"><ele>472.25</ele></trkpt>
   <trkpt lat="47.14037" lon="7.589187"><ele>472</ele></trkpt>
   <trkpt lat="47.140787" lon="7.589461"><ele>472</ele></trkpt>
   <trkpt lat="47.141642" lon="7.590051"><ele>471</ele></trkpt>
   <trkpt lat="47.142277" lon="7.590517"><ele>470.75</ele></trkpt>
   <trkpt lat="47.142719" lon="7.590854"><ele>470</ele></trkpt>
   <trkpt lat="47.143158" lon="7.5912"><ele>470.25</ele></trkpt>
   <trkpt lat="47.143594" lon="7.591556"><ele>470.25</ele></trkpt>
   <trkpt lat="47.144456" lon="7.592295"><ele>469</ele></trkpt>
   <trkpt lat="47.145281" lon="7.593046"><ele>468</ele></trkpt>
   <trkpt lat="47.145699" lon="7.593444"><ele>468.75</ele></trkpt>
   <trkpt lat="47.146243" lon="7.593981"><ele>468</ele></trkpt>
   <trkpt lat="47.14705" lon="7.594818"><ele>468</ele></trkpt>
   <trkpt lat="47.147846" lon="7.595691"><ele>467.5</ele></trkpt>
   <trkpt lat="47.149321" lon="7.59745"><ele>466.5</ele></trkpt>
   <trkpt lat="47.149899" lon="7.598195"><ele>466.5</ele></trkpt>
   <trkpt lat="47.150468" lon="7.598959"><ele>466.25</ele></trkpt>
   <trkpt lat="47.150993" lon="7.599694"><ele>465.5</ele></trkpt>
   <trkpt lat="47.151508" lon="7.600444"><ele>465</ele></trkpt>
   <trkpt lat="47.151908" lon="7.601049"><ele>465.25</ele></trkpt>
   <trkpt lat="47.152495" lon="7.601972"><ele>464.75</ele></trkpt>
   <trkpt lat="47.152879" lon="7.602601"><ele>463.5</ele></trkpt>
   <trkpt lat="47.153382" lon="7.603457"><ele>463.25</ele></trkpt>
   <trkpt lat="47.153836" lon="7.604262"><ele>462</ele></trkpt>
   <trkpt lat="47.154274" lon="7.605071"><ele>461</ele></trkpt>
   <trkpt lat="47.154365" lon="7.605233"><ele>460.75</ele></trkpt>
   <trkpt lat="47.155036" lon="7.606547"><ele>461.5</ele></trkpt>
   <trkpt lat="47.155855" lon="7.608287"><ele>460.75</ele></trkpt>
   <trkpt lat="47.156635" lon="7.610083"><ele>460.75</ele></trkpt>
   <trkpt lat="47.157287" lon="7.611725"><ele>461</ele></trkpt>
   <trkpt lat="47.157939" lon="7.61349"><ele>458.75</ele></trkpt>
   <trkpt lat="47.158025" lon="7.613763"><ele>460.5</ele></trkpt>
   <trkpt lat="47.158683" lon="7.615758"><ele>465</ele></trkpt>
   <trkpt lat="47.159685" lon="7.61876"><ele>467</ele></trkpt>
   <trkpt lat="47.159999" lon="7.619629"><ele>466.75</ele></trkpt>
   <trkpt lat="47.160725" lon="7.6215"><ele>469.25</ele></trkpt>
   <trkpt lat="47.161391" lon="7.623074"><ele>468</ele></trkpt>
   <trkpt lat="47.162124" lon="7.624678"><ele>470.25</ele></trkpt>
   <trkpt lat="47.163185" lon="7.626776"><ele>474.25</ele></trkpt>
   <trkpt lat="47.16429" lon="7.628762"><ele>478.5</ele></trkpt>
   <trkpt lat="47.165451" lon="7.630684"><ele>482.5</ele></trkpt>
   <trkpt lat="47.169171" lon="7.636749"><ele>495.75</ele></trkpt>
   <trkpt lat="47.173893" lon="7.644403"><ele>495.75</ele></trkpt>
   <trkpt lat="47.175257" lon="7.646421"><ele>499.5</ele></trkpt>
   <trkpt lat="47.177384" lon="7.649443"><ele>505.25</ele></trkpt>
   <trkpt lat="47.177479" lon="7.649578"><ele>505</ele></trkpt>
   <trkpt lat="47.181701" lon="7.655588"><ele>496.25</ele></trkpt>
   <trkpt lat="47.184678" lon="7.65981"><ele>490</ele></trkpt>
   <trkpt lat="47.186217" lon="7.661988"><ele>486.75</ele></trkpt>
   <trkpt lat="47.186976" lon="7.663087"><ele>485.25</ele></trkpt>
   <trkpt lat="47.187717" lon="7.66422"><ele>483.75</ele></trkpt>
   <trkpt lat="47.188196" lon="7.664994"><ele>482.75</ele></trkpt>
   <trkpt lat="47.188646" lon="7.665745"><ele>481.75</ele></trkpt>
   <trkpt lat="47.189077" lon="7.666491"><ele>480.75</ele></trkpt>
   <trkpt lat="47.189542" lon="7.667334"><ele>479.5</ele></trkpt>
   <trkpt lat="47.190102" lon="7.668393"><ele>478.25</ele></trkpt>
   <trkpt lat="47.190639" lon="7.669468"><ele>476.75</ele></trkpt>
   <trkpt lat="47.191044" lon="7.670316"><ele>475.75</ele></trkpt>
   <trkpt lat="47.191476" lon="7.671263"><ele>474.75</ele></trkpt>
   <trkpt lat="47.191913" lon="7.672263"><ele>473.5</ele></trkpt>
   <trkpt lat="47.192357" lon="7.673342"><ele>472.25</ele></trkpt>
   <trkpt lat="47.19269" lon="7.67419"><ele>471.25</ele></trkpt>
   <trkpt lat="47.193006" lon="7.675034"><ele>470.25</ele></trkpt>
   <trkpt lat="47.193322" lon="7.675904"><ele>469.25</ele></trkpt>
   <trkpt lat="47.193633" lon="7.676808"><ele>468.25</ele></trkpt>
   <trkpt lat="47.19401" lon="7.677961"><ele>467</ele></trkpt>
   <trkpt lat="47.194355" lon="7.679095"><ele>465.75</ele></trkpt>
   <trkpt lat="47.194722" lon="7.680365"><ele>464.25</ele></trkpt>
   <trkpt lat="47.195057" lon="7.681616"><ele>463</ele></trkpt>
   <trkpt lat="47.195345" lon="7.682799"><ele>461.75</ele></trkpt>
   <trkpt lat="47.195628" lon="7.684028"><ele>460.25</ele></trkpt>
   <trkpt lat="47.195874" lon="7.685203"><ele>459</ele></trkpt>
   <trkpt lat="47.196096" lon="7.686347"><ele>458</ele></trkpt>
   <trkpt lat="47.19642" lon="7.688175"><ele>456</ele></trkpt>
   <trkpt lat="47.196718" lon="7.689965"><ele>454.25</ele></trkpt>
   <trkpt lat="47.197427" lon="7.694106"><ele>454.25</ele></trkpt>
   <trkpt lat="47.197437" lon="7.694155"><ele>454.25</ele></trkpt>
   <trkpt lat="47.198472" lon="7.700322"><ele>461.5</ele></trkpt>
   <trkpt lat="47.198745" lon="7.701819"><ele>463.25</ele></trkpt>
   <trkpt lat="47.199056" lon="7.703368"><ele>465</ele></trkpt>
   <trkpt lat="47.199401" lon="7.704918"><ele>467</ele></trkpt>
   <trkpt lat="47.203228" lon="7.721568"><ele>467</ele></trkpt>
   <trkpt lat="47.204503" lon="7.727095"><ele>476</ele></trkpt>
   <trkpt lat="47.204737" lon="7.728155"><ele>475.75</ele></trkpt>
   <trkpt lat="47.207545" lon="7.740435"><ele>468.75</ele></trkpt>
   <trkpt lat="47.208499" lon="7.744585"><ele>466.5</ele></trkpt>
   <trkpt lat="47.208734" lon="7.745573"><ele>466</ele></trkpt>
   <trkpt lat="47.208977" lon="7.746529"><ele>465.5</ele></trkpt>
   <trkpt lat="47.209249" lon="7.747558"><ele>464.75</ele></trkpt>
   <trkpt lat="47.209595" lon="7.748779"><ele>464.25</ele></trkpt>
   <trkpt lat="47.209935" lon="7.749892"><ele>463.5</ele></trkpt>
   <trkpt lat="47.210427" lon="7.751398"><ele>462.75</ele></trkpt>
   <trkpt lat="47.210737" lon="7.752289"><ele>462.75</ele></trkpt>
   <trkpt lat="47.211281" lon="7.753758"><ele>461</ele></trkpt>
   <trkpt lat="47.211789" lon="7.755032"><ele>462.25</ele></trkpt>
   <trkpt lat="47.212232" lon="7.756083"><ele>459.5</ele></trkpt>
   <trkpt lat="47.21269" lon="7.757112"><ele>460.25</ele></trkpt>
   <trkpt lat="47.213112" lon="7.758011"><ele>459.75</ele></trkpt>
   <trkpt lat="47.213543" lon="7.7589"><ele>459.5</ele></trkpt>
   <trkpt lat="47.214212" lon="7.760201"><ele>458</ele></trkpt>
   <trkpt lat="47.21489" lon="7.761445"><ele>459.75</ele></trkpt>
   <trkpt lat="47.215436" lon="7.762389"><ele>459.25</ele></trkpt>
   <trkpt lat="47.21598" lon="7.76329"><ele>458.25</ele></trkpt>
   <trkpt lat="47.216657" lon="7.76435"><ele>456</ele></trkpt>
   <trkpt lat="47.217341" lon="7.76537"><ele>458.25</ele></trkpt>
   <trkpt lat="47.219323" lon="7.768241"><ele>458.5</ele></trkpt>
   <trkpt lat="47.219912" lon="7.769133"><ele>458</ele></trkpt>
   <trkpt lat="47.220495" lon="7.770079"><ele>457.75</ele></trkpt>
   <trkpt lat="47.22107" lon="7.771049"><ele>457.5</ele></trkpt>
   <trkpt lat="47.222182" lon="7.773021"><ele>457</ele></trkpt>
   <trkpt lat="47.226276" lon="7.780368"><ele>455.25</ele></trkpt>
   <trkpt lat="47.226994" lon="7.781657"><ele>455.25</ele></trkpt>
   <trkpt lat="47.227726" lon="7.78293"><ele>456.5</ele></trkpt>
   <trkpt lat="47.228211" lon="7.783733"><ele>457.5</ele></trkpt>
   <trkpt lat="47.228769" lon="7.784613"><ele>457.5</ele></trkpt>
   <trkpt lat="47.22934" lon="7.78547"><ele>457.75</ele></trkpt>
   <trkpt lat="47.230076" lon="7.786518"><ele>457</ele></trkpt>
   <trkpt lat="47.230452" lon="7.787031"><ele>457.5</ele></trkpt>
   <trkpt lat="47.230834" lon="7.787533"><ele>457</ele></trkpt>
   <trkpt lat="47.231434" lon="7.788293"><ele>456</ele></trkpt>
   <trkpt lat="47.232047" lon="7.789028"><ele>455.25</ele></trkpt>
   <trkpt lat="47.232883" lon="7.789986"><ele>454.25</ele></trkpt>
   <trkpt lat="47.233808" lon="7.790954"><ele>454</ele></trkpt>
   <trkpt lat="47.235038" lon="7.79217"><ele>452.75</ele></trkpt>
   <trkpt lat="47.236558" lon="7.79365"><ele>451.75</ele></trkpt>
   <trkpt lat="47.242093" lon="7.798985"><ele>444.25</ele></trkpt>
   <trkpt lat="47.243003" lon="7.799884"><ele>443.25</ele></trkpt>
   <trkpt lat="47.245024" lon="7.802055"><ele>441</ele></trkpt>
   <trkpt lat="47.245906" lon="7.803165"><ele>440.5</ele></trkpt>
   <trkpt lat="47.246483" lon="7.803932"><ele>439.75</ele></trkpt>
   <trkpt lat="47.246602" lon="7.804088"><ele>439.5</ele></trkpt>
   <trkpt lat="47.247107" lon="7.80479"><ele>439</ele></trkpt>
   <trkpt lat="47.248044" lon="7.806203"><ele>438.25</ele></trkpt>
   <trkpt lat="47.248921" lon="7.807637"><ele>437.75</ele></trkpt>
   <trkpt lat="47.249787" lon="7.809245"><ele>437.75</ele></trkpt>
   <trkpt lat="47.25044" lon="7.810541"><ele>435.75</ele></trkpt>
   <trkpt lat="47.251023" lon="7.811774"><ele>434.25</ele></trkpt>
   <trkpt lat="47.251594" lon="7.813123"><ele>433.5</ele></trkpt>
   <trkpt lat="47.252132" lon="7.814479"><ele>431.25</ele></trkpt>
   <trkpt lat="47.252656" lon="7.81596"><ele>430.5</ele></trkpt>
   <trkpt lat="47.252866" lon="7.816575"><ele>430.25</ele></trkpt>
   <trkpt lat="47.253083" lon="7.817251"><ele>431.5</ele></trkpt>
   <trkpt lat="47.253265" lon="7.817842"><ele>431.25</ele></trkpt>
   <trkpt lat="47.253499" lon="7.81863"><ele>431.25</ele></trkpt>
   <trkpt lat="47.253712" lon="7.819396"><ele>431.25</ele></trkpt>
   <trkpt lat="47.253926" lon="7.820215"><ele>431</ele></trkpt>
   <trkpt lat="47.254125" lon="7.821022"><ele>431</ele></trkpt>
   <trkpt lat="47.255224" lon="7.825698"><ele>430.75</ele></trkpt>
   <trkpt lat="47.255575" lon="7.827022"><ele>430.25</ele></trkpt>
   <trkpt lat="47.25589" lon="7.828125"><ele>429.75</ele></trkpt>
   <trkpt lat="47.256244" lon="7.82926"><ele>429.25</ele></trkpt>
   <trkpt lat="47.256697" lon="7.830587"><ele>428.5</ele></trkpt>
   <trkpt lat="47.257014" lon="7.83146"><ele>428</ele></trkpt>
   <trkpt lat="47.257352" lon="7.832342"><ele>427.75</ele></trkpt>
   <trkpt lat="47.257784" lon="7.833395"><ele>427.25</ele></trkpt>
   <trkpt lat="47.258215" lon="7.834381"><ele>426.75</ele></trkpt>
   <trkpt lat="47.258588" lon="7.835189"><ele>426.25</ele></trkpt>
   <trkpt lat="47.258989" lon="7.836019"><ele>426</ele></trkpt>
   <trkpt lat="47.259397" lon="7.836815"><ele>425.5</ele></trkpt>
   <trkpt lat="47.259795" lon="7.837568"><ele>425</ele></trkpt>
   <trkpt lat="47.260198" lon="7.838282"><ele>424.75</ele></trkpt>
   <trkpt lat="47.26062" lon="7.839003"><ele>424.25</ele></trkpt>
   <trkpt lat="47.261053" lon="7.839709"><ele>424</ele></trkpt>
   <trkpt lat="47.261486" lon="7.840392"><ele>423.5</ele></trkpt>
   <trkpt lat="47.261988" lon="7.841132"><ele>423.25</ele></trkpt>
   <trkpt lat="47.262471" lon="7.84182"><ele>422.75</ele></trkpt>
   <trkpt lat="47.262865" lon="7.842356"><ele>422.5</ele></trkpt>
   <trkpt lat="47.263397" lon="7.843049"><ele>422</ele></trkpt>
   <trkpt lat="47.263826" lon="7.843585"><ele>421.75</ele></trkpt>
   <trkpt lat="47.264248" lon="7.844091"><ele>421.25</ele></trkpt>
   <trkpt lat="47.264686" lon="7.844594"><ele>421</ele></trkpt>
   <trkpt lat="47.265106" lon="7.84506"><ele>420.75</ele></trkpt>
   <trkpt lat="47.2657" lon="7.84569"><ele>420.25</ele></trkpt>
   <trkpt lat="47.266417" lon="7.846403"><ele>419.75</ele></trkpt>
   <trkpt lat="47.267138" lon="7.84708"><ele>419.25</ele></trkpt>
   <trkpt lat="47.26763" lon="7.847513"><ele>418.75</ele></trkpt>
   <trkpt lat="47.268119" lon="7.847926"><ele>418.5</ele></trkpt>
   <trkpt lat="47.268892" lon="7.848541"><ele>418</ele></trkpt>
   <trkpt lat="47.26946" lon="7.848966"><ele>417.5</ele></trkpt>
   <trkpt lat="47.270048" lon="7.849384"><ele>417.25</ele></trkpt>
   <trkpt lat="47.271057" lon="7.850041"><ele>416.5</ele></trkpt>
   <trkpt lat="47.271519" lon="7.850319"><ele>416.25</ele></trkpt>
   <trkpt lat="47.271969" lon="7.850575"><ele>416</ele></trkpt>
   <trkpt lat="47.272741" lon="7.850993"><ele>415.5</ele></trkpt>
   <trkpt lat="47.273589" lon="7.851403"><ele>415</ele></trkpt>
   <trkpt lat="47.274487" lon="7.851798"><ele>414.5</ele></trkpt>
   <trkpt lat="47.27511" lon="7.85204"><ele>414</ele></trkpt>
   <trkpt lat="47.275697" lon="7.85225"><ele>413.75</ele></trkpt>
   <trkpt lat="47.276788" lon="7.852601"><ele>413</ele></trkpt>
   <trkpt lat="47.277782" lon="7.852886"><ele>412.25</ele></trkpt>
   <trkpt lat="47.278756" lon="7.853128"><ele>411.75</ele></trkpt>
   <trkpt lat="47.279368" lon="7.853263"><ele>411.5</ele></trkpt>
   <trkpt lat="47.279972" lon="7.853387"><ele>411</ele></trkpt>
   <trkpt lat="47.281109" lon="7.853585"><ele>410.25</ele></trkpt>
   <trkpt lat="47.28167" lon="7.853666"><ele>410</ele></trkpt>
   <trkpt lat="47.282215" lon="7.853735"><ele>409.75</ele></trkpt>
   <trkpt lat="47.283331" lon="7.853848"><ele>409</ele></trkpt>
   <trkpt lat="47.28427" lon="7.853908"><ele>408.5</ele></trkpt>
   <trkpt lat="47.285238" lon="7.853944"><ele>407.75</ele></trkpt>
   <trkpt lat="47.28619" lon="7.853945"><ele>407.25</ele></trkpt>
   <trkpt lat="47.287102" lon="7.853922"><ele>406.75</ele></trkpt>
   <trkpt lat="47.287983" lon="7.853886"><ele>406.25</ele></trkpt>
   <trkpt lat="47.288864" lon="7.853882"><ele>405.75</ele></trkpt>
   <trkpt lat="47.289266" lon="7.853905"><ele>405.5</ele></trkpt>
   <trkpt lat="47.289667" lon="7.853944"><ele>405.25</ele></trkpt>
   <trkpt lat="47.290212" lon="7.854023"><ele>405</ele></trkpt>
   <trkpt lat="47.290664" lon="7.854109"><ele>404.5</ele></trkpt>
   <trkpt lat="47.291095" lon="7.854213"><ele>404.25</ele></trkpt>
   <trkpt lat="47.291845" lon="7.854444"><ele>404</ele></trkpt>
   <trkpt lat="47.292319" lon="7.85462"><ele>403.5</ele></trkpt>
   <trkpt lat="47.29278" lon="7.854819"><ele>403.25</ele></trkpt>
   <trkpt lat="47.293131" lon="7.854983"><ele>403</ele></trkpt>
   <trkpt lat="47.293461" lon="7.855154"><ele>403</ele></trkpt>
   <trkpt lat="47.294213" lon="7.855589"><ele>403</ele></trkpt>
   <trkpt lat="47.294959" lon="7.856091"><ele>403.25</ele></trkpt>
   <trkpt lat="47.295523" lon="7.856533"><ele>404.75</ele></trkpt>
   <trkpt lat="47.296076" lon="7.856998"><ele>405.75</ele></trkpt>
   <trkpt lat="47.296975" lon="7.857886"><ele>406</ele></trkpt>
   <trkpt lat="47.29779" lon="7.858818"><ele>405.75</ele></trkpt>
   <trkpt lat="47.298711" lon="7.860031"><ele>405.75</ele></trkpt>
   <trkpt lat="47.299425" lon="7.861173"><ele>405.75</ele></trkpt>
   <trkpt lat="47.300071" lon="7.862355"><ele>405.75</ele></trkpt>
   <trkpt lat="47.300708" lon="7.863699"><ele>406</ele></trkpt>
   <trkpt lat="47.301746" lon="7.866282"><ele>405.5</ele></trkpt>
   <trkpt lat="47.302216" lon="7.867499"><ele>405.75</ele></trkpt>
   <trkpt lat="47.30226" lon="7.867611"><ele>405.75</ele></trkpt>
   <trkpt lat="47.302837" lon="7.869035"><ele>405.75</ele></trkpt>
   <trkpt lat="47.303076" lon="7.869695"><ele>405.75</ele></trkpt>
   <trkpt lat="47.303437" lon="7.870605"><ele>406.5</ele></trkpt>
   <trkpt lat="47.30423" lon="7.872622"><ele>407.5</ele></trkpt>
   <trkpt lat="47.305539" lon="7.875984"><ele>407</ele></trkpt>
   <trkpt lat="47.305915" lon="7.877052"><ele>407</ele></trkpt>
   <trkpt lat="47.306299" lon="7.878254"><ele>407</ele></trkpt>
   <trkpt lat="47.306638" lon="7.879435"><ele>406.75</ele></trkpt>
   <trkpt lat="47.30724" lon="7.881749"><ele>406.25</ele></trkpt>
   <trkpt lat="47.307605" lon="7.883107"><ele>406.5</ele></trkpt>
   <trkpt lat="47.307975" lon="7.884545"><ele>404.5</ele></trkpt>
   <trkpt lat="47.308286" lon="7.885515"><ele>403.75</ele></trkpt>
   <trkpt lat="47.308641" lon="7.886463"><ele>407</ele></trkpt>
   <trkpt lat="47.308935" lon="7.887112"><ele>407</ele></trkpt>
   <trkpt lat="47.309108" lon="7.887467"><ele>405.75</ele></trkpt>
   <trkpt lat="47.309292" lon="7.887818"><ele>407</ele></trkpt>
   <trkpt lat="47.309551" lon="7.888276"><ele>407.75</ele></trkpt>
   <trkpt lat="47.309687" lon="7.888502"><ele>407.25</ele></trkpt>
   <trkpt lat="47.309904" lon="7.888847"><ele>406.75</ele></trkpt>
   <trkpt lat="47.310144" lon="7.889204"><ele>405.5</ele></trkpt>
   <trkpt lat="47.310483" lon="7.889665"><ele>405.25</ele></trkpt>
   <trkpt lat="47.310682" lon="7.889915"><ele>405</ele></trkpt>
   <trkpt lat="47.310885" lon="7.890156"><ele>405</ele></trkpt>
   <trkpt lat="47.311139" lon="7.890436"><ele>405.25</ele></trkpt>
   <trkpt lat="47.311398" lon="7.890702"><ele>405.25</ele></trkpt>
   <trkpt lat="47.311574" lon="7.890872"><ele>405.25</ele></trkpt>
   <trkpt lat="47.311823" lon="7.891097"><ele>405</ele></trkpt>
   <trkpt lat="47.312161" lon="7.891377"><ele>404.75</ele></trkpt>
   <trkpt lat="47.312573" lon="7.891683"><ele>404.5</ele></trkpt>
   <trkpt lat="47.31293" lon="7.891917"><ele>404.25</ele></trkpt>
   <trkpt lat="47.313324" lon="7.892148"><ele>404.25</ele></trkpt>
   <trkpt lat="47.313694" lon="7.892344"><ele>404.25</ele></trkpt>
   <trkpt lat="47.314082" lon="7.892532"><ele>405</ele></trkpt>
   <trkpt lat="47.314476" lon="7.892703"><ele>404.75</ele></trkpt>
   <trkpt lat="47.314893" lon="7.892866"><ele>405.25</ele></trkpt>
   <trkpt lat="47.315469" lon="7.89306"><ele>406</ele></trkpt>
   <trkpt lat="47.316008" lon="7.893203"><ele>406.75</ele></trkpt>
   <trkpt lat="47.316348" lon="7.893283"><ele>407.25</ele></trkpt>
   <trkpt lat="47.316702" lon="7.893354"><ele>407.75</ele></trkpt>
   <trkpt lat="47.317768" lon="7.89348"><ele>409.25</ele></trkpt>
   <trkpt lat="47.318081" lon="7.893489"><ele>408.75</ele></trkpt>
   <trkpt lat="47.319725" lon="7.893475"><ele>406.5</ele></trkpt>
   <trkpt lat="47.320191" lon="7.893477"><ele>405.75</ele></trkpt>
   <trkpt lat="47.320651" lon="7.893495"><ele>405.25</ele></trkpt>
   <trkpt lat="47.321155" lon="7.893539"><ele>404.5</ele></trkpt>
   <trkpt lat="47.32159" lon="7.893595"><ele>404</ele></trkpt>
   <trkpt lat="47.322004" lon="7.893665"><ele>403.25</ele></trkpt>
   <trkpt lat="47.3224" lon="7.893752"><ele>402.75</ele></trkpt>
   <trkpt lat="47.322794" lon="7.893855"><ele>402.25</ele></trkpt>
   <trkpt lat="47.323196" lon="7.893976"><ele>401.75</ele></trkpt>
   <trkpt lat="47.323749" lon="7.894172"><ele>401</ele></trkpt>
   <trkpt lat="47.32449" lon="7.894467"><ele>400</ele></trkpt>
   <trkpt lat="47.32522" lon="7.894774"><ele>399</ele></trkpt>
   <trkpt lat="47.327011" lon="7.895573"><ele>399</ele></trkpt>
   <trkpt lat="47.327711" lon="7.895962"><ele>397.25</ele></trkpt>
   <trkpt lat="47.328371" lon="7.896344"><ele>397</ele></trkpt>
   <trkpt lat="47.329467" lon="7.897097"><ele>396</ele></trkpt>
   <trkpt lat="47.330376" lon="7.897843"><ele>395.75</ele></trkpt>
   <trkpt lat="47.336037" lon="7.902656"><ele>395.25</ele></trkpt>
   <trkpt lat="47.336644" lon="7.903227"><ele>395.5</ele></trkpt>
   <trkpt lat="47.337091" lon="7.903697"><ele>395.75</ele></trkpt>
   <trkpt lat="47.337382" lon="7.90404"><ele>396.75</ele></trkpt>
   <trkpt lat="47.337506" lon="7.904187"><ele>397.75</ele></trkpt>
   <trkpt lat="47.338237" lon="7.905043"><ele>402</ele></trkpt>
   <trkpt lat="47.338538" lon="7.905407"><ele>401.5</ele></trkpt>
   <trkpt lat="47.338984" lon="7.905848"><ele>399.25</ele></trkpt>
   <trkpt lat="47.339395" lon="7.906229"><ele>397</ele></trkpt>
   <trkpt lat="47.339632" lon="7.906428"><ele>398.5</ele></trkpt>
   <trkpt lat="47.339879" lon="7.90662"><ele>399</ele></trkpt>
   <trkpt lat="47.340479" lon="7.90705"><ele>399.25</ele></trkpt>
   <trkpt lat="47.341027" lon="7.907392"><ele>399</ele></trkpt>
   <trkpt lat="47.341473" lon="7.907622"><ele>398.75</ele></trkpt>
   <trkpt lat="47.34197" lon="7.907825"><ele>398.5</ele></trkpt>
   <trkpt lat="47.342481" lon="7.907997"><ele>398.25</ele></trkpt>
   <trkpt lat="47.34275" lon="7.908061"><ele>398.25</ele></trkpt>
   <trkpt lat="47.342946" lon="7.908091"><ele>398.25</ele></trkpt>
   <trkpt lat="47.343193" lon="7.908115"><ele>398.25</ele></trkpt>
   <trkpt lat="47.343516" lon="7.908124"><ele>396</ele></trkpt>
   <trkpt lat="47.343841" lon="7.908103"><ele>397.75</ele></trkpt>
   <trkpt lat="47.344002" lon="7.908082"><ele>398.75</ele></trkpt>
   <trkpt lat="47.344363" lon="7.908007"><ele>397.25</ele></trkpt>
   <trkpt lat="47.344687" lon="7.907913"><ele>395</ele></trkpt>
   <trkpt lat="47.345133" lon="7.90774"><ele>396.25</ele></trkpt>
   <trkpt lat="47.345583" lon="7.907552"><ele>395.5</ele></trkpt>
   <trkpt lat="47.345809" lon="7.907457"><ele>396.25</ele></trkpt>
   <trkpt lat="47.346395" lon="7.907222"><ele>395</ele></trkpt>
   <trkpt lat="47.346663" lon="7.90714"><ele>396.25</ele></trkpt>
   <trkpt lat="47.346951" lon="7.907079"><ele>395.75</ele></trkpt>
   <trkpt lat="47.347255" lon="7.907058"><ele>396</ele></trkpt>
   <trkpt lat="47.347521" lon="7.907065"><ele>396.5</ele></trkpt>
   <trkpt lat="47.347948" lon="7.907124"><ele>395.75</ele></trkpt>
   <trkpt lat="47.348314" lon="7.90719"><ele>395.75</ele></trkpt>
   <trkpt lat="47.348392" lon="7.907204"><ele>395.75</ele></trkpt>
   <trkpt lat="47.348742" lon="7.907265"><ele>396</ele></trkpt>
   <trkpt lat="47.348859" lon="7.907293"><ele>396</ele></trkpt>
   <trkpt lat="47.349144" lon="7.907388"><ele>396</ele></trkpt>
   <trkpt lat="47.34926" lon="7.907416"><ele>394.5</ele></trkpt>
   <trkpt lat="47.349407" lon="7.907443"><ele>392.5</ele></trkpt>
   <trkpt lat="47.349767" lon="7.907529"><ele>396</ele></trkpt>
   <trkpt lat="47.350283" lon="7.907668"><ele>396</ele></trkpt>
   <trkpt lat="47.350592" lon="7.907752"><ele>396</ele></trkpt>
   <trkpt lat="47.35116" lon="7.907897"><ele>397</ele></trkpt>
   <trkpt lat="47.351418" lon="7.907948"><ele>396.75</ele></trkpt>
   <trkpt lat="47.351989" lon="7.908042"><ele>396</ele></trkpt>
   <trkpt lat="47.353455" lon="7.908286"><ele>396.75</ele></trkpt>
   <trkpt lat="47.353756" lon="7.908349"><ele>396.5</ele></trkpt>
   <trkpt lat="47.353845" lon="7.90837"><ele>396.25</ele></trkpt>
   <trkpt lat="47.354075" lon="7.908449"><ele>396.25</ele></trkpt>
   <trkpt lat="47.35435" lon="7.90857"><ele>396.75</ele></trkpt>
   <trkpt lat="47.354725" lon="7.908773"><ele>396.5</ele></trkpt>
   <trkpt lat="47.354874" lon="7.908857"><ele>396.25</ele></trkpt>
   <trkpt lat="47.355119" lon="7.909015"><ele>396.25</ele></trkpt>
   <trkpt lat="47.355422" lon="7.909238"><ele>396.25</ele></trkpt>
   <trkpt lat="47.355615" lon="7.9094"><ele>396</ele></trkpt>
   <trkpt lat="47.355791" lon="7.909547"><ele>396</ele></trkpt>
   <trkpt lat="47.356215" lon="7.909976"><ele>396</ele></trkpt>
   <trkpt lat="47.356811" lon="7.910599"><ele>395.75</ele></trkpt>
   <trkpt lat="47.357119" lon="7.910937"><ele>396</ele></trkpt>
   <trkpt lat="47.357352" lon="7.911241"><ele>396</ele></trkpt>
   <trkpt lat="47.357551" lon="7.911539"><ele>396</ele></trkpt>
   <trkpt lat="47.357679" lon="7.911756"><ele>396</ele></trkpt>
   <trkpt lat="47.357832" lon="7.912041"><ele>395.75</ele></trkpt>
   <trkpt lat="47.358177" lon="7.912719"><ele>396</ele></trkpt>
   <trkpt lat="47.358234" lon="7.912831"><ele>396</ele></trkpt>
   <trkpt lat="47.359447" lon="7.915214"><ele>396</ele></trkpt>
   <trkpt lat="47.359643" lon="7.915624"><ele>396</ele></trkpt>
   <trkpt lat="47.359948" lon="7.91635"><ele>396</ele></trkpt>
   <trkpt lat="47.360017" lon="7.916528"><ele>396.25</ele></trkpt>
   <trkpt lat="47.360132" lon="7.916857"><ele>396</ele></trkpt>
   <trkpt lat="47.360254" lon="7.917256"><ele>396</ele></trkpt>
   <trkpt lat="47.360312" lon="7.917475"><ele>395.75</ele></trkpt>
   <trkpt lat="47.360397" lon="7.917858"><ele>396</ele></trkpt>
   <trkpt lat="47.360465" lon="7.918261"><ele>396.25</ele></trkpt>
   <trkpt lat="47.360512" lon="7.918643"><ele>396</ele></trkpt>
   <trkpt lat="47.360531" lon="7.918858"><ele>396</ele></trkpt>
   <trkpt lat="47.360558" lon="7.919374"><ele>396.75</ele></trkpt>
   <trkpt lat="47.360555" lon="7.919846"><ele>395.75</ele></trkpt>
   <trkpt lat="47.360519" lon="7.920383"><ele>395.5</ele></trkpt>
   <trkpt lat="47.360514" lon="7.920453"><ele>395.5</ele></trkpt>
   <trkpt lat="47.360479" lon="7.920755"><ele>396.25</ele></trkpt>
   <trkpt lat="47.360398" lon="7.921231"><ele>396</ele></trkpt>
   <trkpt lat="47.360334" lon="7.921539"><ele>396.5</ele></trkpt>
   <trkpt lat="47.360171" lon="7.922144"><ele>405.25</ele></trkpt>
   <trkpt lat="47.360069" lon="7.92247"><ele>406.25</ele></trkpt>
   <trkpt lat="47.359915" lon="7.922889"><ele>401</ele></trkpt>
   <trkpt lat="47.359743" lon="7.923298"><ele>398.5</ele></trkpt>
   <trkpt lat="47.359609" lon="7.923588"><ele>401.25</ele></trkpt>
   <trkpt lat="47.359496" lon="7.923814"><ele>399.75</ele></trkpt>
   <trkpt lat="47.359294" lon="7.924182"><ele>400</ele></trkpt>
   <trkpt lat="47.359169" lon="7.924396"><ele>398</ele></trkpt>
   <trkpt lat="47.358365" lon="7.925727"><ele>398.25</ele></trkpt>
   <trkpt lat="47.358116" lon="7.926166"><ele>397.5</ele></trkpt>
   <trkpt lat="47.357868" lon="7.92662"><ele>398.5</ele></trkpt>
   <trkpt lat="47.357468" lon="7.927396"><ele>400.75</ele></trkpt>
   <trkpt lat="47.357106" lon="7.92816"><ele>400</ele></trkpt>
   <trkpt lat="47.356887" lon="7.928669"><ele>398.25</ele></trkpt>
   <trkpt lat="47.356696" lon="7.929165"><ele>397.5</ele></trkpt>
   <trkpt lat="47.356459" lon="7.929832"><ele>396.75</ele></trkpt>
   <trkpt lat="47.356183" lon="7.930724"><ele>397.5</ele></trkpt>
   <trkpt lat="47.355967" lon="7.931532"><ele>397.5</ele></trkpt>
   <trkpt lat="47.35577" lon="7.932371"><ele>397.75</ele></trkpt>
   <trkpt lat="47.355537" lon="7.933636"><ele>397.75</ele></trkpt>
   <trkpt lat="47.355397" lon="7.934629"><ele>394.5</ele></trkpt>
   <trkpt lat="47.354293" lon="7.943908"><ele>394</ele></trkpt>
   <trkpt lat="47.35397" lon="7.946562"><ele>394</ele></trkpt>
   <trkpt lat="47.353847" lon="7.947556"><ele>394</ele></trkpt>
   <trkpt lat="47.353709" lon="7.948348"><ele>394</ele></trkpt>
   <trkpt lat="47.353588" lon="7.948893"><ele>393.75</ele></trkpt>
   <trkpt lat="47.353456" lon="7.949401"><ele>393.75</ele></trkpt>
   <trkpt lat="47.353305" lon="7.949889"><ele>393</ele></trkpt>
   <trkpt lat="47.353154" lon="7.950312"><ele>392.75</ele></trkpt>
   <trkpt lat="47.352929" lon="7.95087"><ele>391.25</ele></trkpt>
   <trkpt lat="47.352816" lon="7.951132"><ele>388.5</ele></trkpt>
   <trkpt lat="47.3527" lon="7.951386"><ele>392.5</ele></trkpt>
   <trkpt lat="47.351491" lon="7.95377"><ele>389.25</ele></trkpt>
   <trkpt lat="47.351227" lon="7.954311"><ele>389</ele></trkpt>
   <trkpt lat="47.351101" lon="7.954593"><ele>390.25</ele></trkpt>
   <trkpt lat="47.350972" lon="7.954907"><ele>389.25</ele></trkpt>
   <trkpt lat="47.350852" lon="7.955232"><ele>390.25</ele></trkpt>
   <trkpt lat="47.350739" lon="7.955562"><ele>389.75</ele></trkpt>
   <trkpt lat="47.350564" lon="7.956157"><ele>389.75</ele></trkpt>
   <trkpt lat="47.35042" lon="7.956766"><ele>389</ele></trkpt>
   <trkpt lat="47.350338" lon="7.957198"><ele>388.75</ele></trkpt>
   <trkpt lat="47.350269" lon="7.957637"><ele>389.75</ele></trkpt>
   <trkpt lat="47.350229" lon="7.957951"><ele>389.75</ele></trkpt>
   <trkpt lat="47.350172" lon="7.958587"><ele>389</ele></trkpt>
   <trkpt lat="47.350153" lon="7.958908"><ele>388.25</ele></trkpt>
   <trkpt lat="47.350144" lon="7.959591"><ele>388</ele></trkpt>
   <trkpt lat="47.350151" lon="7.959944"><ele>388.25</ele></trkpt>
   <trkpt lat="47.350167" lon="7.960296"><ele>387.5</ele></trkpt>
   <trkpt lat="47.350224" lon="7.960928"><ele>388.75</ele></trkpt>
   <trkpt lat="47.350262" lon="7.961244"><ele>388.5</ele></trkpt>
   <trkpt lat="47.350308" lon="7.96156"><ele>388</ele></trkpt>
   <trkpt lat="47.350359" lon="7.961855"><ele>387.75</ele></trkpt>
   <trkpt lat="47.350416" lon="7.962146"><ele>387.5</ele></trkpt>
   <trkpt lat="47.350545" lon="7.962699"><ele>387.75</ele></trkpt>
   <trkpt lat="47.350636" lon="7.963034"><ele>386.5</ele></trkpt>
   <trkpt lat="47.350736" lon="7.963363"><ele>387.25</ele></trkpt>
   <trkpt lat="47.3509" lon="7.96384"><ele>386.25</ele></trkpt>
   <trkpt lat="47.351557" lon="7.965579"><ele>385.75</ele></trkpt>
   <trkpt lat="47.35163" lon="7.965767"><ele>385.75</ele></trkpt>
   <trkpt lat="47.352409" lon="7.967852"><ele>383</ele></trkpt>
   <trkpt lat="47.353728" lon="7.971423"><ele>383.5</ele></trkpt>
   <trkpt lat="47.354251" lon="7.97273"><ele>383</ele></trkpt>
   <trkpt lat="47.354522" lon="7.973433"><ele>382.25</ele></trkpt>
   <trkpt lat="47.354675" lon="7.973844"><ele>382</ele></trkpt>
   <trkpt lat="47.355387" lon="7.975656"><ele>381.5</ele></trkpt>
   <trkpt lat="47.355829" lon="7.97683"><ele>381.5</ele></trkpt>
   <trkpt lat="47.356598" lon="7.978758"><ele>382</ele></trkpt>
   <trkpt lat="47.357108" lon="7.980063"><ele>381.75</ele></trkpt>
   <trkpt lat="47.357426" lon="7.980897"><ele>381</ele></trkpt>
   <trkpt lat="47.358047" lon="7.982559"><ele>381</ele></trkpt>
   <trkpt lat="47.358104" lon="7.982711"><ele>381</ele></trkpt>
   <trkpt lat="47.358575" lon="7.983972"><ele>381.25</ele></trkpt>
   <trkpt lat="47.358617" lon="7.984084"><ele>381.5</ele></trkpt>
   <trkpt lat="47.359131" lon="7.98538"><ele>381.75</ele></trkpt>
   <trkpt lat="47.359437" lon="7.986162"><ele>381.75</ele></trkpt>
   <trkpt lat="47.359761" lon="7.987032"><ele>381.75</ele></trkpt>
   <trkpt lat="47.360718" lon="7.98966"><ele>377.5</ele></trkpt>
   <trkpt lat="47.36112" lon="7.990765"><ele>376.5</ele></trkpt>
   <trkpt lat="47.361782" lon="7.992574"><ele>377.5</ele></trkpt>
   <trkpt lat="47.361969" lon="7.993046"><ele>377.75</ele></trkpt>
   <trkpt lat="47.362134" lon="7.993426"><ele>377</ele></trkpt>
   <trkpt lat="47.362333" lon="7.993838"><ele>376.25</ele></trkpt>
   <trkpt lat="47.362525" lon="7.99419"><ele>376</ele></trkpt>
   <trkpt lat="47.362723" lon="7.994519"><ele>377.5</ele></trkpt>
   <trkpt lat="47.362919" lon="7.994815"><ele>378</ele></trkpt>
   <trkpt lat="47.363181" lon="7.995174"><ele>378</ele></trkpt>
   <trkpt lat="47.363457" lon="7.995519"><ele>377.5</ele></trkpt>
   <trkpt lat="47.363726" lon="7.995824"><ele>377.5</ele></trkpt>
   <trkpt lat="47.364" lon="7.996116"><ele>377.25</ele></trkpt>
   <trkpt lat="47.364293" lon="7.9964"><ele>377.5</ele></trkpt>
   <trkpt lat="47.36462" lon="7.996685"><ele>377.75</ele></trkpt>
   <trkpt lat="47.364875" lon="7.996882"><ele>377.75</ele></trkpt>
   <trkpt lat="47.365177" lon="7.997092"><ele>377.25</ele></trkpt>
   <trkpt lat="47.365495" lon="7.997282"><ele>377</ele></trkpt>
   <trkpt lat="47.365854" lon="7.997469"><ele>378.25</ele></trkpt>
   <trkpt lat="47.36632" lon="7.997689"><ele>377.75</ele></trkpt>
   <trkpt lat="47.366744" lon="7.997885"><ele>378.25</ele></trkpt>
   <trkpt lat="47.367075" lon="7.998045"><ele>378.75</ele></trkpt>
   <trkpt lat="47.367611" lon="7.998339"><ele>378.5</ele></trkpt>
   <trkpt lat="47.367857" lon="7.998457"><ele>379</ele></trkpt>
   <trkpt lat="47.367925" lon="7.998488"><ele>379</ele></trkpt>
   <trkpt lat="47.369252" lon="7.999097"><ele>378.5</ele></trkpt>
   <trkpt lat="47.370285" lon="7.999573"><ele>378.75</ele></trkpt>
   <trkpt lat="47.371422" lon="8.000097"><ele>378</ele></trkpt>
   <trkpt lat="47.372253" lon="8.000471"><ele>378.25</ele></trkpt>
   <trkpt lat="47.372658" lon="8.000653"><ele>378</ele></trkpt>
   <trkpt lat="47.372968" lon="8.000805"><ele>377.75</ele></trkpt>
   <trkpt lat="47.373286" lon="8.000982"><ele>377</ele></trkpt>
   <trkpt lat="47.373553" lon="8.001157"><ele>376.75</ele></trkpt>
   <trkpt lat="47.373809" lon="8.001346"><ele>377</ele></trkpt>
   <trkpt lat="47.374058" lon="8.001557"><ele>375.75</ele></trkpt>
   <trkpt lat="47.374321" lon="8.001812"><ele>375.5</ele></trkpt>
   <trkpt lat="47.37459" lon="8.002102"><ele>376</ele></trkpt>
   <trkpt lat="47.374816" lon="8.002378"><ele>375.75</ele></trkpt>
   <trkpt lat="47.375021" lon="8.002657"><ele>375.75</ele></trkpt>
   <trkpt lat="47.375226" lon="8.002969"><ele>376</ele></trkpt>
   <trkpt lat="47.375416" lon="8.003281"><ele>375.25</ele></trkpt>
   <trkpt lat="47.375623" lon="8.003673"><ele>375.5</ele></trkpt>
   <trkpt lat="47.375758" lon="8.00395"><ele>375</ele></trkpt>
   <trkpt lat="47.376024" lon="8.004569"><ele>375.25</ele></trkpt>
   <trkpt lat="47.376777" lon="8.006436"><ele>375.5</ele></trkpt>
   <trkpt lat="47.377761" lon="8.008859"><ele>373.75</ele></trkpt>
   <trkpt lat="47.378705" lon="8.011183"><ele>371.5</ele></trkpt>
   <trkpt lat="47.378783" lon="8.011377"><ele>369.25</ele></trkpt>
   <trkpt lat="47.378836" lon="8.011507"><ele>369.5</ele></trkpt>
   <trkpt lat="47.379379" lon="8.012843"><ele>372</ele></trkpt>
   <trkpt lat="47.379658" lon="8.013534"><ele>371.25</ele></trkpt>
   <trkpt lat="47.379889" lon="8.014105"><ele>371</ele></trkpt>
   <trkpt lat="47.380131" lon="8.014726"><ele>371</ele></trkpt>
   <trkpt lat="47.380457" lon="8.015588"><ele>370.25</ele></trkpt>
   <trkpt lat="47.380606" lon="8.015976"><ele>370</ele></trkpt>
   <trkpt lat="47.381928" lon="8.019242"><ele>370.25</ele></trkpt>
   <trkpt lat="47.383291" lon="8.022637"><ele>370.5</ele></trkpt>
   <trkpt lat="47.384124" lon="8.024863"><ele>370.75</ele></trkpt>
   <trkpt lat="47.38447" lon="8.025808"><ele>370.75</ele></trkpt>
   <trkpt lat="47.38483" lon="8.026839"><ele>370</ele></trkpt>
   <trkpt lat="47.385094" lon="8.02765"><ele>370</ele></trkpt>
   <trkpt lat="47.385245" lon="8.02814"><ele>371</ele></trkpt>
   <trkpt lat="47.385506" lon="8.029063"><ele>370.75</ele></trkpt>
   <trkpt lat="47.38578" lon="8.030105"><ele>370.25</ele></trkpt>
   <trkpt lat="47.386814" lon="8.034155"><ele>370</ele></trkpt>
   <trkpt lat="47.387229" lon="8.035814"><ele>372</ele></trkpt>
   <trkpt lat="47.387407" lon="8.036505"><ele>371.25</ele></trkpt>
   <trkpt lat="47.387735" lon="8.037742"><ele>373</ele></trkpt>
   <trkpt lat="47.387916" lon="8.038532"><ele>371.25</ele></trkpt>
   <trkpt lat="47.388026" lon="8.039029"><ele>370.5</ele></trkpt>
   <trkpt lat="47.388133" lon="8.03952"><ele>370.25</ele></trkpt>
   <trkpt lat="47.38835" lon="8.040562"><ele>371.5</ele></trkpt>
   <trkpt lat="47.388905" lon="8.043446"><ele>375.25</ele></trkpt>
   <trkpt lat="47.389122" lon="8.044454"><ele>376.75</ele></trkpt>
   <trkpt lat="47.38932" lon="8.045264"><ele>377.75</ele></trkpt>
   <trkpt lat="47.389543" lon="8.046069"><ele>378.75</ele></trkpt>
   <trkpt lat="47.389875" lon="8.047151"><ele>380.25</ele></trkpt>
   <trkpt lat="47.390216" lon="8.048226"><ele>382</ele></trkpt>
   <trkpt lat="47.390433" lon="8.04893"><ele>382</ele></trkpt>
   <trkpt lat="47.39064" lon="8.049649"><ele>383</ele></trkpt>
   <trkpt lat="47.391177" lon="8.051682"><ele>383</ele></trkpt>
   <trkpt lat="47.391538" lon="8.053029"><ele>383.25</ele></trkpt>
   <trkpt lat="47.391722" lon="8.053663"><ele>383.5</ele></trkpt>
   <trkpt lat="47.391931" lon="8.054378"><ele>383</ele></trkpt>
   <trkpt lat="47.391935" lon="8.054393"><ele>383</ele></trkpt>
   <trkpt lat="47.392001" lon="8.054643"><ele>383</ele></trkpt>
   <trkpt lat="47.392206" lon="8.05555"><ele>383</ele></trkpt>
   <trkpt lat="47.39227" lon="8.055801"><ele>383</ele></trkpt>
   <trkpt lat="47.39238" lon="8.056218"><ele>380</ele></trkpt>
   <trkpt lat="47.392624" lon="8.057182"><ele>383.25</ele></trkpt>
   <trkpt lat="47.392698" lon="8.057504"><ele>383</ele></trkpt>
   <trkpt lat="47.392819" lon="8.058143"><ele>383</ele></trkpt>
   <trkpt lat="47.3929" lon="8.058538"><ele>383</ele></trkpt>
   <trkpt lat="47.393023" lon="8.059098"><ele>382.75</ele></trkpt>
   <trkpt lat="47.393218" lon="8.060088"><ele>382.75</ele></trkpt>
   <trkpt lat="47.39331" lon="8.060606"><ele>382.5</ele></trkpt>
   <trkpt lat="47.393473" lon="8.061641"><ele>382</ele></trkpt>
   <trkpt lat="47.39376" lon="8.063595"><ele>382</ele></trkpt>
   <trkpt lat="47.393937" lon="8.064815"><ele>382</ele></trkpt>
   <trkpt lat="47.394469" lon="8.06845"><ele>382</ele></trkpt>
   <trkpt lat="47.394551" lon="8.06898"><ele>382</ele></trkpt>
   <trkpt lat="47.394645" lon="8.069538"><ele>382</ele></trkpt>
   <trkpt lat="47.394838" lon="8.070654"><ele>382</ele></trkpt>
   <trkpt lat="47.394934" lon="8.071274"><ele>380</ele></trkpt>
   <trkpt lat="47.394947" lon="8.071372"><ele>378.75</ele></trkpt>
   <trkpt lat="47.395004" lon="8.071754"><ele>380.25</ele></trkpt>
   <trkpt lat="47.395188" lon="8.073022"><ele>380.75</ele></trkpt>
   <trkpt lat="47.395355" lon="8.074171"><ele>376</ele></trkpt>
   <trkpt lat="47.395444" lon="8.074848"><ele>376.25</ele></trkpt>
   <trkpt lat="47.395757" lon="8.077499"><ele>381</ele></trkpt>
   <trkpt lat="47.39589" lon="8.078519"><ele>382.75</ele></trkpt>
   <trkpt lat="47.396283" lon="8.08123"><ele>381.25</ele></trkpt>
   <trkpt lat="47.39641" lon="8.082102"><ele>382.75</ele></trkpt>
   <trkpt lat="47.396486" lon="8.082625"><ele>382.75</ele></trkpt>
   <trkpt lat="47.396569" lon="8.083185"><ele>383.25</ele></trkpt>
   <trkpt lat="47.397947" lon="8.092649"><ele>384</ele></trkpt>
   <trkpt lat="47.39795" lon="8.092666"><ele>384</ele></trkpt>
   <trkpt lat="47.400849" lon="8.112574"><ele>378.25</ele></trkpt>
   <trkpt lat="47.400853" lon="8.112596"><ele>378.25</ele></trkpt>
   <trkpt lat="47.401387" lon="8.116268"><ele>375</ele></trkpt>
   <trkpt lat="47.401436" lon="8.116609"><ele>377</ele></trkpt>
   <trkpt lat="47.401586" lon="8.117687"><ele>377.25</ele></trkpt>
   <trkpt lat="47.401744" lon="8.118765"><ele>377</ele></trkpt>
   <trkpt lat="47.401761" lon="8.118879"><ele>377</ele></trkpt>
   <trkpt lat="47.401886" lon="8.119615"><ele>376</ele></trkpt>
   <trkpt lat="47.402247" lon="8.121499"><ele>374.25</ele></trkpt>
   <trkpt lat="47.402461" lon="8.122655"><ele>373</ele></trkpt>
   <trkpt lat="47.40263" lon="8.123514"><ele>373.75</ele></trkpt>
   <trkpt lat="47.402864" lon="8.124593"><ele>373.5</ele></trkpt>
   <trkpt lat="47.403343" lon="8.126737"><ele>372.75</ele></trkpt>
   <trkpt lat="47.403544" lon="8.127734"><ele>373</ele></trkpt>
   <trkpt lat="47.403558" lon="8.12781"><ele>373</ele></trkpt>
   <trkpt lat="47.40368" lon="8.128491"><ele>373</ele></trkpt>
   <trkpt lat="47.403801" lon="8.129214"><ele>370.25</ele></trkpt>
   <trkpt lat="47.4039" lon="8.129897"><ele>373.25</ele></trkpt>
   <trkpt lat="47.404025" lon="8.130853"><ele>372.25</ele></trkpt>
   <trkpt lat="47.404076" lon="8.131295"><ele>373</ele></trkpt>
   <trkpt lat="47.404146" lon="8.131985"><ele>375.5</ele></trkpt>
   <trkpt lat="47.404179" lon="8.132372"><ele>374.75</ele></trkpt>
   <trkpt lat="47.40421" lon="8.132853"><ele>374.25</ele></trkpt>
   <trkpt lat="47.404229" lon="8.133301"><ele>373.75</ele></trkpt>
   <trkpt lat="47.404235" lon="8.133615"><ele>373.5</ele></trkpt>
   <trkpt lat="47.404234" lon="8.134344"><ele>373.5</ele></trkpt>
   <trkpt lat="47.404221" lon="8.13477"><ele>373.25</ele></trkpt>
   <trkpt lat="47.404182" lon="8.135416"><ele>373.5</ele></trkpt>
   <trkpt lat="47.404127" lon="8.136024"><ele>378</ele></trkpt>
   <trkpt lat="47.404061" lon="8.13658"><ele>375.5</ele></trkpt>
   <trkpt lat="47.403981" lon="8.137121"><ele>374.75</ele></trkpt>
   <trkpt lat="47.403926" lon="8.137437"><ele>377.5</ele></trkpt>
   <trkpt lat="47.403817" lon="8.138003"><ele>377.5</ele></trkpt>
   <trkpt lat="47.40376" lon="8.138259"><ele>375.25</ele></trkpt>
   <trkpt lat="47.403689" lon="8.138568"><ele>374.25</ele></trkpt>
   <trkpt lat="47.403571" lon="8.139022"><ele>379</ele></trkpt>
   <trkpt lat="47.403514" lon="8.13923"><ele>378</ele></trkpt>
   <trkpt lat="47.403348" lon="8.139779"><ele>380</ele></trkpt>
   <trkpt lat="47.40314" lon="8.14039"><ele>378.75</ele></trkpt>
   <trkpt lat="47.403013" lon="8.140728"><ele>380.5</ele></trkpt>
   <trkpt lat="47.402759" lon="8.141346"><ele>382</ele></trkpt>
   <trkpt lat="47.402638" lon="8.141618"><ele>379.75</ele></trkpt>
   <trkpt lat="47.402372" lon="8.142169"><ele>380</ele></trkpt>
   <trkpt lat="47.402016" lon="8.142827"><ele>381.25</ele></trkpt>
   <trkpt lat="47.401846" lon="8.143113"><ele>379.75</ele></trkpt>
   <trkpt lat="47.401674" lon="8.143388"><ele>383.5</ele></trkpt>
   <trkpt lat="47.401499" lon="8.143652"><ele>382.25</ele></trkpt>
   <trkpt lat="47.40119" lon="8.144089"><ele>383.5</ele></trkpt>
   <trkpt lat="47.40085" lon="8.144539"><ele>383.75</ele></trkpt>
   <trkpt lat="47.400147" lon="8.145442"><ele>388.25</ele></trkpt>
   <trkpt lat="47.399904" lon="8.145766"><ele>388.75</ele></trkpt>
   <trkpt lat="47.39954" lon="8.146283"><ele>390</ele></trkpt>
   <trkpt lat="47.399193" lon="8.146816"><ele>390</ele></trkpt>
   <trkpt lat="47.398794" lon="8.147529"><ele>390</ele></trkpt>
   <trkpt lat="47.39843" lon="8.148274"><ele>391.75</ele></trkpt>
   <trkpt lat="47.398179" lon="8.148852"><ele>392.75</ele></trkpt>
   <trkpt lat="47.39795" lon="8.149451"><ele>392.25</ele></trkpt>
   <trkpt lat="47.397694" lon="8.150196"><ele>392.25</ele></trkpt>
   <trkpt lat="47.397436" lon="8.15098"><ele>392.5</ele></trkpt>
   <trkpt lat="47.396088" lon="8.155258"><ele>396</ele></trkpt>
   <trkpt lat="47.394648" lon="8.159798"><ele>399.75</ele></trkpt>
   <trkpt lat="47.394579" lon="8.160032"><ele>399.5</ele></trkpt>
   <trkpt lat="47.394391" lon="8.160736"><ele>400</ele></trkpt>
   <trkpt lat="47.39432" lon="8.160977"><ele>400</ele></trkpt>
   <trkpt lat="47.394171" lon="8.16145"><ele>401</ele></trkpt>
   <trkpt lat="47.393818" lon="8.162559"><ele>400.25</ele></trkpt>
   <trkpt lat="47.393603" lon="8.163238"><ele>400</ele></trkpt>
   <trkpt lat="47.393334" lon="8.164103"><ele>403.75</ele></trkpt>
   <trkpt lat="47.393194" lon="8.164575"><ele>404</ele></trkpt>
   <trkpt lat="47.392477" lon="8.167145"><ele>406</ele></trkpt>
   <trkpt lat="47.391932" lon="8.169104"><ele>406</ele></trkpt>
   <trkpt lat="47.3917" lon="8.169866"><ele>406</ele></trkpt>
   <trkpt lat="47.391583" lon="8.170228"><ele>406.5</ele></trkpt>
   <trkpt lat="47.391327" lon="8.170958"><ele>406.25</ele></trkpt>
   <trkpt lat="47.390941" lon="8.17199"><ele>405.75</ele></trkpt>
   <trkpt lat="47.390777" lon="8.172462"><ele>406</ele></trkpt>
   <trkpt lat="47.390672" lon="8.172798"><ele>405.5</ele></trkpt>
   <trkpt lat="47.390571" lon="8.173157"><ele>406.5</ele></trkpt>
   <trkpt lat="47.390457" lon="8.173625"><ele>405.25</ele></trkpt>
   <trkpt lat="47.390352" lon="8.174155"><ele>407</ele></trkpt>
   <trkpt lat="47.390291" lon="8.174545"><ele>407.25</ele></trkpt>
   <trkpt lat="47.390236" lon="8.174981"><ele>406.5</ele></trkpt>
   <trkpt lat="47.390196" lon="8.175445"><ele>404.25</ele></trkpt>
   <trkpt lat="47.390164" lon="8.176119"><ele>403</ele></trkpt>
   <trkpt lat="47.39017" lon="8.176778"><ele>403.75</ele></trkpt>
   <trkpt lat="47.390198" lon="8.177253"><ele>405</ele></trkpt>
   <trkpt lat="47.390205" lon="8.177378"><ele>405.5</ele></trkpt>
   <trkpt lat="47.390266" lon="8.177955"><ele>408.75</ele></trkpt>
   <trkpt lat="47.390425" lon="8.179058"><ele>406.5</ele></trkpt>
   <trkpt lat="47.390608" lon="8.180196"><ele>406.75</ele></trkpt>
   <trkpt lat="47.390711" lon="8.180891"><ele>406</ele></trkpt>
   <trkpt lat="47.390985" lon="8.182649"><ele>415.25</ele></trkpt>
   <trkpt lat="47.391233" lon="8.184248"><ele>419</ele></trkpt>
   <trkpt lat="47.392469" lon="8.192242"><ele>423.5</ele></trkpt>
   <trkpt lat="47.39253" lon="8.192633"><ele>422.75</ele></trkpt>
   <trkpt lat="47.393414" lon="8.198336"><ele>425.5</ele></trkpt>
   <trkpt lat="47.393424" lon="8.1984"><ele>425.5</ele></trkpt>
   <trkpt lat="47.393537" lon="8.199063"><ele>426</ele></trkpt>
   <trkpt lat="47.393629" lon="8.199554"><ele>426.25</ele></trkpt>
   <trkpt lat="47.393658" lon="8.19969"><ele>426.5</ele></trkpt>
   <trkpt lat="47.393701" lon="8.19989"><ele>426</ele></trkpt>
   <trkpt lat="47.393771" lon="8.20017"><ele>426.5</ele></trkpt>
   <trkpt lat="47.393937" lon="8.200748"><ele>427.75</ele></trkpt>
   <trkpt lat="47.394032" lon="8.201041"><ele>427.75</ele></trkpt>
   <trkpt lat="47.394145" lon="8.201359"><ele>427.75</ele></trkpt>
   <trkpt lat="47.394268" lon="8.201676"><ele>427.5</ele></trkpt>
   <trkpt lat="47.394522" lon="8.202254"><ele>427.5</ele></trkpt>
   <trkpt lat="47.394723" lon="8.202652"><ele>427.5</ele></trkpt>
   <trkpt lat="47.394945" lon="8.203048"><ele>426.75</ele></trkpt>
   <trkpt lat="47.395258" lon="8.203544"><ele>425.75</ele></trkpt>
   <trkpt lat="47.395479" lon="8.203855"><ele>425</ele></trkpt>
   <trkpt lat="47.395709" lon="8.204149"><ele>424.5</ele></trkpt>
   <trkpt lat="47.395948" lon="8.204429"><ele>423.75</ele></trkpt>
   <trkpt lat="47.396198" lon="8.204693"><ele>423.25</ele></trkpt>
   <trkpt lat="47.396434" lon="8.20492"><ele>423.25</ele></trkpt>
   <trkpt lat="47.396808" lon="8.205238"><ele>422.5</ele></trkpt>
   <trkpt lat="47.397209" lon="8.205528"><ele>423.25</ele></trkpt>
   <trkpt lat="47.397525" lon="8.205723"><ele>421</ele></trkpt>
   <trkpt lat="47.397867" lon="8.205906"><ele>420.75</ele></trkpt>
   <trkpt lat="47.398107" lon="8.206022"><ele>421.25</ele></trkpt>
   <trkpt lat="47.399236" lon="8.206531"><ele>420.75</ele></trkpt>
   <trkpt lat="47.400117" lon="8.206954"><ele>419.5</ele></trkpt>
   <trkpt lat="47.401082" lon="8.207453"><ele>419</ele></trkpt>
   <trkpt lat="47.401912" lon="8.207911"><ele>419.75</ele></trkpt>
   <trkpt lat="47.402375" lon="8.208178"><ele>420.75</ele></trkpt>
   <trkpt lat="47.402835" lon="8.208456"><ele>421</ele></trkpt>
   <trkpt lat="47.403096" lon="8.208627"><ele>419.5</ele></trkpt>
   <trkpt lat="47.40345" lon="8.208885"><ele>420</ele></trkpt>
   <trkpt lat="47.403722" lon="8.209111"><ele>421.25</ele></trkpt>
   <trkpt lat="47.403984" lon="8.209353"><ele>421.75</ele></trkpt>
   <trkpt lat="47.404175" lon="8.209545"><ele>421</ele></trkpt>
   <trkpt lat="47.404487" lon="8.209888"><ele>420</ele></trkpt>
   <trkpt lat="47.404893" lon="8.210352"><ele>417.5</ele></trkpt>
   <trkpt lat="47.405179" lon="8.210744"><ele>416.75</ele></trkpt>
   <trkpt lat="47.40528" lon="8.210898"><ele>418.75</ele></trkpt>
   <trkpt lat="47.405481" lon="8.211228"><ele>418.25</ele></trkpt>
   <trkpt lat="47.405726" lon="8.211669"><ele>418</ele></trkpt>
   <trkpt lat="47.406018" lon="8.212166"><ele>416.75</ele></trkpt>
   <trkpt lat="47.406138" lon="8.212359"><ele>418.75</ele></trkpt>
   <trkpt lat="47.406693" lon="8.213251"><ele>419</ele></trkpt>
   <trkpt lat="47.407476" lon="8.214509"><ele>419</ele></trkpt>
   <trkpt lat="47.408208" lon="8.215683"><ele>419</ele></trkpt>
   <trkpt lat="47.408493" lon="8.216148"><ele>419</ele></trkpt>
   <trkpt lat="47.408962" lon="8.21693"><ele>419</ele></trkpt>
   <trkpt lat="47.409135" lon="8.217234"><ele>419.75</ele></trkpt>
   <trkpt lat="47.409327" lon="8.21759"><ele>420.75</ele></trkpt>
   <trkpt lat="47.409465" lon="8.217863"><ele>419.5</ele></trkpt>
   <trkpt lat="47.409627" lon="8.218205"><ele>420.75</ele></trkpt>
   <trkpt lat="47.409782" lon="8.218562"><ele>419.5</ele></trkpt>
   <trkpt lat="47.409924" lon="8.218911"><ele>420.75</ele></trkpt>
   <trkpt lat="47.410105" lon="8.21941"><ele>420.5</ele></trkpt>
   <trkpt lat="47.410242" lon="8.219836"><ele>420.25</ele></trkpt>
   <trkpt lat="47.410551" lon="8.220882"><ele>420</ele></trkpt>
   <trkpt lat="47.410966" lon="8.222354"><ele>424</ele></trkpt>
   <trkpt lat="47.41214" lon="8.226477"><ele>415.75</ele></trkpt>
   <trkpt lat="47.412186" lon="8.22664"><ele>415</ele></trkpt>
   <trkpt lat="47.412217" lon="8.226749"><ele>415.5</ele></trkpt>
   <trkpt lat="47.413122" lon="8.229915"><ele>416.25</ele></trkpt>
   <trkpt lat="47.4134" lon="8.230885"><ele>417</ele></trkpt>
   <trkpt lat="47.413495" lon="8.231203"><ele>417.5</ele></trkpt>
   <trkpt lat="47.413872" lon="8.232429"><ele>415.75</ele></trkpt>
   <trkpt lat="47.413977" lon="8.232749"><ele>415.25</ele></trkpt>
   <trkpt lat="47.414314" lon="8.233703"><ele>416</ele></trkpt>
   <trkpt lat="47.414411" lon="8.233993"><ele>416</ele></trkpt>
   <trkpt lat="47.414472" lon="8.234187"><ele>416</ele></trkpt>
   <trkpt lat="47.414547" lon="8.234396"><ele>416</ele></trkpt>
   <trkpt lat="47.414678" lon="8.234686"><ele>415.75</ele></trkpt>
   <trkpt lat="47.414776" lon="8.234947"><ele>416</ele></trkpt>
   <trkpt lat="47.414867" lon="8.235248"><ele>416</ele></trkpt>
   <trkpt lat="47.415054" lon="8.235847"><ele>416</ele></trkpt>
   <trkpt lat="47.415275" lon="8.236529"><ele>416</ele></trkpt>
   <trkpt lat="47.415517" lon="8.237259"><ele>415.75</ele></trkpt>
   <trkpt lat="47.415837" lon="8.238115"><ele>415</ele></trkpt>
   <trkpt lat="47.416108" lon="8.238755"><ele>415.25</ele></trkpt>
   <trkpt lat="47.41637" lon="8.239331"><ele>414.75</ele></trkpt>
   <trkpt lat="47.416656" lon="8.239901"><ele>414</ele></trkpt>
   <trkpt lat="47.416963" lon="8.240466"><ele>414</ele></trkpt>
   <trkpt lat="47.417294" lon="8.241038"><ele>413.75</ele></trkpt>
   <trkpt lat="47.417516" lon="8.241383"><ele>412.25</ele></trkpt>
   <trkpt lat="47.417592" lon="8.241513"><ele>412.5</ele></trkpt>
   <trkpt lat="47.417788" lon="8.241889"><ele>411.25</ele></trkpt>
   <trkpt lat="47.417905" lon="8.242093"><ele>411</ele></trkpt>
   <trkpt lat="47.418035" lon="8.242294"><ele>410.75</ele></trkpt>
   <trkpt lat="47.418384" lon="8.242766"><ele>409.75</ele></trkpt>
   <trkpt lat="47.418682" lon="8.243127"><ele>409</ele></trkpt>
   <trkpt lat="47.41869" lon="8.243137"><ele>409</ele></trkpt>
   <trkpt lat="47.418724" lon="8.243176"><ele>408.75</ele></trkpt>
   <trkpt lat="47.419441" lon="8.243985"><ele>405</ele></trkpt>
   <trkpt lat="47.419833" lon="8.24438"><ele>404.5</ele></trkpt>
   <trkpt lat="47.420067" lon="8.244601"><ele>404.25</ele></trkpt>
   <trkpt lat="47.420938" lon="8.245492"><ele>404.25</ele></trkpt>
   <trkpt lat="47.421264" lon="8.245811"><ele>404.5</ele></trkpt>
   <trkpt lat="47.421325" lon="8.245861"><ele>404.5</ele></trkpt>
   <trkpt lat="47.421968" lon="8.246435"><ele>404.5</ele></trkpt>
   <trkpt lat="47.422353" lon="8.246793"><ele>403.75</ele></trkpt>
   <trkpt lat="47.422912" lon="8.247312"><ele>403</ele></trkpt>
   <trkpt lat="47.423262" lon="8.247686"><ele>403.25</ele></trkpt>
   <trkpt lat="47.423653" lon="8.248149"><ele>401.25</ele></trkpt>
   <trkpt lat="47.423703" lon="8.248209"><ele>400.25</ele></trkpt>
   <trkpt lat="47.423881" lon="8.24843"><ele>398.75</ele></trkpt>
   <trkpt lat="47.424221" lon="8.248913"><ele>399.75</ele></trkpt>
   <trkpt lat="47.424614" lon="8.249538"><ele>397.5</ele></trkpt>
   <trkpt lat="47.42494" lon="8.250105"><ele>399.5</ele></trkpt>
   <trkpt lat="47.425282" lon="8.250769"><ele>399.5</ele></trkpt>
   <trkpt lat="47.425532" lon="8.251337"><ele>399.25</ele></trkpt>
   <trkpt lat="47.425595" lon="8.251481"><ele>398.5</ele></trkpt>
   <trkpt lat="47.426061" lon="8.252789"><ele>395</ele></trkpt>
   <trkpt lat="47.426074" lon="8.252828"><ele>395</ele></trkpt>
   <trkpt lat="47.426235" lon="8.25334"><ele>393.5</ele></trkpt>
   <trkpt lat="47.426346" lon="8.253741"><ele>392.75</ele></trkpt>
   <trkpt lat="47.426469" lon="8.254241"><ele>392.75</ele></trkpt>
   <trkpt lat="47.426585" lon="8.254774"><ele>393.25</ele></trkpt>
   <trkpt lat="47.426684" lon="8.255322"><ele>395.5</ele></trkpt>
   <trkpt lat="47.426778" lon="8.255919"><ele>391.5</ele></trkpt>
   <trkpt lat="47.42687" lon="8.256674"><ele>392.25</ele></trkpt>
   <trkpt lat="47.426929" lon="8.257436"><ele>394.25</ele></trkpt>
   <trkpt lat="47.426964" lon="8.258207"><ele>393.75</ele></trkpt>
   <trkpt lat="47.426975" lon="8.25896"><ele>393.75</ele></trkpt>
   <trkpt lat="47.426936" lon="8.260334"><ele>392.5</ele></trkpt>
   <trkpt lat="47.426922" lon="8.260716"><ele>386.25</ele></trkpt>
   <trkpt lat="47.42682" lon="8.263572"><ele>389.25</ele></trkpt>
   <trkpt lat="47.426758" lon="8.265225"><ele>399.75</ele></trkpt>
   <trkpt lat="47.426736" lon="8.265812"><ele>399.25</ele></trkpt>
   <trkpt lat="47.426724" lon="8.266331"><ele>398.25</ele></trkpt>
   <trkpt lat="47.426714" lon="8.26706"><ele>395.75</ele></trkpt>
   <trkpt lat="47.426719" lon="8.267378"><ele>394.25</ele></trkpt>
   <trkpt lat="47.426734" lon="8.26791"><ele>392.5</ele></trkpt>
   <trkpt lat="47.426777" lon="8.268664"><ele>393.5</ele></trkpt>
   <trkpt lat="47.426821" lon="8.269189"><ele>393.5</ele></trkpt>
   <trkpt lat="47.426861" lon="8.269562"><ele>393.5</ele></trkpt>
   <trkpt lat="47.426956" lon="8.270231"><ele>395.75</ele></trkpt>
   <trkpt lat="47.427051" lon="8.270792"><ele>393.25</ele></trkpt>
   <trkpt lat="47.42757" lon="8.273496"><ele>389.75</ele></trkpt>
   <trkpt lat="47.42802" lon="8.27582"><ele>397.5</ele></trkpt>
   <trkpt lat="47.428403" lon="8.277915"><ele>398.5</ele></trkpt>
   <trkpt lat="47.428511" lon="8.278542"><ele>401</ele></trkpt>
   <trkpt lat="47.428653" lon="8.279399"><ele>401</ele></trkpt>
   <trkpt lat="47.435676" lon="8.321982"><ele>401</ele></trkpt>
   <trkpt lat="47.43751" lon="8.333145"><ele>401</ele></trkpt>
   <trkpt lat="47.437538" lon="8.333314"><ele>401</ele></trkpt>
   <trkpt lat="47.437752" lon="8.334619"><ele>401</ele></trkpt>
   <trkpt lat="47.437848" lon="8.335286"><ele>401</ele></trkpt>
   <trkpt lat="47.437933" lon="8.336003"><ele>401</ele></trkpt>
   <trkpt lat="47.437984" lon="8.336611"><ele>401</ele></trkpt>
   <trkpt lat="47.438017" lon="8.337259"><ele>401</ele></trkpt>
   <trkpt lat="47.438026" lon="8.338197"><ele>401</ele></trkpt>
   <trkpt lat="47.437986" lon="8.339231"><ele>401</ele></trkpt>
   <trkpt lat="47.437903" lon="8.340244"><ele>401</ele></trkpt>
   <trkpt lat="47.437695" lon="8.341649"><ele>401</ele></trkpt>
   <trkpt lat="47.437393" lon="8.342986"><ele>401.25</ele></trkpt>
   <trkpt lat="47.437337" lon="8.343194"><ele>401.25</ele></trkpt>
   <trkpt lat="47.437158" lon="8.343799"><ele>397</ele></trkpt>
   <trkpt lat="47.43694" lon="8.344456"><ele>396</ele></trkpt>
   <trkpt lat="47.436426" lon="8.345903"><ele>394.25</ele></trkpt>
   <trkpt lat="47.436111" lon="8.346784"><ele>394</ele></trkpt>
   <trkpt lat="47.43489" lon="8.350201"><ele>396</ele></trkpt>
   <trkpt lat="47.434825" lon="8.350383"><ele>395.5</ele></trkpt>
   <trkpt lat="47.434641" lon="8.350873"><ele>395.5</ele></trkpt>
   <trkpt lat="47.434412" lon="8.351436"><ele>393.75</ele></trkpt>
   <trkpt lat="47.434232" lon="8.351915"><ele>393</ele></trkpt>
   <trkpt lat="47.433933" lon="8.352754"><ele>393</ele></trkpt>
   <trkpt lat="47.43337" lon="8.354328"><ele>393</ele></trkpt>
   <trkpt lat="47.432911" lon="8.355628"><ele>392.5</ele></trkpt>
   <trkpt lat="47.432576" lon="8.356639"><ele>392.75</ele></trkpt>
   <trkpt lat="47.432537" lon="8.356754"><ele>393</ele></trkpt>
   <trkpt lat="47.43216" lon="8.357852"><ele>393</ele></trkpt>
   <trkpt lat="47.431797" lon="8.358862"><ele>393</ele></trkpt>
   <trkpt lat="47.431612" lon="8.359353"><ele>393</ele></trkpt>
   <trkpt lat="47.431446" lon="8.35974"><ele>393</ele></trkpt>
   <trkpt lat="47.431221" lon="8.360192"><ele>393</ele></trkpt>
   <trkpt lat="47.430076" lon="8.362294"><ele>394.5</ele></trkpt>
   <trkpt lat="47.429874" lon="8.362696"><ele>395.25</ele></trkpt>
   <trkpt lat="47.42974" lon="8.363003"><ele>393.25</ele></trkpt>
   <trkpt lat="47.42963" lon="8.363287"><ele>395.5</ele></trkpt>
   <trkpt lat="47.429538" lon="8.36355"><ele>395</ele></trkpt>
   <trkpt lat="47.429174" lon="8.36465"><ele>394</ele></trkpt>
   <trkpt lat="47.429036" lon="8.365064"><ele>394.5</ele></trkpt>
   <trkpt lat="47.428948" lon="8.365272"><ele>394</ele></trkpt>
   <trkpt lat="47.428835" lon="8.365486"><ele>394</ele></trkpt>
   <trkpt lat="47.428664" lon="8.365782"><ele>394</ele></trkpt>
   <trkpt lat="47.428498" lon="8.366065"><ele>394</ele></trkpt>
   <trkpt lat="47.428412" lon="8.366225"><ele>394</ele></trkpt>
   <trkpt lat="47.4247" lon="8.374225"><ele>393</ele></trkpt>
   <trkpt lat="47.42461" lon="8.374442"><ele>393</ele></trkpt>
   <trkpt lat="47.424425" lon="8.374949"><ele>393.5</ele></trkpt>
   <trkpt lat="47.424267" lon="8.375388"><ele>393</ele></trkpt>
   <trkpt lat="47.424155" lon="8.375697"><ele>393.75</ele></trkpt>
   <trkpt lat="47.424083" lon="8.375895"><ele>392.75</ele></trkpt>
   <trkpt lat="47.423911" lon="8.376371"><ele>393.5</ele></trkpt>
   <trkpt lat="47.423824" lon="8.376614"><ele>393.25</ele></trkpt>
   <trkpt lat="47.423744" lon="8.37684"><ele>392</ele></trkpt>
   <trkpt lat="47.423482" lon="8.377394"><ele>394</ele></trkpt>
   <trkpt lat="47.423348" lon="8.377691"><ele>394</ele></trkpt>
   <trkpt lat="47.423181" lon="8.37805"><ele>391.25</ele></trkpt>
   <trkpt lat="47.423082" lon="8.378301"><ele>391.75</ele></trkpt>
   <trkpt lat="47.423017" lon="8.37852"><ele>391</ele></trkpt>
   <trkpt lat="47.42292" lon="8.378869"><ele>391</ele></trkpt>
   <trkpt lat="47.422895" lon="8.378963"><ele>391</ele></trkpt>
   <trkpt lat="47.422844" lon="8.379134"><ele>391</ele></trkpt>
   <trkpt lat="47.422779" lon="8.379333"><ele>390.75</ele></trkpt>
   <trkpt lat="47.422689" lon="8.379553"><ele>390.25</ele></trkpt>
   <trkpt lat="47.422549" lon="8.379838"><ele>390</ele></trkpt>
   <trkpt lat="47.422496" lon="8.379932"><ele>390</ele></trkpt>
   <trkpt lat="47.422397" lon="8.38011"><ele>390</ele></trkpt>
   <trkpt lat="47.422354" lon="8.380191"><ele>390</ele></trkpt>
   <trkpt lat="47.422188" lon="8.380456"><ele>390</ele></trkpt>
   <trkpt lat="47.422059" lon="8.380669"><ele>390</ele></trkpt>
   <trkpt lat="47.421794" lon="8.381172"><ele>390</ele></trkpt>
   <trkpt lat="47.421708" lon="8.38135"><ele>390</ele></trkpt>
   <trkpt lat="47.421411" lon="8.381954"><ele>389</ele></trkpt>
   <trkpt lat="47.418685" lon="8.387446"><ele>389</ele></trkpt>
   <trkpt lat="47.418268" lon="8.388285"><ele>389</ele></trkpt>
   <trkpt lat="47.417271" lon="8.390278"><ele>389</ele></trkpt>
   <trkpt lat="47.417206" lon="8.390412"><ele>389</ele></trkpt>
   <trkpt lat="47.417087" lon="8.390703"><ele>389</ele></trkpt>
   <trkpt lat="47.417019" lon="8.390895"><ele>389</ele></trkpt>
   <trkpt lat="47.416937" lon="8.391086"><ele>389</ele></trkpt>
   <trkpt lat="47.4168" lon="8.391372"><ele>389</ele></trkpt>
   <trkpt lat="47.416594" lon="8.391802"><ele>389</ele></trkpt>
   <trkpt lat="47.416575" lon="8.391843"><ele>389</ele></trkpt>
   <trkpt lat="47.41641" lon="8.392126"><ele>389</ele></trkpt>
   <trkpt lat="47.416396" lon="8.392146"><ele>389</ele></trkpt>
   <trkpt lat="47.416209" lon="8.392422"><ele>389</ele></trkpt>
   <trkpt lat="47.416079" lon="8.392612"><ele>389</ele></trkpt>
   <trkpt lat="47.411591" lon="8.399071"><ele>389</ele></trkpt>
   <trkpt lat="47.41147" lon="8.399258"><ele>389</ele></trkpt>
   <trkpt lat="47.411351" lon="8.399474"><ele>389</ele></trkpt>
   <trkpt lat="47.411251" lon="8.399689"><ele>389</ele></trkpt>
   <trkpt lat="47.411005" lon="8.400299"><ele>388</ele></trkpt>
   <trkpt lat="47.410938" lon="8.400436"><ele>388</ele></trkpt>
   <trkpt lat="47.410753" lon="8.400767"><ele>388</ele></trkpt>
   <trkpt lat="47.410638" lon="8.400974"><ele>387.75</ele></trkpt>
   <trkpt lat="47.410343" lon="8.401493"><ele>388</ele></trkpt>
   <trkpt lat="47.410165" lon="8.401772"><ele>388</ele></trkpt>
   <trkpt lat="47.410139" lon="8.401813"><ele>388</ele></trkpt>
   <trkpt lat="47.409609" lon="8.402642"><ele>387</ele></trkpt>
   <trkpt lat="47.409481" lon="8.402815"><ele>387</ele></trkpt>
   <trkpt lat="47.409374" lon="8.402937"><ele>387.5</ele></trkpt>
   <trkpt lat="47.409238" lon="8.403071"><ele>387.75</ele></trkpt>
   <trkpt lat="47.409127" lon="8.403166"><ele>387.75</ele></trkpt>
   <trkpt lat="47.409035" lon="8.403238"><ele>387.75</ele></trkpt>
   <trkpt lat="47.40844" lon="8.40371"><ele>385.75</ele></trkpt>
   <trkpt lat="47.40822" lon="8.403867"><ele>388</ele></trkpt>
   <trkpt lat="47.40776" lon="8.404157"><ele>388</ele></trkpt>
   <trkpt lat="47.407666" lon="8.404217"><ele>388</ele></trkpt>
   <trkpt lat="47.406967" lon="8.404642"><ele>388</ele></trkpt>
   <trkpt lat="47.405891" lon="8.405255"><ele>388</ele></trkpt>
   <trkpt lat="47.403783" lon="8.406416"><ele>388.25</ele></trkpt>
   <trkpt lat="47.403376" lon="8.406645"><ele>387.75</ele></trkpt>
   <trkpt lat="47.403017" lon="8.40687"><ele>388</ele></trkpt>
   <trkpt lat="47.402828" lon="8.407004"><ele>387.75</ele></trkpt>
   <trkpt lat="47.402527" lon="8.407248"><ele>387.75</ele></trkpt>
   <trkpt lat="47.402316" lon="8.407451"><ele>387.5</ele></trkpt>
   <trkpt lat="47.402111" lon="8.407686"><ele>387.5</ele></trkpt>
   <trkpt lat="47.401832" lon="8.408055"><ele>387.75</ele></trkpt>
   <trkpt lat="47.401616" lon="8.40836"><ele>387</ele></trkpt>
   <trkpt lat="47.40147" lon="8.408577"><ele>387.75</ele></trkpt>
   <trkpt lat="47.401334" lon="8.408805"><ele>387.75</ele></trkpt>
   <trkpt lat="47.401166" lon="8.409133"><ele>388.25</ele></trkpt>
   <trkpt lat="47.400979" lon="8.409553"><ele>387.5</ele></trkpt>
   <trkpt lat="47.400856" lon="8.409846"><ele>388.25</ele></trkpt>
   <trkpt lat="47.400745" lon="8.410128"><ele>387.5</ele></trkpt>
   <trkpt lat="47.400618" lon="8.410494"><ele>388.25</ele></trkpt>
   <trkpt lat="47.400533" lon="8.410771"><ele>388.25</ele></trkpt>
   <trkpt lat="47.400453" lon="8.411065"><ele>387.25</ele></trkpt>
   <trkpt lat="47.400355" lon="8.411482"><ele>388</ele></trkpt>
   <trkpt lat="47.400287" lon="8.411823"><ele>388.75</ele></trkpt>
   <trkpt lat="47.40015" lon="8.412642"><ele>387</ele></trkpt>
   <trkpt lat="47.399461" lon="8.417014"><ele>388.75</ele></trkpt>
   <trkpt lat="47.399311" lon="8.418032"><ele>388.5</ele></trkpt>
   <trkpt lat="47.399117" lon="8.419485"><ele>389</ele></trkpt>
   <trkpt lat="47.398982" lon="8.420437"><ele>388.75</ele></trkpt>
   <trkpt lat="47.398496" lon="8.423502"><ele>388.25</ele></trkpt>
   <trkpt lat="47.398262" lon="8.424902"><ele>388.5</ele></trkpt>
   <trkpt lat="47.398153" lon="8.42555"><ele>388.25</ele></trkpt>
   <trkpt lat="47.398084" lon="8.426"><ele>388.75</ele></trkpt>
   <trkpt lat="47.398017" lon="8.426521"><ele>389</ele></trkpt>
   <trkpt lat="47.397981" lon="8.42687"><ele>388.75</ele></trkpt>
   <trkpt lat="47.397941" lon="8.427426"><ele>389.25</ele></trkpt>
   <trkpt lat="47.397924" lon="8.427813"><ele>389.25</ele></trkpt>
   <trkpt lat="47.39792" lon="8.428477"><ele>391.25</ele></trkpt>
   <trkpt lat="47.397938" lon="8.429048"><ele>388.75</ele></trkpt>
   <trkpt lat="47.397977" lon="8.429629"><ele>388.25</ele></trkpt>
   <trkpt lat="47.398019" lon="8.430077"><ele>388.75</ele></trkpt>
   <trkpt lat="47.398157" lon="8.431329"><ele>389.25</ele></trkpt>
   <trkpt lat="47.398241" lon="8.432196"><ele>389</ele></trkpt>
   <trkpt lat="47.398319" lon="8.433123"><ele>389.75</ele></trkpt>
   <trkpt lat="47.398396" lon="8.434169"><ele>390</ele></trkpt>
   <trkpt lat="47.398426" lon="8.434658"><ele>390</ele></trkpt>
   <trkpt lat="47.398466" lon="8.435516"><ele>390.75</ele></trkpt>
   <trkpt lat="47.398493" lon="8.43589"><ele>390.75</ele></trkpt>
   <trkpt lat="47.398525" lon="8.43627"><ele>390.25</ele></trkpt>
   <trkpt lat="47.398566" lon="8.436863"><ele>391</ele></trkpt>
   <trkpt lat="47.398611" lon="8.437686"><ele>391</ele></trkpt>
   <trkpt lat="47.398631" lon="8.43799"><ele>390.75</ele></trkpt>
   <trkpt lat="47.398649" lon="8.43819"><ele>391</ele></trkpt>
   <trkpt lat="47.398676" lon="8.438557"><ele>390.75</ele></trkpt>
   <trkpt lat="47.398699" lon="8.439182"><ele>391.5</ele></trkpt>
   <trkpt lat="47.398721" lon="8.439503"><ele>391.5</ele></trkpt>
   <trkpt lat="47.398767" lon="8.440047"><ele>392</ele></trkpt>
   <trkpt lat="47.398791" lon="8.440416"><ele>391.75</ele></trkpt>
   <trkpt lat="47.398816" lon="8.441082"><ele>391.75</ele></trkpt>
   <trkpt lat="47.398831" lon="8.441289"><ele>391.25</ele></trkpt>
   <trkpt lat="47.398844" lon="8.441439"><ele>391.25</ele></trkpt>
   <trkpt lat="47.398854" lon="8.441689"><ele>392</ele></trkpt>
   <trkpt lat="47.398855" lon="8.442078"><ele>392</ele></trkpt>
   <trkpt lat="47.398864" lon="8.442241"><ele>392</ele></trkpt>
   <trkpt lat="47.39909" lon="8.445358"><ele>392.25</ele></trkpt>
   <trkpt lat="47.399175" lon="8.446531"><ele>392.5</ele></trkpt>
   <trkpt lat="47.399343" lon="8.448863"><ele>392</ele></trkpt>
   <trkpt lat="47.399352" lon="8.449093"><ele>392</ele></trkpt>
   <trkpt lat="47.399349" lon="8.449449"><ele>392</ele></trkpt>
   <trkpt lat="47.399356" lon="8.449651"><ele>392</ele></trkpt>
   <trkpt lat="47.399857" lon="8.456521"><ele>393</ele></trkpt>
   <trkpt lat="47.399867" lon="8.456796"><ele>393</ele></trkpt>
   <trkpt lat="47.399868" lon="8.457088"><ele>393.25</ele></trkpt>
   <trkpt lat="47.399846" lon="8.457699"><ele>393</ele></trkpt>
   <trkpt lat="47.399818" lon="8.458088"><ele>393</ele></trkpt>
   <trkpt lat="47.399753" lon="8.458663"><ele>393</ele></trkpt>
   <trkpt lat="47.399723" lon="8.458872"><ele>393</ele></trkpt>
   <trkpt lat="47.399651" lon="8.459287"><ele>393</ele></trkpt>
   <trkpt lat="47.399565" lon="8.459697"><ele>393.5</ele></trkpt>
   <trkpt lat="47.399459" lon="8.460137"><ele>393</ele></trkpt>
   <trkpt lat="47.399306" lon="8.460718"><ele>393</ele></trkpt>
   <trkpt lat="47.39916" lon="8.461221"><ele>393</ele></trkpt>
   <trkpt lat="47.39908" lon="8.461466"><ele>393.25</ele></trkpt>
   <trkpt lat="47.398819" lon="8.462321"><ele>393.75</ele></trkpt>
   <trkpt lat="47.398729" lon="8.462645"><ele>394</ele></trkpt>
   <trkpt lat="47.398592" lon="8.463222"><ele>394</ele></trkpt>
   <trkpt lat="47.398511" lon="8.463499"><ele>394.25</ele></trkpt>
   <trkpt lat="47.39833" lon="8.464099"><ele>394</ele></trkpt>
   <trkpt lat="47.398214" lon="8.464507"><ele>394.25</ele></trkpt>
   <trkpt lat="47.397537" lon="8.467012"><ele>394</ele></trkpt>
   <trkpt lat="47.397468" lon="8.467232"><ele>394</ele></trkpt>
   <trkpt lat="47.397362" lon="8.467525"><ele>394.25</ele></trkpt>
   <trkpt lat="47.397312" lon="8.467685"><ele>394</ele></trkpt>
   <trkpt lat="47.397248" lon="8.467923"><ele>394</ele></trkpt>
   <trkpt lat="47.397105" lon="8.468441"><ele>395.25</ele></trkpt>
   <trkpt lat="47.396927" lon="8.469054"><ele>395</ele></trkpt>
   <trkpt lat="47.396433" lon="8.470878"><ele>395.75</ele></trkpt>
   <trkpt lat="47.396359" lon="8.471114"><ele>396</ele></trkpt>
   <trkpt lat="47.396271" lon="8.471359"><ele>396</ele></trkpt>
   <trkpt lat="47.396197" lon="8.471596"><ele>395.75</ele></trkpt>
   <trkpt lat="47.396106" lon="8.471932"><ele>396.75</ele></trkpt>
   <trkpt lat="47.395914" lon="8.472642"><ele>397.25</ele></trkpt>
   <trkpt lat="47.39589" lon="8.472736"><ele>397.75</ele></trkpt>
   <trkpt lat="47.395836" lon="8.473013"><ele>398</ele></trkpt>
   <trkpt lat="47.395787" lon="8.473274"><ele>397</ele></trkpt>
   <trkpt lat="47.393852" lon="8.480267"><ele>396</ele></trkpt>
   <trkpt lat="47.393775" lon="8.480581"><ele>396</ele></trkpt>
   <trkpt lat="47.393699" lon="8.480954"><ele>396.25</ele></trkpt>
   <trkpt lat="47.393649" lon="8.481164"><ele>396.25</ele></trkpt>
   <trkpt lat="47.393556" lon="8.481529"><ele>396.75</ele></trkpt>
   <trkpt lat="47.39346" lon="8.481906"><ele>396.75</ele></trkpt>
   <trkpt lat="47.39336" lon="8.482308"><ele>396.75</ele></trkpt>
   <trkpt lat="47.393309" lon="8.48254"><ele>397</ele></trkpt>
   <trkpt lat="47.393234" lon="8.482981"><ele>397</ele></trkpt>
   <trkpt lat="47.393164" lon="8.483301"><ele>397</ele></trkpt>
   <trkpt lat="47.39309" lon="8.483591"><ele>396.75</ele></trkpt>
   <trkpt lat="47.39302" lon="8.483894"><ele>397</ele></trkpt>
   <trkpt lat="47.392895" lon="8.484508"><ele>397.5</ele></trkpt>
   <trkpt lat="47.392821" lon="8.484822"><ele>397.75</ele></trkpt>
   <trkpt lat="47.392772" lon="8.485017"><ele>397.75</ele></trkpt>
   <trkpt lat="47.392247" lon="8.487065"><ele>398.75</ele></trkpt>
   <trkpt lat="47.392161" lon="8.487395"><ele>399</ele></trkpt>
   <trkpt lat="47.391688" lon="8.48916"><ele>399</ele></trkpt>
   <trkpt lat="47.391366" lon="8.490327"><ele>399</ele></trkpt>
   <trkpt lat="47.391047" lon="8.491407"><ele>398.75</ele></trkpt>
   <trkpt lat="47.390915" lon="8.491858"><ele>399</ele></trkpt>
   <trkpt lat="47.390671" lon="8.492746"><ele>399</ele></trkpt>
   <trkpt lat="47.390372" lon="8.49377"><ele>399</ele></trkpt>
   <trkpt lat="47.390266" lon="8.494199"><ele>399</ele></trkpt>
   <trkpt lat="47.390225" lon="8.494394"><ele>399</ele></trkpt>
   <trkpt lat="47.390094" lon="8.495108"><ele>400</ele></trkpt>
   <trkpt lat="47.39" lon="8.495712"><ele>400</ele></trkpt>
   <trkpt lat="47.389938" lon="8.496185"><ele>400</ele></trkpt>
   <trkpt lat="47.389893" lon="8.496588"><ele>400.75</ele></trkpt>
   <trkpt lat="47.3898" lon="8.497537"><ele>402.5</ele></trkpt>
   <trkpt lat="47.389696" lon="8.498706"><ele>402.75</ele></trkpt>
   <trkpt lat="47.389643" lon="8.499181"><ele>402.75</ele></trkpt>
   <trkpt lat="47.389525" lon="8.499971"><ele>403.75</ele></trkpt>
   <trkpt lat="47.389428" lon="8.500487"><ele>403.75</ele></trkpt>
   <trkpt lat="47.389336" lon="8.500913"><ele>403.25</ele></trkpt>
   <trkpt lat="47.389103" lon="8.501886"><ele>405</ele></trkpt>
   <trkpt lat="47.388934" lon="8.502608"><ele>403.75</ele></trkpt>
   <trkpt lat="47.38883" lon="8.503092"><ele>406</ele></trkpt>
   <trkpt lat="47.38875" lon="8.503512"><ele>403.5</ele></trkpt>
   <trkpt lat="47.388711" lon="8.503749"><ele>403.25</ele></trkpt>
   <trkpt lat="47.388621" lon="8.504396"><ele>403</ele></trkpt>
   <trkpt lat="47.388424" lon="8.506052"><ele>402.5</ele></trkpt>
   <trkpt lat="47.388346" lon="8.506625"><ele>402.25</ele></trkpt>
   <trkpt lat="47.388225" lon="8.507332"><ele>402</ele></trkpt>
   <trkpt lat="47.388115" lon="8.507835"><ele>402</ele></trkpt>
   <trkpt lat="47.388047" lon="8.508112"><ele>402</ele></trkpt>
   <trkpt lat="47.387952" lon="8.508462"><ele>402</ele></trkpt>
   <trkpt lat="47.38778" lon="8.509021"><ele>402</ele></trkpt>
   <trkpt lat="47.387614" lon="8.509494"><ele>402</ele></trkpt>
   <trkpt lat="47.387363" lon="8.510156"><ele>402</ele></trkpt>
   <trkpt lat="47.386691" lon="8.511904"><ele>402.75</ele></trkpt>
   <trkpt lat="47.38639" lon="8.512696"><ele>403</ele></trkpt>
   <trkpt lat="47.386186" lon="8.51327"><ele>403</ele></trkpt>
   <trkpt lat="47.386032" lon="8.513732"><ele>403</ele></trkpt>
   <trkpt lat="47.385852" lon="8.514305"><ele>403.75</ele></trkpt>
   <trkpt lat="47.385768" lon="8.514587"><ele>404</ele></trkpt>
   <trkpt lat="47.385644" lon="8.515026"><ele>404</ele></trkpt>
   <trkpt lat="47.385013" lon="8.517357"><ele>404.75</ele></trkpt>
   <trkpt lat="47.384741" lon="8.518363"><ele>405</ele></trkpt>
   <trkpt lat="47.384639" lon="8.518773"><ele>404.75</ele></trkpt>
   <trkpt lat="47.384575" lon="8.519079"><ele>405</ele></trkpt>
   <trkpt lat="47.384392" lon="8.520151"><ele>405</ele></trkpt>
   <trkpt lat="47.384316" lon="8.520524"><ele>405</ele></trkpt>
   <trkpt lat="47.384231" lon="8.520866"><ele>405</ele></trkpt>
   <trkpt lat="47.38421" lon="8.520944"><ele>405</ele></trkpt>
   <trkpt lat="47.38415" lon="8.521198"><ele>405</ele></trkpt>
   <trkpt lat="47.38407" lon="8.521598"><ele>405</ele></trkpt>
   <trkpt lat="47.384027" lon="8.521771"><ele>405</ele></trkpt>
   <trkpt lat="47.384008" lon="8.521847"><ele>404.75</ele></trkpt>
   <trkpt lat="47.383704" lon="8.522993"><ele>405.5</ele></trkpt>
   <trkpt lat="47.383568" lon="8.523508"><ele>406</ele></trkpt>
   <trkpt lat="47.38347" lon="8.523854"><ele>406</ele></trkpt>
   <trkpt lat="47.383309" lon="8.524368"><ele>406</ele></trkpt>
   <trkpt lat="47.38315" lon="8.524825"><ele>406</ele></trkpt>
   <trkpt lat="47.382952" lon="8.525333"><ele>406</ele></trkpt>
   <trkpt lat="47.382731" lon="8.525847"><ele>406</ele></trkpt>
   <trkpt lat="47.382478" lon="8.526374"><ele>406</ele></trkpt>
   <trkpt lat="47.381859" lon="8.527527"><ele>407.25</ele></trkpt>
   <trkpt lat="47.381814" lon="8.527617"><ele>407.25</ele></trkpt>
   <trkpt lat="47.381627" lon="8.528038"><ele>408</ele></trkpt>
   <trkpt lat="47.381527" lon="8.52831"><ele>408</ele></trkpt>
   <trkpt lat="47.381439" lon="8.528581"><ele>407.5</ele></trkpt>
   <trkpt lat="47.381367" lon="8.528835"><ele>408</ele></trkpt>
   <trkpt lat="47.381312" lon="8.529062"><ele>408</ele></trkpt>
   <trkpt lat="47.381258" lon="8.529304"><ele>408</ele></trkpt>
   <trkpt lat="47.381037" lon="8.530477"><ele>407.25</ele></trkpt>
   <trkpt lat="47.380934" lon="8.530989"><ele>407.25</ele></trkpt>
   <trkpt lat="47.38086" lon="8.531303"><ele>406</ele></trkpt>
   <trkpt lat="47.380583" lon="8.532336"><ele>405.75</ele></trkpt>
   <trkpt lat="47.380424" lon="8.53294"/>
   <trkpt lat="47.38029" lon="8.533572"/>
   <trkpt lat="47.380193" lon="8.533958"/>
   <trkpt lat="47.38014" lon="8.534142"/>
   <trkpt lat="47.380096" lon="8.534341"/>
   <trkpt lat="47.379942" lon="8.535025"/>
   <trkpt lat="47.379857" lon="8.535348"/>
   <trkpt lat="47.379767" lon="8.535658"/>
   <trkpt lat="47.37969" lon="8.535886"/>
   <trkpt lat="47.379439" lon="8.536548"/>
   <trkpt lat="47.379242" lon="8.537151"/>
   <trkpt lat="47.378742" lon="8.538995"/>
   <trkpt lat="47.378343" lon="8.540463"/>
   <trkpt lat="47.378254" lon="8.540847"/>
   <trkpt lat="47.378232" lon="8.540948"/>
  </trkseg>
 </trk>
</gpx>