<?xml version="1.0" encoding="UTF-8"?>
<!-- track-length = 288214 filtered ascend = 548 plain-ascend = -10 cost=288214 energy=3.5kwh time=6h 24m 17s -->
<gpx 
 xmlns="http://www.topografix.com/GPX/1/1" 
 xmlns:xsi="http://www.w3.org/2001/XMLSchema-instance" 
 xsi:schemaLocation="http://www.topografix.com/GPX/1/1 http://www.topografix.com/GPX/1/1/gpx.xsd" 
 version="1.1" 
 creator="BRouter-Web 0.18.1">
 <trk>
  <name>Le Grand-Saconnex -&gt; Zurich (288.2km)</name>
  <trkseg>
   <trkpt lat="46.231893" lon="6.111404"><ele>419.5</ele></trkpt>
   <trkpt lat="46.231665" lon="6.111069"><ele>419.5</ele></trkpt>
   <trkpt lat="46.23146" lon="6.110759"><ele>419.5</ele></trkpt>
   <trkpt lat="46.231245" lon="6.110394"><ele>419.5</ele></trkpt>
   <trkpt lat="46.231035" lon="6.109994"><ele>419.5</ele></trkpt>
   <trkpt lat="46.230831" lon="6.109622"><ele>419.5</ele></trkpt>
   <trkpt lat="46.230615" lon="6.109273"><ele>419.5</ele></trkpt>
   <trkpt lat="46.230228" lon="6.108709"><ele>419.5</ele></trkpt>
   <trkpt lat="46.229658" lon="6.107876"><ele>419.5</ele></trkpt>
   <trkpt lat="46.22964" lon="6.107849"><ele>419.5</ele></trkpt>
   <trkpt lat="46.228917" lon="6.106776"><ele>419.5</ele></trkpt>
   <trkpt lat="46.228751" lon="6.10652"><ele>419.5</ele></trkpt>
   <trkpt lat="46.228615" lon="6.106293"><ele>419.5</ele></trkpt>
   <trkpt lat="46.228463" lon="6.106023"><ele>417</ele></trkpt>
   <trkpt lat="46.228239" lon="6.105578"><ele>417</ele></trkpt>
   <trkpt lat="46.227874" lon="6.104809"><ele>416.75</ele></trkpt>
   <trkpt lat="46.227643" lon="6.104362"><ele>416.25</ele></trkpt>
   <trkpt lat="46.22749" lon="6.104089"><ele>416</ele></trkpt>
   <trkpt lat="46.227277" lon="6.103734"><ele>416</ele></trkpt>
   <trkpt lat="46.227182" lon="6.103585"><ele>416</ele></trkpt>
   <trkpt lat="46.226988" lon="6.103291"><ele>416.25</ele></trkpt>
   <trkpt lat="46.226754" lon="6.102966"><ele>416.5</ele></trkpt>
   <trkpt lat="46.226293" lon="6.102373"><ele>416.25</ele></trkpt>
   <trkpt lat="46.225362" lon="6.101197"><ele>415.75</ele></trkpt>
   <trkpt lat="46.225152" lon="6.10095"><ele>415.75</ele></trkpt>
   <trkpt lat="46.224961" lon="6.100744"><ele>415.5</ele></trkpt>
   <trkpt lat="46.224742" lon="6.100534"><ele>415.5</ele></trkpt>
   <trkpt lat="46.224477" lon="6.10032"><ele>415.25</ele></trkpt>
   <trkpt lat="46.224252" lon="6.100158"><ele>415.25</ele></trkpt>
   <trkpt lat="46.224146" lon="6.100091"><ele>415.25</ele></trkpt>
   <trkpt lat="46.223902" lon="6.099958"><ele>415</ele></trkpt>
   <trkpt lat="46.223526" lon="6.099795"><ele>415.25</ele></trkpt>
   <trkpt lat="46.222339" lon="6.099336"><ele>415.5</ele></trkpt>
   <trkpt lat="46.22198" lon="6.099216"><ele>413.75</ele></trkpt>
   <trkpt lat="46.221669" lon="6.099145"><ele>419</ele></trkpt>
   <trkpt lat="46.221341" lon="6.099111"><ele>420</ele></trkpt>
   <trkpt lat="46.221225" lon="6.099113"><ele>419.25</ele></trkpt>
   <trkpt lat="46.221034" lon="6.099124"><ele>418.5</ele></trkpt>
   <trkpt lat="46.220737" lon="6.099168"><ele>417.25</ele></trkpt>
   <trkpt lat="46.220562" lon="6.099213"><ele>416.5</ele></trkpt>
   <trkpt lat="46.220337" lon="6.09929"><ele>415.25</ele></trkpt>
   <trkpt lat="46.220149" lon="6.099372"><ele>415.5</ele></trkpt>
   <trkpt lat="46.220007" lon="6.099445"><ele>414</ele></trkpt>
   <trkpt lat="46.21972" lon="6.099625"><ele>413.25</ele></trkpt>
   <trkpt lat="46.219681" lon="6.099653"><ele>413.5</ele></trkpt>
   <trkpt lat="46.219517" lon="6.09978"><ele>414.25</ele></trkpt>
   <trkpt lat="46.21937" lon="6.099908"><ele>415</ele></trkpt>
   <trkpt lat="46.219148" lon="6.100131"><ele>416.25</ele></trkpt>
   <trkpt lat="46.219064" lon="6.100225"><ele>416.75</ele></trkpt>
   <trkpt lat="46.218854" lon="6.100485"><ele>418</ele></trkpt>
   <trkpt lat="46.218653" lon="6.100763"><ele>418</ele></trkpt>
   <trkpt lat="46.218645" lon="6.100774"><ele>418.25</ele></trkpt>
   <trkpt lat="46.21829" lon="6.101296"><ele>417.5</ele></trkpt>
   <trkpt lat="46.218052" lon="6.101624"><ele>419</ele></trkpt>
   <trkpt lat="46.217783" lon="6.101969"><ele>419.5</ele></trkpt>
   <trkpt lat="46.217516" lon="6.102288"><ele>419.25</ele></trkpt>
   <trkpt lat="46.217306" lon="6.102531"><ele>418.5</ele></trkpt>
   <trkpt lat="46.21688" lon="6.10298"><ele>417.75</ele></trkpt>
   <trkpt lat="46.216675" lon="6.103215"><ele>418.5</ele></trkpt>
   <trkpt lat="46.216604" lon="6.103299"><ele>418</ele></trkpt>
   <trkpt lat="46.215543" lon="6.104613"><ele>417.75</ele></trkpt>
   <trkpt lat="46.215357" lon="6.10483"><ele>417</ele></trkpt>
   <trkpt lat="46.215235" lon="6.104975"><ele>416.75</ele></trkpt>
   <trkpt lat="46.212748" lon="6.107908"><ele>421</ele></trkpt>
   <trkpt lat="46.211931" lon="6.108872"><ele>421.25</ele></trkpt>
   <trkpt lat="46.211417" lon="6.109524"><ele>420.5</ele></trkpt>
   <trkpt lat="46.211182" lon="6.109868"><ele>420.5</ele></trkpt>
   <trkpt lat="46.21089" lon="6.110319"><ele>419.5</ele></trkpt>
   <trkpt lat="46.210572" lon="6.11087"><ele>417.75</ele></trkpt>
   <trkpt lat="46.210333" lon="6.111326"><ele>419.25</ele></trkpt>
   <trkpt lat="46.210169" lon="6.111666"><ele>421.75</ele></trkpt>
   <trkpt lat="46.209976" lon="6.112087"><ele>420.25</ele></trkpt>
   <trkpt lat="46.209771" lon="6.112598"><ele>420</ele></trkpt>
   <trkpt lat="46.209571" lon="6.113137"><ele>422.75</ele></trkpt>
   <trkpt lat="46.209475" lon="6.113435"><ele>419.25</ele></trkpt>
   <trkpt lat="46.209295" lon="6.114022"><ele>422</ele></trkpt>
   <trkpt lat="46.208932" lon="6.115309"><ele>417</ele></trkpt>
   <trkpt lat="46.207746" lon="6.119467"><ele>411.75</ele></trkpt>
   <trkpt lat="46.207153" lon="6.121544"><ele>410</ele></trkpt>
   <trkpt lat="46.206025" lon="6.125507"><ele>406.75</ele></trkpt>
   <trkpt lat="46.205858" lon="6.126129"><ele>406.25</ele></trkpt>
   <trkpt lat="46.205784" lon="6.12645"><ele>406</ele></trkpt>
   <trkpt lat="46.205724" lon="6.126719"><ele>405.75</ele></trkpt>
   <trkpt lat="46.205587" lon="6.127467"><ele>405.25</ele></trkpt>
   <trkpt lat="46.205508" lon="6.128106"><ele>404.75</ele></trkpt>
   <trkpt lat="46.20547" lon="6.128661"><ele>404.5</ele></trkpt>
   <trkpt lat="46.205446" lon="6.129147"><ele>404</ele></trkpt>
   <trkpt lat="46.205438" lon="6.129772"><ele>403.5</ele></trkpt>
   <trkpt lat="46.205442" lon="6.130121"><ele>403.25</ele></trkpt>
   <trkpt lat="46.205473" lon="6.130615"><ele>403</ele></trkpt>
   <trkpt lat="46.205653" lon="6.132707"><ele>401.25</ele></trkpt>
   <trkpt lat="46.205729" lon="6.133458"><ele>401.5</ele></trkpt>
   <trkpt lat="46.205799" lon="6.134046"><ele>397.5</ele></trkpt>
   <trkpt lat="46.205924" lon="6.134923"><ele>395.75</ele></trkpt>
   <trkpt lat="46.206035" lon="6.135545"><ele>394.5</ele></trkpt>
   <trkpt lat="46.206127" lon="6.135989"><ele>393.75</ele></trkpt>
   <trkpt lat="46.206207" lon="6.136324"><ele>392.5</ele></trkpt>
   <trkpt lat="46.206281" lon="6.136602"><ele>391.5</ele></trkpt>
   <trkpt lat="46.206393" lon="6.136952"><ele>393.75</ele></trkpt>
   <trkpt lat="46.20648" lon="6.137183"><ele>391.25</ele></trkpt>
   <trkpt lat="46.206544" lon="6.137335"><ele>390.75</ele></trkpt>
   <trkpt lat="46.206696" lon="6.137654"><ele>392.5</ele></trkpt>
   <trkpt lat="46.206849" lon="6.13793"><ele>390.75</ele></trkpt>
   <trkpt lat="46.207002" lon="6.138167"><ele>390.75</ele></trkpt>
   <trkpt lat="46.207147" lon="6.138367"><ele>389.75</ele></trkpt>
   <trkpt lat="46.207352" lon="6.138618"><ele>390</ele></trkpt>
   <trkpt lat="46.207727" lon="6.139042"><ele>389.75</ele></trkpt>
   <trkpt lat="46.207924" lon="6.139296"><ele>390</ele></trkpt>
   <trkpt lat="46.208077" lon="6.139435"><ele>392.25</ele></trkpt>
   <trkpt lat="46.20847" lon="6.139873"><ele>388.75</ele></trkpt>
   <trkpt lat="46.208641" lon="6.140074"><ele>391.25</ele></trkpt>
   <trkpt lat="46.208835" lon="6.14033"><ele>391.5</ele></trkpt>
   <trkpt lat="46.208991" lon="6.140552"><ele>392.25</ele></trkpt>
   <trkpt lat="46.209166" lon="6.140786"><ele>392</ele></trkpt>
   <trkpt lat="46.209305" lon="6.140957"><ele>390.75</ele></trkpt>
   <trkpt lat="46.210423" lon="6.142213"><ele>392</ele></trkpt>
   <trkpt lat="46.210593" lon="6.142403"><ele>392</ele></trkpt>
   <trkpt lat="46.211353" lon="6.143256"><ele>392</ele></trkpt>
   <trkpt lat="46.211531" lon="6.143446"><ele>392</ele></trkpt>
   <trkpt lat="46.21169" lon="6.143588"><ele>392</ele></trkpt>
   <trkpt lat="46.211842" lon="6.143711"><ele>391.75</ele></trkpt>
   <trkpt lat="46.21201" lon="6.143828"><ele>392</ele></trkpt>
   <trkpt lat="46.212152" lon="6.143915"><ele>391.5</ele></trkpt>
   <trkpt lat="46.212676" lon="6.144185"><ele>390.5</ele></trkpt>
   <trkpt lat="46.212822" lon="6.144289"><ele>390.25</ele></trkpt>
   <trkpt lat="46.21299" lon="6.14434"><ele>390.5</ele></trkpt>
   <trkpt lat="46.213283" lon="6.14443"><ele>391</ele></trkpt>
   <trkpt lat="46.213413" lon="6.144469"><ele>391</ele></trkpt>
   <trkpt lat="46.213677" lon="6.144551"><ele>391</ele></trkpt>
   <trkpt lat="46.213909" lon="6.144596"><ele>391</ele></trkpt>
   <trkpt lat="46.214575" lon="6.144656"><ele>391</ele></trkpt>
   <trkpt lat="46.21492" lon="6.144676"><ele>391</ele></trkpt>
   <trkpt lat="46.215297" lon="6.144667"><ele>391</ele></trkpt>
   <trkpt lat="46.216094" lon="6.144578"><ele>391</ele></trkpt>
   <trkpt lat="46.216544" lon="6.144525"><ele>391</ele></trkpt>
   <trkpt lat="46.216934" lon="6.144505"><ele>391</ele></trkpt>
   <trkpt lat="46.217618" lon="6.144468"><ele>391</ele></trkpt>
   <trkpt lat="46.217973" lon="6.144461"><ele>390.75</ele></trkpt>
   <trkpt lat="46.218115" lon="6.144457"><ele>391</ele></trkpt>
   <trkpt lat="46.21855" lon="6.144498"><ele>391</ele></trkpt>
   <trkpt lat="46.218933" lon="6.14455"><ele>390.75</ele></trkpt>
   <trkpt lat="46.219123" lon="6.144569"><ele>391</ele></trkpt>
   <trkpt lat="46.219315" lon="6.144594"><ele>391</ele></trkpt>
   <trkpt lat="46.219643" lon="6.144638"><ele>391</ele></trkpt>
   <trkpt lat="46.219974" lon="6.144681"><ele>391</ele></trkpt>
   <trkpt lat="46.220289" lon="6.144729"><ele>391</ele></trkpt>
   <trkpt lat="46.220542" lon="6.144719"><ele>391</ele></trkpt>
   <trkpt lat="46.221458" lon="6.144682"><ele>391</ele></trkpt>
   <trkpt lat="46.221475" lon="6.144682"><ele>391.25</ele></trkpt>
   <trkpt lat="46.222901" lon="6.144642"><ele>391</ele></trkpt>
   <trkpt lat="46.223849" lon="6.144619"><ele>391</ele></trkpt>
   <trkpt lat="46.224209" lon="6.144622"><ele>390.75</ele></trkpt>
   <trkpt lat="46.224353" lon="6.144631"><ele>391</ele></trkpt>
   <trkpt lat="46.22466" lon="6.144665"><ele>391.75</ele></trkpt>
   <trkpt lat="46.224851" lon="6.144699"><ele>391.25</ele></trkpt>
   <trkpt lat="46.225233" lon="6.144799"><ele>391.25</ele></trkpt>
   <trkpt lat="46.225652" lon="6.144944"><ele>390.75</ele></trkpt>
   <trkpt lat="46.227244" lon="6.145531"><ele>391.75</ele></trkpt>
   <trkpt lat="46.227676" lon="6.145672"><ele>390.75</ele></trkpt>
   <trkpt lat="46.227958" lon="6.145747"><ele>390.75</ele></trkpt>
   <trkpt lat="46.228221" lon="6.1458"><ele>391.5</ele></trkpt>
   <trkpt lat="46.228499" lon="6.145839"><ele>392.25</ele></trkpt>
   <trkpt lat="46.228771" lon="6.14586"><ele>392.5</ele></trkpt>
   <trkpt lat="46.228864" lon="6.145863"><ele>392.5</ele></trkpt>
   <trkpt lat="46.229179" lon="6.145862"><ele>392.75</ele></trkpt>
   <trkpt lat="46.229391" lon="6.14585"><ele>392.75</ele></trkpt>
   <trkpt lat="46.231429" lon="6.145667"><ele>393.75</ele></trkpt>
   <trkpt lat="46.231838" lon="6.145643"><ele>393.5</ele></trkpt>
   <trkpt lat="46.232237" lon="6.145648"><ele>393.5</ele></trkpt>
   <trkpt lat="46.232606" lon="6.145684"><ele>393.75</ele></trkpt>
   <trkpt lat="46.232773" lon="6.145708"><ele>394</ele></trkpt>
   <trkpt lat="46.233048" lon="6.145762"><ele>394.75</ele></trkpt>
   <trkpt lat="46.233596" lon="6.145909"><ele>393</ele></trkpt>
   <trkpt lat="46.234572" lon="6.146219"><ele>392</ele></trkpt>
   <trkpt lat="46.236386" lon="6.146796"><ele>391</ele></trkpt>
   <trkpt lat="46.236845" lon="6.146924"><ele>391.5</ele></trkpt>
   <trkpt lat="46.237225" lon="6.147005"><ele>391</ele></trkpt>
   <trkpt lat="46.237611" lon="6.147062"><ele>390.25</ele></trkpt>
   <trkpt lat="46.238198" lon="6.147113"><ele>390.25</ele></trkpt>
   <trkpt lat="46.238693" lon="6.147175"><ele>390.25</ele></trkpt>
   <trkpt lat="46.239802" lon="6.147349"><ele>388.25</ele></trkpt>
   <trkpt lat="46.240505" lon="6.147432"><ele>387.5</ele></trkpt>
   <trkpt lat="46.241132" lon="6.147478"><ele>389</ele></trkpt>
   <trkpt lat="46.24165" lon="6.147518"><ele>389.75</ele></trkpt>
   <trkpt lat="46.242094" lon="6.147523"><ele>390.25</ele></trkpt>
   <trkpt lat="46.242375" lon="6.147507"><ele>390.5</ele></trkpt>
   <trkpt lat="46.242936" lon="6.147455"><ele>390.75</ele></trkpt>
   <trkpt lat="46.243398" lon="6.147427"><ele>390.75</ele></trkpt>
   <trkpt lat="46.245501" lon="6.147374"><ele>390.5</ele></trkpt>
   <trkpt lat="46.246124" lon="6.14736"><ele>390.25</ele></trkpt>
   <trkpt lat="46.247245" lon="6.147333"><ele>388.5</ele></trkpt>
   <trkpt lat="46.247839" lon="6.147318"><ele>386.75</ele></trkpt>
   <trkpt lat="46.248355" lon="6.147306"><ele>386.75</ele></trkpt>
   <trkpt lat="46.249141" lon="6.147286"><ele>389</ele></trkpt>
   <trkpt lat="46.249249" lon="6.147283"><ele>388.75</ele></trkpt>
   <trkpt lat="46.249973" lon="6.147272"><ele>388.75</ele></trkpt>
   <trkpt lat="46.2502" lon="6.14728"><ele>387.75</ele></trkpt>
   <trkpt lat="46.25036" lon="6.147288"><ele>387.5</ele></trkpt>
   <trkpt lat="46.250595" lon="6.14731"><ele>388.25</ele></trkpt>
   <trkpt lat="46.25098" lon="6.147372"><ele>388</ele></trkpt>
   <trkpt lat="46.251172" lon="6.147415"><ele>388</ele></trkpt>
   <trkpt lat="46.251469" lon="6.147495"><ele>388</ele></trkpt>
   <trkpt lat="46.251839" lon="6.147622"><ele>387.5</ele></trkpt>
   <trkpt lat="46.252119" lon="6.147738"><ele>387.75</ele></trkpt>
   <trkpt lat="46.252489" lon="6.14792"><ele>387.25</ele></trkpt>
   <trkpt lat="46.252849" lon="6.148128"><ele>387.75</ele></trkpt>
   <trkpt lat="46.253193" lon="6.14836"><ele>387.25</ele></trkpt>
   <trkpt lat="46.253536" lon="6.148624"><ele>386.75</ele></trkpt>
   <trkpt lat="46.253862" lon="6.148909"><ele>386.75</ele></trkpt>
   <trkpt lat="46.25418" lon="6.149221"><ele>386.75</ele></trkpt>
   <trkpt lat="46.2545" lon="6.149573"><ele>387</ele></trkpt>
   <trkpt lat="46.254793" lon="6.149936"><ele>386.25</ele></trkpt>
   <trkpt lat="46.255084" lon="6.150334"><ele>386.25</ele></trkpt>
   <trkpt lat="46.255352" lon="6.150751"><ele>386</ele></trkpt>
   <trkpt lat="46.255581" lon="6.151144"><ele>386</ele></trkpt>
   <trkpt lat="46.255815" lon="6.15159"><ele>386</ele></trkpt>
   <trkpt lat="46.256013" lon="6.152013"><ele>385.5</ele></trkpt>
   <trkpt lat="46.256239" lon="6.152547"><ele>385.5</ele></trkpt>
   <trkpt lat="46.256248" lon="6.15257"><ele>385.5</ele></trkpt>
   <trkpt lat="46.256588" lon="6.153437"><ele>384.75</ele></trkpt>
   <trkpt lat="46.256778" lon="6.153905"><ele>385.5</ele></trkpt>
   <trkpt lat="46.256929" lon="6.154252"><ele>384.75</ele></trkpt>
   <trkpt lat="46.257025" lon="6.154455"><ele>384.25</ele></trkpt>
   <trkpt lat="46.257275" lon="6.154946"><ele>384.5</ele></trkpt>
   <trkpt lat="46.257489" lon="6.155321"><ele>384.75</ele></trkpt>
   <trkpt lat="46.257631" lon="6.155555"><ele>383.75</ele></trkpt>
   <trkpt lat="46.257772" lon="6.155769"><ele>383.75</ele></trkpt>
   <trkpt lat="46.257937" lon="6.156006"><ele>381.5</ele></trkpt>
   <trkpt lat="46.258015" lon="6.156114"><ele>381.75</ele></trkpt>
   <trkpt lat="46.258181" lon="6.156333"><ele>382.5</ele></trkpt>
   <trkpt lat="46.258489" lon="6.156705"><ele>383.25</ele></trkpt>
   <trkpt lat="46.258815" lon="6.157057"><ele>383.25</ele></trkpt>
   <trkpt lat="46.2591" lon="6.157335"><ele>383.5</ele></trkpt>
   <trkpt lat="46.259391" lon="6.157595"><ele>384</ele></trkpt>
   <trkpt lat="46.261533" lon="6.159419"><ele>385.5</ele></trkpt>
   <trkpt lat="46.261795" lon="6.159635"><ele>385.75</ele></trkpt>
   <trkpt lat="46.262308" lon="6.160025"><ele>386</ele></trkpt>
   <trkpt lat="46.262852" lon="6.160466"><ele>386</ele></trkpt>
   <trkpt lat="46.263523" lon="6.160978"><ele>386.5</ele></trkpt>
   <trkpt lat="46.264189" lon="6.161434"><ele>387</ele></trkpt>
   <trkpt lat="46.26541" lon="6.162205"><ele>388</ele></trkpt>
   <trkpt lat="46.265869" lon="6.162507"><ele>388</ele></trkpt>
   <trkpt lat="46.265989" lon="6.162586"><ele>388.25</ele></trkpt>
   <trkpt lat="46.267035" lon="6.163331"><ele>387</ele></trkpt>
   <trkpt lat="46.267241" lon="6.163467"><ele>386.5</ele></trkpt>
   <trkpt lat="46.268892" lon="6.164498"><ele>385.75</ele></trkpt>
   <trkpt lat="46.270564" lon="6.165483"><ele>385.25</ele></trkpt>
   <trkpt lat="46.270841" lon="6.16564"><ele>384.5</ele></trkpt>
   <trkpt lat="46.271175" lon="6.165805"><ele>384.75</ele></trkpt>
   <trkpt lat="46.271498" lon="6.165932"><ele>384.25</ele></trkpt>
   <trkpt lat="46.271828" lon="6.166031"><ele>384.5</ele></trkpt>
   <trkpt lat="46.272171" lon="6.1661"><ele>385</ele></trkpt>
   <trkpt lat="46.272499" lon="6.166136"><ele>384.75</ele></trkpt>
   <trkpt lat="46.272858" lon="6.166145"><ele>385</ele></trkpt>
   <trkpt lat="46.273174" lon="6.166142"><ele>385.25</ele></trkpt>
   <trkpt lat="46.275357" lon="6.166122"><ele>384.75</ele></trkpt>
   <trkpt lat="46.275505" lon="6.166119"><ele>384.75</ele></trkpt>
   <trkpt lat="46.275983" lon="6.16607"><ele>385.25</ele></trkpt>
   <trkpt lat="46.276135" lon="6.166065"><ele>384.5</ele></trkpt>
   <trkpt lat="46.276316" lon="6.166063"><ele>378.25</ele></trkpt>
   <trkpt lat="46.276524" lon="6.166061"><ele>380.25</ele></trkpt>
   <trkpt lat="46.27655" lon="6.16606"><ele>381.25</ele></trkpt>
   <trkpt lat="46.276848" lon="6.166043"><ele>384.75</ele></trkpt>
   <trkpt lat="46.277197" lon="6.166003"><ele>383.25</ele></trkpt>
   <trkpt lat="46.277526" lon="6.165985"><ele>380</ele></trkpt>
   <trkpt lat="46.277996" lon="6.165972"><ele>383.25</ele></trkpt>
   <trkpt lat="46.278155" lon="6.16596"><ele>384</ele></trkpt>
   <trkpt lat="46.278293" lon="6.165944"><ele>385.75</ele></trkpt>
   <trkpt lat="46.278528" lon="6.165905"><ele>386.75</ele></trkpt>
   <trkpt lat="46.278709" lon="6.165863"><ele>387</ele></trkpt>
   <trkpt lat="46.278985" lon="6.165776"><ele>387.75</ele></trkpt>
   <trkpt lat="46.279256" lon="6.165667"><ele>388.25</ele></trkpt>
   <trkpt lat="46.279473" lon="6.165564"><ele>387.75</ele></trkpt>
   <trkpt lat="46.27969" lon="6.16545"><ele>388.5</ele></trkpt>
   <trkpt lat="46.280934" lon="6.164755"><ele>388</ele></trkpt>
   <trkpt lat="46.280937" lon="6.164753"><ele>388</ele></trkpt>
   <trkpt lat="46.281132" lon="6.164652"><ele>388</ele></trkpt>
   <trkpt lat="46.281392" lon="6.164536"><ele>388</ele></trkpt>
   <trkpt lat="46.281655" lon="6.164426"><ele>388</ele></trkpt>
   <trkpt lat="46.281996" lon="6.16425"><ele>387.75</ele></trkpt>
   <trkpt lat="46.282103" lon="6.164189"><ele>387.75</ele></trkpt>
   <trkpt lat="46.282302" lon="6.164081"><ele>388</ele></trkpt>
   <trkpt lat="46.28277" lon="6.163857"><ele>388</ele></trkpt>
   <trkpt lat="46.282909" lon="6.163779"><ele>388.25</ele></trkpt>
   <trkpt lat="46.283193" lon="6.163623"><ele>388.75</ele></trkpt>
   <trkpt lat="46.283497" lon="6.163479"><ele>389.5</ele></trkpt>
   <trkpt lat="46.283795" lon="6.16337"><ele>389.25</ele></trkpt>
   <trkpt lat="46.284" lon="6.163309"><ele>390.25</ele></trkpt>
   <trkpt lat="46.284269" lon="6.163238"><ele>391.75</ele></trkpt>
   <trkpt lat="46.28481" lon="6.163115"><ele>391</ele></trkpt>
   <trkpt lat="46.285957" lon="6.162889"><ele>392</ele></trkpt>
   <trkpt lat="46.287254" lon="6.162635"><ele>393</ele></trkpt>
   <trkpt lat="46.287437" lon="6.1626"><ele>393</ele></trkpt>
   <trkpt lat="46.287631" lon="6.162562"><ele>392.75</ele></trkpt>
   <trkpt lat="46.287749" lon="6.162539"><ele>392.5</ele></trkpt>
   <trkpt lat="46.288327" lon="6.162426"><ele>393.25</ele></trkpt>
   <trkpt lat="46.290947" lon="6.161916"><ele>397</ele></trkpt>
   <trkpt lat="46.29127" lon="6.16187"><ele>398.75</ele></trkpt>
   <trkpt lat="46.29162" lon="6.16185"><ele>399</ele></trkpt>
   <trkpt lat="46.291951" lon="6.161861"><ele>399.5</ele></trkpt>
   <trkpt lat="46.292274" lon="6.1619"><ele>399.5</ele></trkpt>
   <trkpt lat="46.292603" lon="6.161968"><ele>398.25</ele></trkpt>
   <trkpt lat="46.292774" lon="6.162017"><ele>399.75</ele></trkpt>
   <trkpt lat="46.293095" lon="6.16213"><ele>400.75</ele></trkpt>
   <trkpt lat="46.293387" lon="6.162258"><ele>398.5</ele></trkpt>
   <trkpt lat="46.293702" lon="6.162427"><ele>400.25</ele></trkpt>
   <trkpt lat="46.293838" lon="6.162511"><ele>399.5</ele></trkpt>
   <trkpt lat="46.294119" lon="6.162703"><ele>399</ele></trkpt>
   <trkpt lat="46.294411" lon="6.162936"><ele>400</ele></trkpt>
   <trkpt lat="46.294532" lon="6.16304"><ele>400.25</ele></trkpt>
   <trkpt lat="46.294815" lon="6.163315"><ele>400.25</ele></trkpt>
   <trkpt lat="46.295025" lon="6.163541"><ele>400.25</ele></trkpt>
   <trkpt lat="46.295426" lon="6.163996"><ele>400.5</ele></trkpt>
   <trkpt lat="46.296445" lon="6.165163"><ele>397.25</ele></trkpt>
   <trkpt lat="46.297399" lon="6.166256"><ele>395</ele></trkpt>
   <trkpt lat="46.297626" lon="6.166533"><ele>394.5</ele></trkpt>
   <trkpt lat="46.297948" lon="6.166942"><ele>394.25</ele></trkpt>
   <trkpt lat="46.298184" lon="6.167257"><ele>394.25</ele></trkpt>
   <trkpt lat="46.298852" lon="6.168219"><ele>393.5</ele></trkpt>
   <trkpt lat="46.299367" lon="6.168979"><ele>393</ele></trkpt>
   <trkpt lat="46.299509" lon="6.169186"><ele>391.5</ele></trkpt>
   <trkpt lat="46.299606" lon="6.169328"><ele>393</ele></trkpt>
   <trkpt lat="46.300557" lon="6.170724"><ele>393.25</ele></trkpt>
   <trkpt lat="46.302812" lon="6.174035"><ele>393.5</ele></trkpt>
   <trkpt lat="46.304486" lon="6.176494"><ele>392</ele></trkpt>
   <trkpt lat="46.306408" lon="6.179317"><ele>391</ele></trkpt>
   <trkpt lat="46.307479" lon="6.18089"><ele>391.75</ele></trkpt>
   <trkpt lat="46.307944" lon="6.18157"><ele>391.75</ele></trkpt>
   <trkpt lat="46.308223" lon="6.181962"><ele>391.75</ele></trkpt>
   <trkpt lat="46.308671" lon="6.182542"><ele>392</ele></trkpt>
   <trkpt lat="46.308746" lon="6.182635"><ele>391.25</ele></trkpt>
   <trkpt lat="46.309167" lon="6.183128"><ele>392.25</ele></trkpt>
   <trkpt lat="46.309517" lon="6.18351"><ele>391.5</ele></trkpt>
   <trkpt lat="46.30991" lon="6.18391"><ele>391.5</ele></trkpt>
   <trkpt lat="46.310309" lon="6.184286"><ele>391.25</ele></trkpt>
   <trkpt lat="46.310378" lon="6.184348"><ele>391.25</ele></trkpt>
   <trkpt lat="46.310746" lon="6.18466"><ele>391.25</ele></trkpt>
   <trkpt lat="46.310892" lon="6.184769"><ele>391</ele></trkpt>
   <trkpt lat="46.311677" lon="6.185314"><ele>391.5</ele></trkpt>
   <trkpt lat="46.31212" lon="6.185606"><ele>391.5</ele></trkpt>
   <trkpt lat="46.312461" lon="6.185814"><ele>391.75</ele></trkpt>
   <trkpt lat="46.312993" lon="6.186101"><ele>392</ele></trkpt>
   <trkpt lat="46.313404" lon="6.186296"><ele>393.5</ele></trkpt>
   <trkpt lat="46.313917" lon="6.186509"><ele>393.5</ele></trkpt>
   <trkpt lat="46.314907" lon="6.186856"><ele>393</ele></trkpt>
   <trkpt lat="46.31507" lon="6.186911"><ele>393</ele></trkpt>
   <trkpt lat="46.31715" lon="6.187615"><ele>393.75</ele></trkpt>
   <trkpt lat="46.318055" lon="6.187922"><ele>392.25</ele></trkpt>
   <trkpt lat="46.318217" lon="6.187978"><ele>392.75</ele></trkpt>
   <trkpt lat="46.318752" lon="6.188166"><ele>394</ele></trkpt>
   <trkpt lat="46.319166" lon="6.188327"><ele>394</ele></trkpt>
   <trkpt lat="46.319371" lon="6.188416"><ele>392.5</ele></trkpt>
   <trkpt lat="46.319764" lon="6.188604"><ele>394</ele></trkpt>
   <trkpt lat="46.320181" lon="6.188833"><ele>393.5</ele></trkpt>
   <trkpt lat="46.320592" lon="6.189082"><ele>394.25</ele></trkpt>
   <trkpt lat="46.320889" lon="6.189273"><ele>395</ele></trkpt>
   <trkpt lat="46.322461" lon="6.190289"><ele>394</ele></trkpt>
   <trkpt lat="46.323343" lon="6.190874"><ele>393.5</ele></trkpt>
   <trkpt lat="46.323689" lon="6.191105"><ele>394</ele></trkpt>
   <trkpt lat="46.324239" lon="6.191442"><ele>394</ele></trkpt>
   <trkpt lat="46.325337" lon="6.192151"><ele>392.75</ele></trkpt>
   <trkpt lat="46.32564" lon="6.192347"><ele>391.75</ele></trkpt>
   <trkpt lat="46.32932" lon="6.194729"><ele>392.25</ele></trkpt>
   <trkpt lat="46.329405" lon="6.194783"><ele>392.25</ele></trkpt>
   <trkpt lat="46.329893" lon="6.195084"><ele>392.75</ele></trkpt>
   <trkpt lat="46.330141" lon="6.195228"><ele>393</ele></trkpt>
   <trkpt lat="46.330639" lon="6.195499"><ele>391.75</ele></trkpt>
   <trkpt lat="46.330885" lon="6.195625"><ele>391.5</ele></trkpt>
   <trkpt lat="46.33136" lon="6.19585"><ele>391.75</ele></trkpt>
   <trkpt lat="46.332007" lon="6.196122"><ele>392.75</ele></trkpt>
   <trkpt lat="46.332329" lon="6.196244"><ele>392.5</ele></trkpt>
   <trkpt lat="46.332929" lon="6.196445"><ele>392.25</ele></trkpt>
   <trkpt lat="46.333284" lon="6.196547"><ele>392.25</ele></trkpt>
   <trkpt lat="46.333613" lon="6.196621"><ele>392</ele></trkpt>
   <trkpt lat="46.334211" lon="6.19674"><ele>392</ele></trkpt>
   <trkpt lat="46.334589" lon="6.196829"><ele>392</ele></trkpt>
   <trkpt lat="46.335257" lon="6.196999"><ele>391.75</ele></trkpt>
   <trkpt lat="46.335772" lon="6.197119"><ele>389.75</ele></trkpt>
   <trkpt lat="46.335925" lon="6.197153"><ele>390.25</ele></trkpt>
   <trkpt lat="46.33602" lon="6.197173"><ele>390.5</ele></trkpt>
   <trkpt lat="46.344557" lon="6.199009"><ele>390.75</ele></trkpt>
   <trkpt lat="46.345378" lon="6.199189"><ele>390.75</ele></trkpt>
   <trkpt lat="46.345872" lon="6.199313"><ele>390.5</ele></trkpt>
   <trkpt lat="46.346138" lon="6.199388"><ele>391</ele></trkpt>
   <trkpt lat="46.346473" lon="6.199495"><ele>390.5</ele></trkpt>
   <trkpt lat="46.346798" lon="6.199617"><ele>390.25</ele></trkpt>
   <trkpt lat="46.347021" lon="6.199712"><ele>390.75</ele></trkpt>
   <trkpt lat="46.347308" lon="6.199848"><ele>390.5</ele></trkpt>
   <trkpt lat="46.347731" lon="6.200078"><ele>390.75</ele></trkpt>
   <trkpt lat="46.347962" lon="6.200221"><ele>391</ele></trkpt>
   <trkpt lat="46.348311" lon="6.20046"><ele>391</ele></trkpt>
   <trkpt lat="46.348486" lon="6.20059"><ele>390.75</ele></trkpt>
   <trkpt lat="46.348874" lon="6.200905"><ele>390.25</ele></trkpt>
   <trkpt lat="46.349168" lon="6.201172"><ele>390.5</ele></trkpt>
   <trkpt lat="46.349336" lon="6.201337"><ele>387.75</ele></trkpt>
   <trkpt lat="46.349455" lon="6.201458"><ele>387.5</ele></trkpt>
   <trkpt lat="46.349902" lon="6.201948"><ele>392.25</ele></trkpt>
   <trkpt lat="46.352777" lon="6.205336"><ele>394.75</ele></trkpt>
   <trkpt lat="46.354487" lon="6.207353"><ele>395</ele></trkpt>
   <trkpt lat="46.354614" lon="6.207501"><ele>393.75</ele></trkpt>
   <trkpt lat="46.354907" lon="6.207847"><ele>392.5</ele></trkpt>
   <trkpt lat="46.357601" lon="6.211021"><ele>393</ele></trkpt>
   <trkpt lat="46.357948" lon="6.211423"><ele>393.25</ele></trkpt>
   <trkpt lat="46.358577" lon="6.212125"><ele>394.25</ele></trkpt>
   <trkpt lat="46.359381" lon="6.212985"><ele>394.5</ele></trkpt>
   <trkpt lat="46.359948" lon="6.213561"><ele>394.25</ele></trkpt>
   <trkpt lat="46.360512" lon="6.21411"><ele>394.25</ele></trkpt>
   <trkpt lat="46.361231" lon="6.214776"><ele>392.5</ele></trkpt>
   <trkpt lat="46.361845" lon="6.215316"><ele>392.5</ele></trkpt>
   <trkpt lat="46.362584" lon="6.215936"><ele>394.5</ele></trkpt>
   <trkpt lat="46.363031" lon="6.216297"><ele>394.5</ele></trkpt>
   <trkpt lat="46.363742" lon="6.216844"><ele>394.25</ele></trkpt>
   <trkpt lat="46.364524" lon="6.217418"><ele>396.5</ele></trkpt>
   <trkpt lat="46.369251" lon="6.220843"><ele>394.75</ele></trkpt>
   <trkpt lat="46.373366" lon="6.22383"><ele>393.5</ele></trkpt>
   <trkpt lat="46.373932" lon="6.224266"><ele>394</ele></trkpt>
   <trkpt lat="46.37424" lon="6.224515"><ele>394.5</ele></trkpt>
   <trkpt lat="46.374867" lon="6.225046"><ele>395.25</ele></trkpt>
   <trkpt lat="46.375187" lon="6.22533"><ele>395.75</ele></trkpt>
   <trkpt lat="46.375546" lon="6.22566"><ele>395.75</ele></trkpt>
   <trkpt lat="46.376176" lon="6.226267"><ele>397.25</ele></trkpt>
   <trkpt lat="46.376724" lon="6.226826"><ele>399.5</ele></trkpt>
   <trkpt lat="46.377307" lon="6.227457"><ele>398.5</ele></trkpt>
   <trkpt lat="46.378039" lon="6.228294"><ele>398</ele></trkpt>
   <trkpt lat="46.381439" lon="6.232259"><ele>402.5</ele></trkpt>
   <trkpt lat="46.381971" lon="6.232876"><ele>401.75</ele></trkpt>
   <trkpt lat="46.382776" lon="6.233832"><ele>403.75</ele></trkpt>
   <trkpt lat="46.382844" lon="6.233913"><ele>402.75</ele></trkpt>
   <trkpt lat="46.383069" lon="6.234165"><ele>403.5</ele></trkpt>
   <trkpt lat="46.383464" lon="6.234564"><ele>402.75</ele></trkpt>
   <trkpt lat="46.383554" lon="6.23465"><ele>403.75</ele></trkpt>
   <trkpt lat="46.383768" lon="6.234867"><ele>404</ele></trkpt>
   <trkpt lat="46.383965" lon="6.235076"><ele>404.25</ele></trkpt>
   <trkpt lat="46.384463" lon="6.235669"><ele>405</ele></trkpt>
   <trkpt lat="46.384931" lon="6.236226"><ele>405.75</ele></trkpt>
   <trkpt lat="46.38529" lon="6.236678"><ele>406</ele></trkpt>
   <trkpt lat="46.385366" lon="6.236771"><ele>406</ele></trkpt>
   <trkpt lat="46.38552" lon="6.236939"><ele>406</ele></trkpt>
   <trkpt lat="46.385701" lon="6.237118"><ele>406</ele></trkpt>
   <trkpt lat="46.386162" lon="6.237581"><ele>406</ele></trkpt>
   <trkpt lat="46.386816" lon="6.238231"><ele>405.75</ele></trkpt>
   <trkpt lat="46.386968" lon="6.238397"><ele>405.75</ele></trkpt>
   <trkpt lat="46.387147" lon="6.238609"><ele>405.75</ele></trkpt>
   <trkpt lat="46.387365" lon="6.238865"><ele>403.5</ele></trkpt>
   <trkpt lat="46.387563" lon="6.239095"><ele>403.75</ele></trkpt>
   <trkpt lat="46.387685" lon="6.239212"><ele>404.25</ele></trkpt>
   <trkpt lat="46.387838" lon="6.239345"><ele>404.75</ele></trkpt>
   <trkpt lat="46.388482" lon="6.239895"><ele>407.5</ele></trkpt>
   <trkpt lat="46.388656" lon="6.240021"><ele>407.5</ele></trkpt>
   <trkpt lat="46.388831" lon="6.240135"><ele>408.5</ele></trkpt>
   <trkpt lat="46.388912" lon="6.240182"><ele>408.5</ele></trkpt>
   <trkpt lat="46.38932" lon="6.240423"><ele>410.75</ele></trkpt>
   <trkpt lat="46.38975" lon="6.24066"><ele>410.75</ele></trkpt>
   <trkpt lat="46.390018" lon="6.240785"><ele>411</ele></trkpt>
   <trkpt lat="46.390361" lon="6.240919"><ele>412</ele></trkpt>
   <trkpt lat="46.39174" lon="6.241379"><ele>412</ele></trkpt>
   <trkpt lat="46.39199" lon="6.241472"><ele>414.25</ele></trkpt>
   <trkpt lat="46.392242" lon="6.241582"><ele>414.25</ele></trkpt>
   <trkpt lat="46.392748" lon="6.241833"><ele>415</ele></trkpt>
   <trkpt lat="46.393196" lon="6.242103"><ele>415.5</ele></trkpt>
   <trkpt lat="46.393569" lon="6.242361"><ele>415.25</ele></trkpt>
   <trkpt lat="46.393952" lon="6.242659"><ele>416</ele></trkpt>
   <trkpt lat="46.394144" lon="6.242826"><ele>415</ele></trkpt>
   <trkpt lat="46.394544" lon="6.243199"><ele>416.25</ele></trkpt>
   <trkpt lat="46.394761" lon="6.243424"><ele>416</ele></trkpt>
   <trkpt lat="46.395052" lon="6.243747"><ele>416.25</ele></trkpt>
   <trkpt lat="46.395332" lon="6.244081"><ele>416.5</ele></trkpt>
   <trkpt lat="46.396233" lon="6.245202"><ele>416.25</ele></trkpt>
   <trkpt lat="46.396353" lon="6.245351"><ele>416</ele></trkpt>
   <trkpt lat="46.39996" lon="6.249849"><ele>418.5</ele></trkpt>
   <trkpt lat="46.400721" lon="6.250783"><ele>418.75</ele></trkpt>
   <trkpt lat="46.401155" lon="6.251282"><ele>420</ele></trkpt>
   <trkpt lat="46.401563" lon="6.251721"><ele>419.25</ele></trkpt>
   <trkpt lat="46.402071" lon="6.25223"><ele>415.75</ele></trkpt>
   <trkpt lat="46.403018" lon="6.253101"><ele>414.5</ele></trkpt>
   <trkpt lat="46.411781" lon="6.261061"><ele>408.5</ele></trkpt>
   <trkpt lat="46.411888" lon="6.261156"><ele>409</ele></trkpt>
   <trkpt lat="46.41301" lon="6.26219"><ele>411.25</ele></trkpt>
   <trkpt lat="46.413552" lon="6.262709"><ele>413.25</ele></trkpt>
   <trkpt lat="46.414313" lon="6.263469"><ele>413.5</ele></trkpt>
   <trkpt lat="46.415788" lon="6.264984"><ele>414</ele></trkpt>
   <trkpt lat="46.416645" lon="6.265866"><ele>414.75</ele></trkpt>
   <trkpt lat="46.417209" lon="6.266458"><ele>414.75</ele></trkpt>
   <trkpt lat="46.417844" lon="6.267144"><ele>415</ele></trkpt>
   <trkpt lat="46.418355" lon="6.267696"><ele>415</ele></trkpt>
   <trkpt lat="46.419006" lon="6.26838"><ele>416</ele></trkpt>
   <trkpt lat="46.419921" lon="6.26932"><ele>415.75</ele></trkpt>
   <trkpt lat="46.421273" lon="6.270708"><ele>415.75</ele></trkpt>
   <trkpt lat="46.42148" lon="6.270915"><ele>415.75</ele></trkpt>
   <trkpt lat="46.422355" lon="6.271751"><ele>414.75</ele></trkpt>
   <trkpt lat="46.422742" lon="6.272131"><ele>415</ele></trkpt>
   <trkpt lat="46.423504" lon="6.272912"><ele>415</ele></trkpt>
   <trkpt lat="46.425664" lon="6.27513"><ele>413.5</ele></trkpt>
   <trkpt lat="46.429927" lon="6.279512"><ele>414.5</ele></trkpt>
   <trkpt lat="46.433141" lon="6.282811"><ele>412.75</ele></trkpt>
   <trkpt lat="46.435467" lon="6.2852"><ele>411.75</ele></trkpt>
   <trkpt lat="46.435883" lon="6.285636"><ele>412.25</ele></trkpt>
   <trkpt lat="46.436086" lon="6.285859"><ele>412.5</ele></trkpt>
   <trkpt lat="46.436482" lon="6.286312"><ele>412.5</ele></trkpt>
   <trkpt lat="46.436669" lon="6.286538"><ele>412.25</ele></trkpt>
   <trkpt lat="46.437034" lon="6.287"><ele>412.75</ele></trkpt>
   <trkpt lat="46.437389" lon="6.287481"><ele>412.75</ele></trkpt>
   <trkpt lat="46.437768" lon="6.288027"><ele>414.75</ele></trkpt>
   <trkpt lat="46.438075" lon="6.2885"><ele>414.5</ele></trkpt>
   <trkpt lat="46.438429" lon="6.289084"><ele>413.5</ele></trkpt>
   <trkpt lat="46.438514" lon="6.289229"><ele>413.75</ele></trkpt>
   <trkpt lat="46.438717" lon="6.289593"><ele>415.5</ele></trkpt>
   <trkpt lat="46.43908" lon="6.290274"><ele>415</ele></trkpt>
   <trkpt lat="46.439414" lon="6.290956"><ele>416</ele></trkpt>
   <trkpt lat="46.439642" lon="6.291455"><ele>416.5</ele></trkpt>
   <trkpt lat="46.439895" lon="6.292047"><ele>417.75</ele></trkpt>
   <trkpt lat="46.440087" lon="6.292524"><ele>417.75</ele></trkpt>
   <trkpt lat="46.440394" lon="6.293346"><ele>418.25</ele></trkpt>
   <trkpt lat="46.44321" lon="6.301534"><ele>425</ele></trkpt>
   <trkpt lat="46.443459" lon="6.302234"><ele>426</ele></trkpt>
   <trkpt lat="46.443666" lon="6.302802"><ele>427</ele></trkpt>
   <trkpt lat="46.44401" lon="6.303703"><ele>427.25</ele></trkpt>
   <trkpt lat="46.444448" lon="6.304787"><ele>428</ele></trkpt>
   <trkpt lat="46.444706" lon="6.305393"><ele>429</ele></trkpt>
   <trkpt lat="46.444951" lon="6.30594"><ele>429</ele></trkpt>
   <trkpt lat="46.445472" lon="6.307053"><ele>429.5</ele></trkpt>
   <trkpt lat="46.445914" lon="6.307975"><ele>429.5</ele></trkpt>
   <trkpt lat="46.446613" lon="6.30938"><ele>428</ele></trkpt>
   <trkpt lat="46.447643" lon="6.311476"><ele>427.25</ele></trkpt>
   <trkpt lat="46.449093" lon="6.314431"><ele>424.5</ele></trkpt>
   <trkpt lat="46.449427" lon="6.31511"><ele>419.25</ele></trkpt>
   <trkpt lat="46.449628" lon="6.31552"><ele>417.75</ele></trkpt>
   <trkpt lat="46.451688" lon="6.319712"><ele>418</ele></trkpt>
   <trkpt lat="46.452085" lon="6.320497"><ele>415</ele></trkpt>
   <trkpt lat="46.452123" lon="6.320566"><ele>415.25</ele></trkpt>
   <trkpt lat="46.452301" lon="6.320909"><ele>414.5</ele></trkpt>
   <trkpt lat="46.452743" lon="6.321707"><ele>414</ele></trkpt>
   <trkpt lat="46.45325" lon="6.322572"><ele>412</ele></trkpt>
   <trkpt lat="46.453585" lon="6.323117"><ele>413</ele></trkpt>
   <trkpt lat="46.453926" lon="6.323654"><ele>412</ele></trkpt>
   <trkpt lat="46.454274" lon="6.324177"><ele>409.75</ele></trkpt>
   <trkpt lat="46.454793" lon="6.324927"><ele>409.75</ele></trkpt>
   <trkpt lat="46.45482" lon="6.324965"><ele>409.5</ele></trkpt>
   <trkpt lat="46.455968" lon="6.326591"><ele>408.25</ele></trkpt>
   <trkpt lat="46.456049" lon="6.326704"><ele>409</ele></trkpt>
   <trkpt lat="46.457568" lon="6.328851"><ele>406.25</ele></trkpt>
   <trkpt lat="46.45991" lon="6.332167"><ele>402.75</ele></trkpt>
   <trkpt lat="46.460247" lon="6.332643"><ele>401.5</ele></trkpt>
   <trkpt lat="46.460676" lon="6.333253"><ele>400</ele></trkpt>
   <trkpt lat="46.460712" lon="6.333303"><ele>400.25</ele></trkpt>
   <trkpt lat="46.461283" lon="6.334119"><ele>399.75</ele></trkpt>
   <trkpt lat="46.461596" lon="6.334587"><ele>399.25</ele></trkpt>
   <trkpt lat="46.461632" lon="6.334641"><ele>400</ele></trkpt>
   <trkpt lat="46.461926" lon="6.335106"><ele>401</ele></trkpt>
   <trkpt lat="46.462299" lon="6.33575"><ele>400.5</ele></trkpt>
   <trkpt lat="46.462523" lon="6.336169"><ele>400.75</ele></trkpt>
   <trkpt lat="46.462573" lon="6.336264"><ele>399.75</ele></trkpt>
   <trkpt lat="46.462748" lon="6.336613"><ele>401.5</ele></trkpt>
   <trkpt lat="46.463032" lon="6.337206"><ele>401.5</ele></trkpt>
   <trkpt lat="46.46315" lon="6.337466"><ele>402</ele></trkpt>
   <trkpt lat="46.46343" lon="6.338127"><ele>400.25</ele></trkpt>
   <trkpt lat="46.463584" lon="6.338522"><ele>401.5</ele></trkpt>
   <trkpt lat="46.463676" lon="6.338769"><ele>401.25</ele></trkpt>
   <trkpt lat="46.463869" lon="6.339319"><ele>401.5</ele></trkpt>
   <trkpt lat="46.46403" lon="6.339812"><ele>400.5</ele></trkpt>
   <trkpt lat="46.464292" lon="6.340695"><ele>400</ele></trkpt>
   <trkpt lat="46.464548" lon="6.341667"><ele>399.5</ele></trkpt>
   <trkpt lat="46.464899" lon="6.343107"><ele>400.25</ele></trkpt>
   <trkpt lat="46.465059" lon="6.343726"><ele>402</ele></trkpt>
   <trkpt lat="46.46523" lon="6.34434"><ele>402.75</ele></trkpt>
   <trkpt lat="46.46542" lon="6.344963"><ele>403.5</ele></trkpt>
   <trkpt lat="46.465628" lon="6.345591"><ele>403.75</ele></trkpt>
   <trkpt lat="46.465777" lon="6.346018"><ele>402.5</ele></trkpt>
   <trkpt lat="46.465815" lon="6.346122"><ele>402.75</ele></trkpt>
   <trkpt lat="46.466105" lon="6.346876"><ele>404.75</ele></trkpt>
   <trkpt lat="46.466233" lon="6.34719"><ele>405.75</ele></trkpt>
   <trkpt lat="46.466492" lon="6.347787"><ele>408</ele></trkpt>
   <trkpt lat="46.466752" lon="6.34835"><ele>408.75</ele></trkpt>
   <trkpt lat="46.466885" lon="6.348627"><ele>407.5</ele></trkpt>
   <trkpt lat="46.467162" lon="6.349175"><ele>408.75</ele></trkpt>
   <trkpt lat="46.468156" lon="6.351081"><ele>407.25</ele></trkpt>
   <trkpt lat="46.468425" lon="6.351635"><ele>408.5</ele></trkpt>
   <trkpt lat="46.468672" lon="6.352182"><ele>409</ele></trkpt>
   <trkpt lat="46.468899" lon="6.352725"><ele>411</ele></trkpt>
   <trkpt lat="46.469005" lon="6.352994"><ele>409.5</ele></trkpt>
   <trkpt lat="46.469174" lon="6.35344"><ele>411.5</ele></trkpt>
   <trkpt lat="46.469333" lon="6.353892"><ele>412.5</ele></trkpt>
   <trkpt lat="46.469435" lon="6.354196"><ele>413</ele></trkpt>
   <trkpt lat="46.469634" lon="6.354836"><ele>413.75</ele></trkpt>
   <trkpt lat="46.469817" lon="6.355486"><ele>415.25</ele></trkpt>
   <trkpt lat="46.469899" lon="6.355803"><ele>415</ele></trkpt>
   <trkpt lat="46.470052" lon="6.356443"><ele>415.75</ele></trkpt>
   <trkpt lat="46.47019" lon="6.357087"><ele>416.25</ele></trkpt>
   <trkpt lat="46.470834" lon="6.360284"><ele>417</ele></trkpt>
   <trkpt lat="46.471086" lon="6.361576"><ele>417.75</ele></trkpt>
   <trkpt lat="46.471238" lon="6.362459"><ele>419</ele></trkpt>
   <trkpt lat="46.471247" lon="6.362512"><ele>419</ele></trkpt>
   <trkpt lat="46.471356" lon="6.363235"><ele>418</ele></trkpt>
   <trkpt lat="46.47144" lon="6.363876"><ele>418</ele></trkpt>
   <trkpt lat="46.471593" lon="6.365044"><ele>418</ele></trkpt>
   <trkpt lat="46.471639" lon="6.365551"><ele>418</ele></trkpt>
   <trkpt lat="46.471661" lon="6.365902"><ele>418</ele></trkpt>
   <trkpt lat="46.471691" lon="6.366604"><ele>417</ele></trkpt>
   <trkpt lat="46.4717" lon="6.366967"><ele>417</ele></trkpt>
   <trkpt lat="46.471707" lon="6.367695"><ele>416.25</ele></trkpt>
   <trkpt lat="46.471698" lon="6.368424"><ele>416</ele></trkpt>
   <trkpt lat="46.471688" lon="6.368789"><ele>416</ele></trkpt>
   <trkpt lat="46.471658" lon="6.369492"><ele>414.75</ele></trkpt>
   <trkpt lat="46.471637" lon="6.369822"><ele>412.5</ele></trkpt>
   <trkpt lat="46.471624" lon="6.370008"><ele>409.25</ele></trkpt>
   <trkpt lat="46.471547" lon="6.370938"><ele>409.5</ele></trkpt>
   <trkpt lat="46.471184" lon="6.374162"><ele>417.25</ele></trkpt>
   <trkpt lat="46.471119" lon="6.374845"><ele>416</ele></trkpt>
   <trkpt lat="46.471095" lon="6.37518"><ele>416</ele></trkpt>
   <trkpt lat="46.471059" lon="6.375855"><ele>416.25</ele></trkpt>
   <trkpt lat="46.471049" lon="6.376179"><ele>416.25</ele></trkpt>
   <trkpt lat="46.471041" lon="6.376827"><ele>417.25</ele></trkpt>
   <trkpt lat="46.471051" lon="6.377473"><ele>417</ele></trkpt>
   <trkpt lat="46.471062" lon="6.377797"><ele>417</ele></trkpt>
   <trkpt lat="46.471097" lon="6.378446"><ele>417.75</ele></trkpt>
   <trkpt lat="46.471122" lon="6.378768"><ele>418</ele></trkpt>
   <trkpt lat="46.471184" lon="6.37941"><ele>418.5</ele></trkpt>
   <trkpt lat="46.471264" lon="6.380049"><ele>418.25</ele></trkpt>
   <trkpt lat="46.47131" lon="6.380366"><ele>418</ele></trkpt>
   <trkpt lat="46.471417" lon="6.380996"><ele>418.75</ele></trkpt>
   <trkpt lat="46.471548" lon="6.381652"><ele>415.5</ele></trkpt>
   <trkpt lat="46.471571" lon="6.381755"><ele>416</ele></trkpt>
   <trkpt lat="46.472588" lon="6.386199"><ele>420.75</ele></trkpt>
   <trkpt lat="46.472974" lon="6.387876"><ele>421</ele></trkpt>
   <trkpt lat="46.473073" lon="6.388341"><ele>422</ele></trkpt>
   <trkpt lat="46.47317" lon="6.388858"><ele>421.25</ele></trkpt>
   <trkpt lat="46.473311" lon="6.389533"><ele>421.75</ele></trkpt>
   <trkpt lat="46.473353" lon="6.38972"><ele>422</ele></trkpt>
   <trkpt lat="46.473407" lon="6.389968"><ele>421.25</ele></trkpt>
   <trkpt lat="46.473538" lon="6.39069"><ele>421.25</ele></trkpt>
   <trkpt lat="46.47359" lon="6.390935"><ele>421.25</ele></trkpt>
   <trkpt lat="46.474609" lon="6.395374"><ele>421</ele></trkpt>
   <trkpt lat="46.474892" lon="6.396614"><ele>422</ele></trkpt>
   <trkpt lat="46.475258" lon="6.39844"><ele>421.75</ele></trkpt>
   <trkpt lat="46.475515" lon="6.399564"><ele>421.75</ele></trkpt>
   <trkpt lat="46.475602" lon="6.399947"><ele>422</ele></trkpt>
   <trkpt lat="46.475927" lon="6.401241"><ele>418.75</ele></trkpt>
   <trkpt lat="46.476058" lon="6.40176"><ele>420.75</ele></trkpt>
   <trkpt lat="46.47616" lon="6.402266"><ele>420</ele></trkpt>
   <trkpt lat="46.47625" lon="6.402825"><ele>421</ele></trkpt>
   <trkpt lat="46.476401" lon="6.403747"><ele>419</ele></trkpt>
   <trkpt lat="46.47645" lon="6.404068"><ele>420</ele></trkpt>
   <trkpt lat="46.476492" lon="6.4044"><ele>420.75</ele></trkpt>
   <trkpt lat="46.476555" lon="6.405014"><ele>414.5</ele></trkpt>
   <trkpt lat="46.47657" lon="6.405176"><ele>414.5</ele></trkpt>
   <trkpt lat="46.476629" lon="6.405825"><ele>415</ele></trkpt>
   <trkpt lat="46.476782" lon="6.407597"><ele>410.25</ele></trkpt>
   <trkpt lat="46.476813" lon="6.407991"><ele>415</ele></trkpt>
   <trkpt lat="46.476853" lon="6.408671"><ele>417.25</ele></trkpt>
   <trkpt lat="46.476865" lon="6.408967"><ele>417</ele></trkpt>
   <trkpt lat="46.476876" lon="6.409594"><ele>416</ele></trkpt>
   <trkpt lat="46.476869" lon="6.410218"><ele>415.75</ele></trkpt>
   <trkpt lat="46.476854" lon="6.410688"><ele>416</ele></trkpt>
   <trkpt lat="46.476829" lon="6.411156"><ele>416.5</ele></trkpt>
   <trkpt lat="46.476793" lon="6.411637"><ele>416.25</ele></trkpt>
   <trkpt lat="46.476677" lon="6.412809"><ele>415</ele></trkpt>
   <trkpt lat="46.47515" lon="6.427039"><ele>405.5</ele></trkpt>
   <trkpt lat="46.475043" lon="6.428029"><ele>404.5</ele></trkpt>
   <trkpt lat="46.475021" lon="6.428236"><ele>405.25</ele></trkpt>
   <trkpt lat="46.474885" lon="6.429521"><ele>406</ele></trkpt>
   <trkpt lat="46.474853" lon="6.42987"><ele>406.25</ele></trkpt>
   <trkpt lat="46.474804" lon="6.430561"><ele>407.25</ele></trkpt>
   <trkpt lat="46.474788" lon="6.43089"><ele>407</ele></trkpt>
   <trkpt lat="46.47477" lon="6.431567"><ele>407</ele></trkpt>
   <trkpt lat="46.474768" lon="6.431896"><ele>407</ele></trkpt>
   <trkpt lat="46.474779" lon="6.432556"><ele>406</ele></trkpt>
   <trkpt lat="46.47481" lon="6.433248"><ele>406.25</ele></trkpt>
   <trkpt lat="46.474834" lon="6.433602"><ele>407.25</ele></trkpt>
   <trkpt lat="46.474891" lon="6.434237"><ele>407</ele></trkpt>
   <trkpt lat="46.474928" lon="6.434581"><ele>407.25</ele></trkpt>
   <trkpt lat="46.475019" lon="6.435256"><ele>407.25</ele></trkpt>
   <trkpt lat="46.475073" lon="6.435599"><ele>408.75</ele></trkpt>
   <trkpt lat="46.475192" lon="6.436259"><ele>409.25</ele></trkpt>
   <trkpt lat="46.47533" lon="6.43691"><ele>408.5</ele></trkpt>
   <trkpt lat="46.475484" lon="6.437542"><ele>408</ele></trkpt>
   <trkpt lat="46.475734" lon="6.438436"><ele>407.25</ele></trkpt>
   <trkpt lat="46.478751" lon="6.448601"><ele>401</ele></trkpt>
   <trkpt lat="46.478829" lon="6.448862"><ele>400</ele></trkpt>
   <trkpt lat="46.478938" lon="6.449206"><ele>399.5</ele></trkpt>
   <trkpt lat="46.479122" lon="6.44973"><ele>398.75</ele></trkpt>
   <trkpt lat="46.479358" lon="6.450473"><ele>399.25</ele></trkpt>
   <trkpt lat="46.479507" lon="6.450921"><ele>399.25</ele></trkpt>
   <trkpt lat="46.479711" lon="6.451476"><ele>398.25</ele></trkpt>
   <trkpt lat="46.47982" lon="6.451749"><ele>400.25</ele></trkpt>
   <trkpt lat="46.47994" lon="6.452033"><ele>400.25</ele></trkpt>
   <trkpt lat="46.480142" lon="6.452477"><ele>401</ele></trkpt>
   <trkpt lat="46.480394" lon="6.452979"><ele>399.25</ele></trkpt>
   <trkpt lat="46.480543" lon="6.453243"><ele>397.75</ele></trkpt>
   <trkpt lat="46.480748" lon="6.453575"><ele>397.5</ele></trkpt>
   <trkpt lat="46.481085" lon="6.454087"><ele>396</ele></trkpt>
   <trkpt lat="46.4812" lon="6.454246"><ele>395.75</ele></trkpt>
   <trkpt lat="46.481857" lon="6.455085"><ele>395</ele></trkpt>
   <trkpt lat="46.481992" lon="6.455239"><ele>395</ele></trkpt>
   <trkpt lat="46.482285" lon="6.455541"><ele>395</ele></trkpt>
   <trkpt lat="46.482912" lon="6.456182"><ele>394.5</ele></trkpt>
   <trkpt lat="46.483212" lon="6.456573"><ele>394</ele></trkpt>
   <trkpt lat="46.483456" lon="6.456839"><ele>393.25</ele></trkpt>
   <trkpt lat="46.483608" lon="6.456986"><ele>393.5</ele></trkpt>
   <trkpt lat="46.483944" lon="6.457302"><ele>391.75</ele></trkpt>
   <trkpt lat="46.484028" lon="6.457381"><ele>391.25</ele></trkpt>
   <trkpt lat="46.485072" lon="6.45838"><ele>391.5</ele></trkpt>
   <trkpt lat="46.48548" lon="6.458793"><ele>389</ele></trkpt>
   <trkpt lat="46.48612" lon="6.459479"><ele>389.25</ele></trkpt>
   <trkpt lat="46.48643" lon="6.459832"><ele>387.75</ele></trkpt>
   <trkpt lat="46.486751" lon="6.460212"><ele>386.75</ele></trkpt>
   <trkpt lat="46.486815" lon="6.46029"><ele>386.25</ele></trkpt>
   <trkpt lat="46.487093" lon="6.460632"><ele>386.75</ele></trkpt>
   <trkpt lat="46.487543" lon="6.461209"><ele>388</ele></trkpt>
   <trkpt lat="46.4879" lon="6.461687"><ele>387.75</ele></trkpt>
   <trkpt lat="46.488336" lon="6.462297"><ele>388.5</ele></trkpt>
   <trkpt lat="46.488845" lon="6.463041"><ele>390.25</ele></trkpt>
   <trkpt lat="46.493049" lon="6.469278"><ele>390.75</ele></trkpt>
   <trkpt lat="46.493079" lon="6.469321"><ele>391</ele></trkpt>
   <trkpt lat="46.494643" lon="6.471642"><ele>390</ele></trkpt>
   <trkpt lat="46.494676" lon="6.471689"><ele>390.25</ele></trkpt>
   <trkpt lat="46.495842" lon="6.473422"><ele>390</ele></trkpt>
   <trkpt lat="46.496302" lon="6.474131"><ele>388.25</ele></trkpt>
   <trkpt lat="46.496465" lon="6.474399"><ele>390.75</ele></trkpt>
   <trkpt lat="46.496687" lon="6.474788"><ele>393</ele></trkpt>
   <trkpt lat="46.496874" lon="6.475141"><ele>394.25</ele></trkpt>
   <trkpt lat="46.496991" lon="6.475378"><ele>394.5</ele></trkpt>
   <trkpt lat="46.497194" lon="6.475813"><ele>393.75</ele></trkpt>
   <trkpt lat="46.497328" lon="6.476128"><ele>395.25</ele></trkpt>
   <trkpt lat="46.497446" lon="6.476417"><ele>394</ele></trkpt>
   <trkpt lat="46.497647" lon="6.476961"><ele>394.5</ele></trkpt>
   <trkpt lat="46.497835" lon="6.477521"><ele>392.5</ele></trkpt>
   <trkpt lat="46.498465" lon="6.479499"><ele>388</ele></trkpt>
   <trkpt lat="46.498672" lon="6.480082"><ele>388.75</ele></trkpt>
   <trkpt lat="46.498887" lon="6.480625"><ele>388.75</ele></trkpt>
   <trkpt lat="46.49912" lon="6.481149"><ele>387.75</ele></trkpt>
   <trkpt lat="46.49937" lon="6.481658"><ele>387.5</ele></trkpt>
   <trkpt lat="46.499635" lon="6.482144"><ele>386.75</ele></trkpt>
   <trkpt lat="46.499784" lon="6.482396"><ele>387</ele></trkpt>
   <trkpt lat="46.500066" lon="6.482845"><ele>386.75</ele></trkpt>
   <trkpt lat="46.500215" lon="6.483065"><ele>385.75</ele></trkpt>
   <trkpt lat="46.500454" lon="6.483396"><ele>384.25</ele></trkpt>
   <trkpt lat="46.500513" lon="6.483473"><ele>384.75</ele></trkpt>
   <trkpt lat="46.500877" lon="6.483928"><ele>386.75</ele></trkpt>
   <trkpt lat="46.501194" lon="6.484282"><ele>386.25</ele></trkpt>
   <trkpt lat="46.501548" lon="6.484645"><ele>386.25</ele></trkpt>
   <trkpt lat="46.50191" lon="6.484979"><ele>385.75</ele></trkpt>
   <trkpt lat="46.502283" lon="6.485288"><ele>386</ele></trkpt>
   <trkpt lat="46.502645" lon="6.485555"><ele>385</ele></trkpt>
   <trkpt lat="46.502975" lon="6.485776"><ele>384.25</ele></trkpt>
   <trkpt lat="46.503469" lon="6.48609"><ele>384.25</ele></trkpt>
   <trkpt lat="46.503534" lon="6.48613"><ele>384.25</ele></trkpt>
   <trkpt lat="46.504463" lon="6.486715"><ele>383.5</ele></trkpt>
   <trkpt lat="46.505467" lon="6.48735"><ele>383.5</ele></trkpt>
   <trkpt lat="46.50598" lon="6.487693"><ele>381</ele></trkpt>
   <trkpt lat="46.506171" lon="6.487828"><ele>380.75</ele></trkpt>
   <trkpt lat="46.506379" lon="6.48798"><ele>384.75</ele></trkpt>
   <trkpt lat="46.506663" lon="6.488207"><ele>384.75</ele></trkpt>
   <trkpt lat="46.506803" lon="6.488328"><ele>384.5</ele></trkpt>
   <trkpt lat="46.507548" lon="6.489036"><ele>384</ele></trkpt>
   <trkpt lat="46.50761" lon="6.489098"><ele>384</ele></trkpt>
   <trkpt lat="46.507927" lon="6.489413"><ele>384</ele></trkpt>
   <trkpt lat="46.508273" lon="6.489782"><ele>383.25</ele></trkpt>
   <trkpt lat="46.508667" lon="6.490236"><ele>383</ele></trkpt>
   <trkpt lat="46.509064" lon="6.490729"><ele>383</ele></trkpt>
   <trkpt lat="46.509346" lon="6.4911"><ele>382.5</ele></trkpt>
   <trkpt lat="46.509626" lon="6.491484"><ele>382.25</ele></trkpt>
   <trkpt lat="46.510158" lon="6.492261"><ele>382.25</ele></trkpt>
   <trkpt lat="46.51126" lon="6.494002"><ele>381.25</ele></trkpt>
   <trkpt lat="46.511996" lon="6.495188"><ele>382</ele></trkpt>
   <trkpt lat="46.512625" lon="6.496257"><ele>381.25</ele></trkpt>
   <trkpt lat="46.513401" lon="6.497623"><ele>381</ele></trkpt>
   <trkpt lat="46.513637" lon="6.498051"><ele>381</ele></trkpt>
   <trkpt lat="46.513862" lon="6.498495"><ele>381</ele></trkpt>
   <trkpt lat="46.514204" lon="6.499209"><ele>381</ele></trkpt>
   <trkpt lat="46.514234" lon="6.499275"><ele>381</ele></trkpt>
   <trkpt lat="46.514544" lon="6.499982"><ele>381.25</ele></trkpt>
   <trkpt lat="46.514675" lon="6.500299"><ele>381.75</ele></trkpt>
   <trkpt lat="46.514927" lon="6.500942"><ele>379.5</ele></trkpt>
   <trkpt lat="46.515127" lon="6.501449"><ele>378.25</ele></trkpt>
   <trkpt lat="46.515413" lon="6.502159"><ele>379</ele></trkpt>
   <trkpt lat="46.515657" lon="6.502728"><ele>379.75</ele></trkpt>
   <trkpt lat="46.51804" lon="6.508074"><ele>379.5</ele></trkpt>
   <trkpt lat="46.51863" lon="6.509394"><ele>380.25</ele></trkpt>
   <trkpt lat="46.519199" lon="6.51067"><ele>379.75</ele></trkpt>
   <trkpt lat="46.520771" lon="6.514198"><ele>380.5</ele></trkpt>
   <trkpt lat="46.522043" lon="6.517066"><ele>384.5</ele></trkpt>
   <trkpt lat="46.522585" lon="6.51836"><ele>386.75</ele></trkpt>
   <trkpt lat="46.522953" lon="6.519284"><ele>388</ele></trkpt>
   <trkpt lat="46.523337" lon="6.520282"><ele>386.75</ele></trkpt>
   <trkpt lat="46.523377" lon="6.520388"><ele>386.5</ele></trkpt>
   <trkpt lat="46.523446" lon="6.52057"><ele>386.5</ele></trkpt>
   <trkpt lat="46.523616" lon="6.52102"><ele>388</ele></trkpt>
   <trkpt lat="46.523987" lon="6.522027"><ele>389.75</ele></trkpt>
   <trkpt lat="46.524242" lon="6.522741"><ele>390</ele></trkpt>
   <trkpt lat="46.524605" lon="6.523789"><ele>391.25</ele></trkpt>
   <trkpt lat="46.524815" lon="6.52442"><ele>391.75</ele></trkpt>
   <trkpt lat="46.525185" lon="6.525561"><ele>392</ele></trkpt>
   <trkpt lat="46.525614" lon="6.526967"><ele>392.75</ele></trkpt>
   <trkpt lat="46.526033" lon="6.528421"><ele>392.75</ele></trkpt>
   <trkpt lat="46.52656" lon="6.530375"><ele>394.5</ele></trkpt>
   <trkpt lat="46.526775" lon="6.531209"><ele>395</ele></trkpt>
   <trkpt lat="46.526928" lon="6.531817"><ele>396.25</ele></trkpt>
   <trkpt lat="46.527147" lon="6.532734"><ele>395.5</ele></trkpt>
   <trkpt lat="46.527443" lon="6.534051"><ele>396.75</ele></trkpt>
   <trkpt lat="46.528288" lon="6.5379"><ele>398.75</ele></trkpt>
   <trkpt lat="46.528416" lon="6.538448"><ele>398.25</ele></trkpt>
   <trkpt lat="46.528576" lon="6.539073"><ele>399</ele></trkpt>
   <trkpt lat="46.528679" lon="6.539439"><ele>399.75</ele></trkpt>
   <trkpt lat="46.528844" lon="6.539985"><ele>399</ele></trkpt>
   <trkpt lat="46.529057" lon="6.540625"><ele>399</ele></trkpt>
   <trkpt lat="46.529235" lon="6.541112"><ele>399</ele></trkpt>
   <trkpt lat="46.529386" lon="6.541502"><ele>397.5</ele></trkpt>
   <trkpt lat="46.529705" lon="6.542268"><ele>396.5</ele></trkpt>
   <trkpt lat="46.529869" lon="6.542631"><ele>396.25</ele></trkpt>
   <trkpt lat="46.530044" lon="6.542996"><ele>394.75</ele></trkpt>
   <trkpt lat="46.530221" lon="6.543347"><ele>395.75</ele></trkpt>
   <trkpt lat="46.530412" lon="6.543704"><ele>394.75</ele></trkpt>
   <trkpt lat="46.530775" lon="6.544351"><ele>395</ele></trkpt>
   <trkpt lat="46.533108" lon="6.54849"><ele>394.5</ele></trkpt>
   <trkpt lat="46.533294" lon="6.548819"><ele>397.25</ele></trkpt>
   <trkpt lat="46.533721" lon="6.549575"><ele>395.75</ele></trkpt>
   <trkpt lat="46.534795" lon="6.551478"><ele>391</ele></trkpt>
   <trkpt lat="46.535166" lon="6.552138"><ele>386.75</ele></trkpt>
   <trkpt lat="46.535524" lon="6.552772"><ele>392</ele></trkpt>
   <trkpt lat="46.535853" lon="6.553329"><ele>395</ele></trkpt>
   <trkpt lat="46.536082" lon="6.553682"><ele>396</ele></trkpt>
   <trkpt lat="46.536336" lon="6.554035"><ele>397.25</ele></trkpt>
   <trkpt lat="46.536614" lon="6.554387"><ele>397.75</ele></trkpt>
   <trkpt lat="46.536905" lon="6.554719"><ele>397.5</ele></trkpt>
   <trkpt lat="46.537054" lon="6.554878"><ele>399</ele></trkpt>
   <trkpt lat="46.53722" lon="6.555041"><ele>398.75</ele></trkpt>
   <trkpt lat="46.537476" lon="6.555277"><ele>398.25</ele></trkpt>
   <trkpt lat="46.537741" lon="6.555499"><ele>399</ele></trkpt>
   <trkpt lat="46.537886" lon="6.55561"><ele>399.5</ele></trkpt>
   <trkpt lat="46.538189" lon="6.555826"><ele>399.5</ele></trkpt>
   <trkpt lat="46.538361" lon="6.555937"><ele>399.5</ele></trkpt>
   <trkpt lat="46.538632" lon="6.556091"><ele>399.75</ele></trkpt>
   <trkpt lat="46.539046" lon="6.556288"><ele>400</ele></trkpt>
   <trkpt lat="46.539604" lon="6.556526"><ele>400</ele></trkpt>
   <trkpt lat="46.539853" lon="6.556641"><ele>400.5</ele></trkpt>
   <trkpt lat="46.540158" lon="6.556804"><ele>401</ele></trkpt>
   <trkpt lat="46.540396" lon="6.556955"><ele>401.25</ele></trkpt>
   <trkpt lat="46.540749" lon="6.557221"><ele>401.5</ele></trkpt>
   <trkpt lat="46.540963" lon="6.557405"><ele>402.75</ele></trkpt>
   <trkpt lat="46.54124" lon="6.557678"><ele>403.5</ele></trkpt>
   <trkpt lat="46.541396" lon="6.557848"><ele>403.25</ele></trkpt>
   <trkpt lat="46.54157" lon="6.558054"><ele>403.25</ele></trkpt>
   <trkpt lat="46.541792" lon="6.558344"><ele>404.5</ele></trkpt>
   <trkpt lat="46.541905" lon="6.558507"><ele>404</ele></trkpt>
   <trkpt lat="46.542088" lon="6.558791"><ele>404.75</ele></trkpt>
   <trkpt lat="46.542281" lon="6.559125"><ele>405</ele></trkpt>
   <trkpt lat="46.542437" lon="6.55943"><ele>405.5</ele></trkpt>
   <trkpt lat="46.542636" lon="6.559866"><ele>406</ele></trkpt>
   <trkpt lat="46.542755" lon="6.560166"><ele>405.5</ele></trkpt>
   <trkpt lat="46.542911" lon="6.560611"><ele>406.5</ele></trkpt>
   <trkpt lat="46.54306" lon="6.561128"><ele>406</ele></trkpt>
   <trkpt lat="46.543144" lon="6.561477"><ele>407.25</ele></trkpt>
   <trkpt lat="46.543147" lon="6.561493"><ele>407.25</ele></trkpt>
   <trkpt lat="46.543238" lon="6.561954"><ele>407.5</ele></trkpt>
   <trkpt lat="46.543311" lon="6.562447"><ele>407</ele></trkpt>
   <trkpt lat="46.543343" lon="6.562738"><ele>407</ele></trkpt>
   <trkpt lat="46.543373" lon="6.563104"><ele>409.5</ele></trkpt>
   <trkpt lat="46.543393" lon="6.563528"><ele>411</ele></trkpt>
   <trkpt lat="46.543397" lon="6.56383"><ele>410.5</ele></trkpt>
   <trkpt lat="46.543395" lon="6.564069"><ele>410</ele></trkpt>
   <trkpt lat="46.543376" lon="6.564523"><ele>409.5</ele></trkpt>
   <trkpt lat="46.54332" lon="6.565161"><ele>409.5</ele></trkpt>
   <trkpt lat="46.54326" lon="6.565599"><ele>411.5</ele></trkpt>
   <trkpt lat="46.543206" lon="6.56591"><ele>414</ele></trkpt>
   <trkpt lat="46.543162" lon="6.566142"><ele>413.25</ele></trkpt>
   <trkpt lat="46.543078" lon="6.566508"><ele>410.75</ele></trkpt>
   <trkpt lat="46.542968" lon="6.566916"><ele>413.75</ele></trkpt>
   <trkpt lat="46.542789" lon="6.567489"><ele>412</ele></trkpt>
   <trkpt lat="46.54236" lon="6.56874"><ele>411.5</ele></trkpt>
   <trkpt lat="46.542093" lon="6.569481"><ele>411.5</ele></trkpt>
   <trkpt lat="46.542002" lon="6.569709"><ele>412</ele></trkpt>
   <trkpt lat="46.541812" lon="6.570151"><ele>412.5</ele></trkpt>
   <trkpt lat="46.541571" lon="6.570666"><ele>412.5</ele></trkpt>
   <trkpt lat="46.541323" lon="6.57117"><ele>412.25</ele></trkpt>
   <trkpt lat="46.54093" lon="6.571922"><ele>413</ele></trkpt>
   <trkpt lat="46.540564" lon="6.572596"><ele>414</ele></trkpt>
   <trkpt lat="46.540044" lon="6.573573"><ele>414.75</ele></trkpt>
   <trkpt lat="46.539975" lon="6.573705"><ele>415</ele></trkpt>
   <trkpt lat="46.539818" lon="6.574045"><ele>415.25</ele></trkpt>
   <trkpt lat="46.539668" lon="6.57442"><ele>415.75</ele></trkpt>
   <trkpt lat="46.53956" lon="6.574695"><ele>415.75</ele></trkpt>
   <trkpt lat="46.539391" lon="6.575115"><ele>416</ele></trkpt>
   <trkpt lat="46.538622" lon="6.576588"><ele>415.75</ele></trkpt>
   <trkpt lat="46.537802" lon="6.578216"><ele>416</ele></trkpt>
   <trkpt lat="46.537493" lon="6.578797"><ele>416</ele></trkpt>
   <trkpt lat="46.537802" lon="6.578216"><ele>416</ele></trkpt>
   <trkpt lat="46.538622" lon="6.576588"><ele>415.75</ele></trkpt>
   <trkpt lat="46.539391" lon="6.575115"><ele>416</ele></trkpt>
   <trkpt lat="46.53956" lon="6.574695"><ele>415.75</ele></trkpt>
   <trkpt lat="46.539668" lon="6.57442"><ele>415.75</ele></trkpt>
   <trkpt lat="46.539818" lon="6.574045"><ele>415.25</ele></trkpt>
   <trkpt lat="46.539975" lon="6.573705"><ele>415</ele></trkpt>
   <trkpt lat="46.540044" lon="6.573573"><ele>414.75</ele></trkpt>
   <trkpt lat="46.540564" lon="6.572596"><ele>414</ele></trkpt>
   <trkpt lat="46.54093" lon="6.571922"><ele>413</ele></trkpt>
   <trkpt lat="46.541323" lon="6.57117"><ele>412.25</ele></trkpt>
   <trkpt lat="46.541571" lon="6.570666"><ele>412.5</ele></trkpt>
   <trkpt lat="46.541812" lon="6.570151"><ele>412.5</ele></trkpt>
   <trkpt lat="46.542002" lon="6.569709"><ele>412</ele></trkpt>
   <trkpt lat="46.542093" lon="6.569481"><ele>411.5</ele></trkpt>
   <trkpt lat="46.54236" lon="6.56874"><ele>411.5</ele></trkpt>
   <trkpt lat="46.542789" lon="6.567489"><ele>412</ele></trkpt>
   <trkpt lat="46.542968" lon="6.566916"><ele>413.75</ele></trkpt>
   <trkpt lat="46.543078" lon="6.566508"><ele>410.75</ele></trkpt>
   <trkpt lat="46.543162" lon="6.566142"><ele>413.25</ele></trkpt>
   <trkpt lat="46.543206" lon="6.56591"><ele>414</ele></trkpt>
   <trkpt lat="46.54326" lon="6.565599"><ele>411.5</ele></trkpt>
   <trkpt lat="46.54332" lon="6.565161"><ele>409.5</ele></trkpt>
   <trkpt lat="46.543376" lon="6.564523"><ele>410</ele></trkpt>
   <trkpt lat="46.543395" lon="6.564069"><ele>410.5</ele></trkpt>
   <trkpt lat="46.543397" lon="6.56383"><ele>411</ele></trkpt>
   <trkpt lat="46.543393" lon="6.563528"><ele>411</ele></trkpt>
   <trkpt lat="46.543373" lon="6.563104"><ele>409.5</ele></trkpt>
   <trkpt lat="46.543343" lon="6.562738"><ele>407</ele></trkpt>
   <trkpt lat="46.543311" lon="6.562447"><ele>407</ele></trkpt>
   <trkpt lat="46.543238" lon="6.561954"><ele>407.5</ele></trkpt>
   <trkpt lat="46.543147" lon="6.561493"><ele>407.25</ele></trkpt>
   <trkpt lat="46.543144" lon="6.561477"><ele>407.25</ele></trkpt>
   <trkpt lat="46.54306" lon="6.561128"><ele>406</ele></trkpt>
   <trkpt lat="46.542911" lon="6.560611"><ele>406.5</ele></trkpt>
   <trkpt lat="46.542755" lon="6.560166"><ele>405.5</ele></trkpt>
   <trkpt lat="46.542636" lon="6.559866"><ele>406</ele></trkpt>
   <trkpt lat="46.542437" lon="6.55943"><ele>405.5</ele></trkpt>
   <trkpt lat="46.542281" lon="6.559125"><ele>405</ele></trkpt>
   <trkpt lat="46.542088" lon="6.558791"><ele>404.75</ele></trkpt>
   <trkpt lat="46.541905" lon="6.558507"><ele>404</ele></trkpt>
   <trkpt lat="46.541792" lon="6.558344"><ele>404.5</ele></trkpt>
   <trkpt lat="46.54157" lon="6.558054"><ele>403.25</ele></trkpt>
   <trkpt lat="46.541396" lon="6.557848"><ele>403.25</ele></trkpt>
   <trkpt lat="46.54124" lon="6.557678"><ele>403.5</ele></trkpt>
   <trkpt lat="46.540963" lon="6.557405"><ele>402.75</ele></trkpt>
   <trkpt lat="46.540749" lon="6.557221"><ele>401.5</ele></trkpt>
   <trkpt lat="46.540396" lon="6.556955"><ele>401.25</ele></trkpt>
   <trkpt lat="46.540158" lon="6.556804"><ele>401</ele></trkpt>
   <trkpt lat="46.539853" lon="6.556641"><ele>400.5</ele></trkpt>
   <trkpt lat="46.539604" lon="6.556526"><ele>400</ele></trkpt>
   <trkpt lat="46.539046" lon="6.556288"><ele>399.75</ele></trkpt>
   <trkpt lat="46.538632" lon="6.556091"><ele>399.5</ele></trkpt>
   <trkpt lat="46.538361" lon="6.555937"><ele>399.5</ele></trkpt>
   <trkpt lat="46.538189" lon="6.555826"><ele>399.5</ele></trkpt>
   <trkpt lat="46.537886" lon="6.55561"><ele>399.5</ele></trkpt>
   <trkpt lat="46.537741" lon="6.555499"><ele>399</ele></trkpt>
   <trkpt lat="46.537476" lon="6.555277"><ele>398.25</ele></trkpt>
   <trkpt lat="46.53722" lon="6.555041"><ele>398.75</ele></trkpt>
   <trkpt lat="46.537054" lon="6.554878"><ele>399</ele></trkpt>
   <trkpt lat="46.536905" lon="6.554719"><ele>397.5</ele></trkpt>
   <trkpt lat="46.536614" lon="6.554387"><ele>397.75</ele></trkpt>
   <trkpt lat="46.536336" lon="6.554035"><ele>397.25</ele></trkpt>
   <trkpt lat="46.536082" lon="6.553682"><ele>396</ele></trkpt>
   <trkpt lat="46.535853" lon="6.553329"><ele>395</ele></trkpt>
   <trkpt lat="46.535524" lon="6.552772"><ele>392</ele></trkpt>
   <trkpt lat="46.535166" lon="6.552138"><ele>386.75</ele></trkpt>
   <trkpt lat="46.534795" lon="6.551478"><ele>391</ele></trkpt>
   <trkpt lat="46.533721" lon="6.549575"><ele>395.75</ele></trkpt>
   <trkpt lat="46.533294" lon="6.548819"><ele>397.25</ele></trkpt>
   <trkpt lat="46.533108" lon="6.54849"><ele>394.5</ele></trkpt>
   <trkpt lat="46.530775" lon="6.544351"><ele>395</ele></trkpt>
   <trkpt lat="46.530412" lon="6.543704"><ele>394.75</ele></trkpt>
   <trkpt lat="46.530221" lon="6.543347"><ele>395.75</ele></trkpt>
   <trkpt lat="46.530044" lon="6.542996"><ele>394.75</ele></trkpt>
   <trkpt lat="46.529869" lon="6.542631"><ele>396.25</ele></trkpt>
   <trkpt lat="46.529705" lon="6.542268"><ele>396.5</ele></trkpt>
   <trkpt lat="46.529386" lon="6.541502"><ele>397.5</ele></trkpt>
   <trkpt lat="46.529235" lon="6.541112"><ele>399</ele></trkpt>
   <trkpt lat="46.529057" lon="6.540625"><ele>399</ele></trkpt>
   <trkpt lat="46.528844" lon="6.539985"><ele>399</ele></trkpt>
   <trkpt lat="46.528679" lon="6.539439"><ele>399.75</ele></trkpt>
   <trkpt lat="46.528576" lon="6.539073"><ele>399</ele></trkpt>
   <trkpt lat="46.528416" lon="6.538448"><ele>398.25</ele></trkpt>
   <trkpt lat="46.528288" lon="6.5379"><ele>398.75</ele></trkpt>
   <trkpt lat="46.527443" lon="6.534051"><ele>396.75</ele></trkpt>
   <trkpt lat="46.527147" lon="6.532734"><ele>395.5</ele></trkpt>
   <trkpt lat="46.526928" lon="6.531817"><ele>396.25</ele></trkpt>
   <trkpt lat="46.526775" lon="6.531209"><ele>395</ele></trkpt>
   <trkpt lat="46.52656" lon="6.530375"><ele>394.5</ele></trkpt>
   <trkpt lat="46.526033" lon="6.528421"><ele>392.75</ele></trkpt>
   <trkpt lat="46.525614" lon="6.526967"><ele>392.75</ele></trkpt>
   <trkpt lat="46.525185" lon="6.525561"><ele>392</ele></trkpt>
   <trkpt lat="46.524815" lon="6.52442"><ele>391.75</ele></trkpt>
   <trkpt lat="46.524658" lon="6.523871"><ele>391</ele></trkpt>
   <trkpt lat="46.524469" lon="6.523283"><ele>390</ele></trkpt>
   <trkpt lat="46.524017" lon="6.522004"><ele>390</ele></trkpt>
   <trkpt lat="46.523468" lon="6.520523"><ele>387</ele></trkpt>
   <trkpt lat="46.5234" lon="6.520342"><ele>387</ele></trkpt>
   <trkpt lat="46.523368" lon="6.52026"><ele>387.25</ele></trkpt>
   <trkpt lat="46.522985" lon="6.519264"><ele>387.5</ele></trkpt>
   <trkpt lat="46.522614" lon="6.518334"><ele>386.5</ele></trkpt>
   <trkpt lat="46.522071" lon="6.517039"><ele>384.25</ele></trkpt>
   <trkpt lat="46.521783" lon="6.516378"><ele>383.5</ele></trkpt>
   <trkpt lat="46.520799" lon="6.51417"><ele>380.75</ele></trkpt>
   <trkpt lat="46.519226" lon="6.510641"><ele>379.75</ele></trkpt>
   <trkpt lat="46.518659" lon="6.509369"><ele>380.5</ele></trkpt>
   <trkpt lat="46.51807" lon="6.508049"><ele>380</ele></trkpt>
   <trkpt lat="46.515687" lon="6.502703"><ele>380.25</ele></trkpt>
   <trkpt lat="46.515444" lon="6.502136"><ele>379.25</ele></trkpt>
   <trkpt lat="46.515175" lon="6.501473"><ele>378.5</ele></trkpt>
   <trkpt lat="46.514967" lon="6.500939"><ele>379.5</ele></trkpt>
   <trkpt lat="46.514822" lon="6.500568"><ele>380.5</ele></trkpt>
   <trkpt lat="46.514659" lon="6.500178"><ele>381.75</ele></trkpt>
   <trkpt lat="46.514549" lon="6.499936"><ele>381.25</ele></trkpt>
   <trkpt lat="46.514234" lon="6.499275"><ele>381</ele></trkpt>
   <trkpt lat="46.514204" lon="6.499209"><ele>381</ele></trkpt>
   <trkpt lat="46.513843" lon="6.498395"><ele>381.25</ele></trkpt>
   <trkpt lat="46.513591" lon="6.497878"><ele>380.75</ele></trkpt>
   <trkpt lat="46.51333" lon="6.497388"><ele>380</ele></trkpt>
   <trkpt lat="46.512686" lon="6.496186"><ele>381</ele></trkpt>
   <trkpt lat="46.512381" lon="6.49564"><ele>381.75</ele></trkpt>
   <trkpt lat="46.511826" lon="6.49471"><ele>382</ele></trkpt>
   <trkpt lat="46.511328" lon="6.493922"><ele>381.5</ele></trkpt>
   <trkpt lat="46.511235" lon="6.493768"><ele>380.75</ele></trkpt>
   <trkpt lat="46.511328" lon="6.493922"><ele>381.5</ele></trkpt>
   <trkpt lat="46.511826" lon="6.49471"><ele>382</ele></trkpt>
   <trkpt lat="46.512381" lon="6.49564"><ele>381.75</ele></trkpt>
   <trkpt lat="46.512686" lon="6.496186"><ele>381</ele></trkpt>
   <trkpt lat="46.51333" lon="6.497388"><ele>380</ele></trkpt>
   <trkpt lat="46.513591" lon="6.497878"><ele>380.75</ele></trkpt>
   <trkpt lat="46.513843" lon="6.498395"><ele>381.25</ele></trkpt>
   <trkpt lat="46.514204" lon="6.499209"><ele>381</ele></trkpt>
   <trkpt lat="46.514234" lon="6.499275"><ele>381</ele></trkpt>
   <trkpt lat="46.514549" lon="6.499936"><ele>381.25</ele></trkpt>
   <trkpt lat="46.514659" lon="6.500178"><ele>381.75</ele></trkpt>
   <trkpt lat="46.514822" lon="6.500568"><ele>380.5</ele></trkpt>
   <trkpt lat="46.514967" lon="6.500939"><ele>379.5</ele></trkpt>
   <trkpt lat="46.515175" lon="6.501473"><ele>378.5</ele></trkpt>
   <trkpt lat="46.515444" lon="6.502136"><ele>379.25</ele></trkpt>
   <trkpt lat="46.515687" lon="6.502703"><ele>380.25</ele></trkpt>
   <trkpt lat="46.51807" lon="6.508049"><ele>380</ele></trkpt>
   <trkpt lat="46.518659" lon="6.509369"><ele>380.5</ele></trkpt>
   <trkpt lat="46.519226" lon="6.510641"><ele>379.75</ele></trkpt>
   <trkpt lat="46.520799" lon="6.51417"><ele>380.75</ele></trkpt>
   <trkpt lat="46.521783" lon="6.516378"><ele>383.5</ele></trkpt>
   <trkpt lat="46.522071" lon="6.517039"><ele>384.25</ele></trkpt>
   <trkpt lat="46.522614" lon="6.518334"><ele>386.5</ele></trkpt>
   <trkpt lat="46.522985" lon="6.519264"><ele>387.5</ele></trkpt>
   <trkpt lat="46.523368" lon="6.52026"><ele>387.25</ele></trkpt>
   <trkpt lat="46.5234" lon="6.520342"><ele>387</ele></trkpt>
   <trkpt lat="46.523468" lon="6.520523"><ele>387</ele></trkpt>
   <trkpt lat="46.524017" lon="6.522004"><ele>390</ele></trkpt>
   <trkpt lat="46.524469" lon="6.523283"><ele>390</ele></trkpt>
   <trkpt lat="46.524669" lon="6.523865"><ele>391</ele></trkpt>
   <trkpt lat="46.525103" lon="6.525185"><ele>391.75</ele></trkpt>
   <trkpt lat="46.525328" lon="6.525897"><ele>392</ele></trkpt>
   <trkpt lat="46.525647" lon="6.526952"><ele>392.75</ele></trkpt>
   <trkpt lat="46.525864" lon="6.527692"><ele>393.5</ele></trkpt>
   <trkpt lat="46.526163" lon="6.528752"><ele>394</ele></trkpt>
   <trkpt lat="46.526592" lon="6.530357"><ele>394.75</ele></trkpt>
   <trkpt lat="46.526886" lon="6.531497"><ele>395.25</ele></trkpt>
   <trkpt lat="46.527109" lon="6.532414"><ele>396</ele></trkpt>
   <trkpt lat="46.527281" lon="6.533159"><ele>397.5</ele></trkpt>
   <trkpt lat="46.528321" lon="6.537884"><ele>399</ele></trkpt>
   <trkpt lat="46.528448" lon="6.538429"><ele>398.5</ele></trkpt>
   <trkpt lat="46.528608" lon="6.539054"><ele>399.25</ele></trkpt>
   <trkpt lat="46.528711" lon="6.539422"><ele>399.75</ele></trkpt>
   <trkpt lat="46.528876" lon="6.539965"><ele>399</ele></trkpt>
   <trkpt lat="46.52909" lon="6.540606"><ele>399</ele></trkpt>
   <trkpt lat="46.529266" lon="6.54109"><ele>399.25</ele></trkpt>
   <trkpt lat="46.529417" lon="6.541477"><ele>398</ele></trkpt>
   <trkpt lat="46.529559" lon="6.54183"><ele>397.5</ele></trkpt>
   <trkpt lat="46.529805" lon="6.542362"><ele>396.5</ele></trkpt>
   <trkpt lat="46.530118" lon="6.54294"><ele>396</ele></trkpt>
   <trkpt lat="46.531283" lon="6.544973"><ele>395.75</ele></trkpt>
   <trkpt lat="46.532681" lon="6.547343"><ele>395.25</ele></trkpt>
   <trkpt lat="46.53355" lon="6.548803"><ele>396.75</ele></trkpt>
   <trkpt lat="46.53386" lon="6.549304"><ele>396.5</ele></trkpt>
   <trkpt lat="46.534324" lon="6.550062"><ele>394.5</ele></trkpt>
   <trkpt lat="46.534782" lon="6.550867"><ele>395</ele></trkpt>
   <trkpt lat="46.534802" lon="6.550902"><ele>394</ele></trkpt>
   <trkpt lat="46.534823" lon="6.550941"><ele>393</ele></trkpt>
   <trkpt lat="46.536079" lon="6.553234"><ele>395.75</ele></trkpt>
   <trkpt lat="46.536374" lon="6.553757"><ele>396</ele></trkpt>
   <trkpt lat="46.536608" lon="6.554128"><ele>397.25</ele></trkpt>
   <trkpt lat="46.536823" lon="6.55442"><ele>397.5</ele></trkpt>
   <trkpt lat="46.53708" lon="6.554717"><ele>397.25</ele></trkpt>
   <trkpt lat="46.537285" lon="6.554922"><ele>397.75</ele></trkpt>
   <trkpt lat="46.537587" lon="6.555176"><ele>397.5</ele></trkpt>
   <trkpt lat="46.537901" lon="6.555392"><ele>396.75</ele></trkpt>
   <trkpt lat="46.538209" lon="6.555571"><ele>394.5</ele></trkpt>
   <trkpt lat="46.538711" lon="6.55585"><ele>394.5</ele></trkpt>
   <trkpt lat="46.538951" lon="6.555982"><ele>396.75</ele></trkpt>
   <trkpt lat="46.539008" lon="6.556014"><ele>397</ele></trkpt>
   <trkpt lat="46.53943" lon="6.556233"><ele>399.25</ele></trkpt>
   <trkpt lat="46.539844" lon="6.55642"><ele>400.75</ele></trkpt>
   <trkpt lat="46.540123" lon="6.556534"><ele>400</ele></trkpt>
   <trkpt lat="46.540413" lon="6.556625"><ele>400.75</ele></trkpt>
   <trkpt lat="46.540674" lon="6.556677"><ele>402</ele></trkpt>
   <trkpt lat="46.540804" lon="6.556691"><ele>402.25</ele></trkpt>
   <trkpt lat="46.541067" lon="6.556701"><ele>402</ele></trkpt>
   <trkpt lat="46.541183" lon="6.556697"><ele>402</ele></trkpt>
   <trkpt lat="46.541438" lon="6.556667"><ele>402</ele></trkpt>
   <trkpt lat="46.541825" lon="6.556585"><ele>400.75</ele></trkpt>
   <trkpt lat="46.542446" lon="6.556436"><ele>402.5</ele></trkpt>
   <trkpt lat="46.543425" lon="6.556198"><ele>405.75</ele></trkpt>
   <trkpt lat="46.543947" lon="6.556049"><ele>405.75</ele></trkpt>
   <trkpt lat="46.54412" lon="6.555989"><ele>406</ele></trkpt>
   <trkpt lat="46.544352" lon="6.555889"><ele>405.75</ele></trkpt>
   <trkpt lat="46.544629" lon="6.555743"><ele>405.75</ele></trkpt>
   <trkpt lat="46.544896" lon="6.555556"><ele>405.5</ele></trkpt>
   <trkpt lat="46.544996" lon="6.555479"><ele>405.5</ele></trkpt>
   <trkpt lat="46.545191" lon="6.555311"><ele>405.75</ele></trkpt>
   <trkpt lat="46.545458" lon="6.555044"><ele>405.75</ele></trkpt>
   <trkpt lat="46.54571" lon="6.554746"><ele>406.5</ele></trkpt>
   <trkpt lat="46.545847" lon="6.55456"><ele>406.25</ele></trkpt>
   <trkpt lat="46.545999" lon="6.554336"><ele>405.75</ele></trkpt>
   <trkpt lat="46.546251" lon="6.553922"><ele>405.5</ele></trkpt>
   <trkpt lat="46.546447" lon="6.553563"><ele>406.25</ele></trkpt>
   <trkpt lat="46.546677" lon="6.553103"><ele>407</ele></trkpt>
   <trkpt lat="46.548159" lon="6.550067"><ele>407</ele></trkpt>
   <trkpt lat="46.548545" lon="6.549322"><ele>407</ele></trkpt>
   <trkpt lat="46.54903" lon="6.548451"><ele>407</ele></trkpt>
   <trkpt lat="46.549426" lon="6.547751"><ele>406</ele></trkpt>
   <trkpt lat="46.549569" lon="6.547484"><ele>407.25</ele></trkpt>
   <trkpt lat="46.549907" lon="6.546813"><ele>408.25</ele></trkpt>
   <trkpt lat="46.549977" lon="6.546676"><ele>406.25</ele></trkpt>
   <trkpt lat="46.551096" lon="6.544448"><ele>402</ele></trkpt>
   <trkpt lat="46.551193" lon="6.544255"><ele>401.25</ele></trkpt>
   <trkpt lat="46.552147" lon="6.542375"><ele>403.75</ele></trkpt>
   <trkpt lat="46.552405" lon="6.541846"><ele>402.5</ele></trkpt>
   <trkpt lat="46.552743" lon="6.541091"><ele>403</ele></trkpt>
   <trkpt lat="46.553077" lon="6.540246"><ele>404</ele></trkpt>
   <trkpt lat="46.55328" lon="6.539674"><ele>403.5</ele></trkpt>
   <trkpt lat="46.553404" lon="6.539298"><ele>404.25</ele></trkpt>
   <trkpt lat="46.553815" lon="6.537955"><ele>402.75</ele></trkpt>
   <trkpt lat="46.553963" lon="6.53749"><ele>404</ele></trkpt>
   <trkpt lat="46.554217" lon="6.536764"><ele>404.5</ele></trkpt>
   <trkpt lat="46.554335" lon="6.536461"><ele>404.25</ele></trkpt>
   <trkpt lat="46.554582" lon="6.535879"><ele>405.5</ele></trkpt>
   <trkpt lat="46.554816" lon="6.535378"><ele>403.25</ele></trkpt>
   <trkpt lat="46.555038" lon="6.534944"><ele>401.25</ele></trkpt>
   <trkpt lat="46.555286" lon="6.534497"><ele>401.5</ele></trkpt>
   <trkpt lat="46.555428" lon="6.534259"><ele>399.25</ele></trkpt>
   <trkpt lat="46.555637" lon="6.533929"><ele>399.5</ele></trkpt>
   <trkpt lat="46.555854" lon="6.533606"><ele>401.5</ele></trkpt>
   <trkpt lat="46.556014" lon="6.533381"><ele>399.5</ele></trkpt>
   <trkpt lat="46.556396" lon="6.532885"><ele>400</ele></trkpt>
   <trkpt lat="46.55662" lon="6.532618"><ele>399.25</ele></trkpt>
   <trkpt lat="46.556833" lon="6.532379"><ele>399.25</ele></trkpt>
   <trkpt lat="46.557253" lon="6.531947"><ele>400.25</ele></trkpt>
   <trkpt lat="46.557555" lon="6.531668"><ele>399.25</ele></trkpt>
   <trkpt lat="46.557778" lon="6.531477"><ele>399</ele></trkpt>
   <trkpt lat="46.558017" lon="6.531287"><ele>398.25</ele></trkpt>
   <trkpt lat="46.558266" lon="6.531104"><ele>398.75</ele></trkpt>
   <trkpt lat="46.55851" lon="6.530937"><ele>399.25</ele></trkpt>
   <trkpt lat="46.558874" lon="6.530714"><ele>399.5</ele></trkpt>
   <trkpt lat="46.559371" lon="6.530446"><ele>401</ele></trkpt>
   <trkpt lat="46.560035" lon="6.530132"><ele>399.75</ele></trkpt>
   <trkpt lat="46.560742" lon="6.529841"><ele>399.5</ele></trkpt>
   <trkpt lat="46.561258" lon="6.529654"><ele>399.25</ele></trkpt>
   <trkpt lat="46.561602" lon="6.529539"><ele>399</ele></trkpt>
   <trkpt lat="46.562257" lon="6.529349"><ele>399</ele></trkpt>
   <trkpt lat="46.562981" lon="6.529178"><ele>398.75</ele></trkpt>
   <trkpt lat="46.563209" lon="6.529132"><ele>398.75</ele></trkpt>
   <trkpt lat="46.563809" lon="6.529031"><ele>398</ele></trkpt>
   <trkpt lat="46.564327" lon="6.528967"><ele>399</ele></trkpt>
   <trkpt lat="46.565059" lon="6.52891"><ele>399.75</ele></trkpt>
   <trkpt lat="46.565215" lon="6.528902"><ele>399.75</ele></trkpt>
   <trkpt lat="46.565786" lon="6.528892"><ele>399.75</ele></trkpt>
   <trkpt lat="46.566053" lon="6.528896"><ele>399.75</ele></trkpt>
   <trkpt lat="46.566573" lon="6.528919"><ele>400.5</ele></trkpt>
   <trkpt lat="46.567049" lon="6.528954"><ele>400.5</ele></trkpt>
   <trkpt lat="46.567244" lon="6.528963"><ele>400.25</ele></trkpt>
   <trkpt lat="46.567587" lon="6.528958"><ele>400.75</ele></trkpt>
   <trkpt lat="46.567826" lon="6.528966"><ele>400.75</ele></trkpt>
   <trkpt lat="46.56808" lon="6.528986"><ele>400.5</ele></trkpt>
   <trkpt lat="46.568369" lon="6.528995"><ele>400</ele></trkpt>
   <trkpt lat="46.568869" lon="6.52898"><ele>401</ele></trkpt>
   <trkpt lat="46.569225" lon="6.528994"><ele>401.25</ele></trkpt>
   <trkpt lat="46.569622" lon="6.529036"><ele>402</ele></trkpt>
   <trkpt lat="46.570159" lon="6.529139"><ele>403.5</ele></trkpt>
   <trkpt lat="46.570373" lon="6.52918"><ele>403.75</ele></trkpt>
   <trkpt lat="46.570612" lon="6.529211"><ele>403.75</ele></trkpt>
   <trkpt lat="46.571088" lon="6.52928"><ele>404.25</ele></trkpt>
   <trkpt lat="46.571334" lon="6.529333"><ele>404.75</ele></trkpt>
   <trkpt lat="46.573737" lon="6.530057"><ele>405.75</ele></trkpt>
   <trkpt lat="46.57412" lon="6.530152"><ele>406.25</ele></trkpt>
   <trkpt lat="46.574598" lon="6.530263"><ele>406</ele></trkpt>
   <trkpt lat="46.574865" lon="6.530313"><ele>406.75</ele></trkpt>
   <trkpt lat="46.575496" lon="6.530392"><ele>407.5</ele></trkpt>
   <trkpt lat="46.575885" lon="6.530452"><ele>407.5</ele></trkpt>
   <trkpt lat="46.576066" lon="6.530484"><ele>407</ele></trkpt>
   <trkpt lat="46.576264" lon="6.530495"><ele>407</ele></trkpt>
   <trkpt lat="46.576683" lon="6.53048"><ele>408.5</ele></trkpt>
   <trkpt lat="46.576915" lon="6.53046"><ele>408</ele></trkpt>
   <trkpt lat="46.577335" lon="6.530519"><ele>407.25</ele></trkpt>
   <trkpt lat="46.577664" lon="6.530455"><ele>408</ele></trkpt>
   <trkpt lat="46.577969" lon="6.530382"><ele>408.25</ele></trkpt>
   <trkpt lat="46.578229" lon="6.530307"><ele>408.25</ele></trkpt>
   <trkpt lat="46.578502" lon="6.530216"><ele>407.25</ele></trkpt>
   <trkpt lat="46.578919" lon="6.530053"><ele>407.5</ele></trkpt>
   <trkpt lat="46.579155" lon="6.529951"><ele>407.25</ele></trkpt>
   <trkpt lat="46.57958" lon="6.529749"><ele>408.25</ele></trkpt>
   <trkpt lat="46.580086" lon="6.529477"><ele>407.75</ele></trkpt>
   <trkpt lat="46.580502" lon="6.529213"><ele>408</ele></trkpt>
   <trkpt lat="46.580762" lon="6.529024"><ele>407.5</ele></trkpt>
   <trkpt lat="46.581035" lon="6.528808"><ele>408.25</ele></trkpt>
   <trkpt lat="46.58391" lon="6.526405"><ele>411</ele></trkpt>
   <trkpt lat="46.584378" lon="6.526043"><ele>411.25</ele></trkpt>
   <trkpt lat="46.584627" lon="6.525881"><ele>411.25</ele></trkpt>
   <trkpt lat="46.584929" lon="6.525715"><ele>411.5</ele></trkpt>
   <trkpt lat="46.585247" lon="6.525571"><ele>412.5</ele></trkpt>
   <trkpt lat="46.585561" lon="6.525461"><ele>412</ele></trkpt>
   <trkpt lat="46.585809" lon="6.525393"><ele>412</ele></trkpt>
   <trkpt lat="46.586215" lon="6.525319"><ele>412.75</ele></trkpt>
   <trkpt lat="46.586381" lon="6.525301"><ele>412.75</ele></trkpt>
   <trkpt lat="46.58672" lon="6.525289"><ele>413</ele></trkpt>
   <trkpt lat="46.587044" lon="6.525306"><ele>413</ele></trkpt>
   <trkpt lat="46.587204" lon="6.525324"><ele>412.5</ele></trkpt>
   <trkpt lat="46.587398" lon="6.525356"><ele>413</ele></trkpt>
   <trkpt lat="46.587725" lon="6.525434"><ele>415.25</ele></trkpt>
   <trkpt lat="46.587876" lon="6.525477"><ele>415.5</ele></trkpt>
   <trkpt lat="46.5882" lon="6.525598"><ele>415</ele></trkpt>
   <trkpt lat="46.588567" lon="6.525773"><ele>415</ele></trkpt>
   <trkpt lat="46.588783" lon="6.525896"><ele>417.5</ele></trkpt>
   <trkpt lat="46.589193" lon="6.526175"><ele>415</ele></trkpt>
   <trkpt lat="46.589758" lon="6.526622"><ele>415</ele></trkpt>
   <trkpt lat="46.589898" lon="6.526736"><ele>415.25</ele></trkpt>
   <trkpt lat="46.590503" lon="6.52723"><ele>415.75</ele></trkpt>
   <trkpt lat="46.590934" lon="6.527564"><ele>416.5</ele></trkpt>
   <trkpt lat="46.591117" lon="6.527692"><ele>416.5</ele></trkpt>
   <trkpt lat="46.591466" lon="6.527913"><ele>416.25</ele></trkpt>
   <trkpt lat="46.591826" lon="6.528108"><ele>416.75</ele></trkpt>
   <trkpt lat="46.59218" lon="6.528269"><ele>417.5</ele></trkpt>
   <trkpt lat="46.592357" lon="6.528338"><ele>417.75</ele></trkpt>
   <trkpt lat="46.592724" lon="6.528463"><ele>417.25</ele></trkpt>
   <trkpt lat="46.592916" lon="6.528516"><ele>417.75</ele></trkpt>
   <trkpt lat="46.593098" lon="6.528559"><ele>418.5</ele></trkpt>
   <trkpt lat="46.593472" lon="6.528627"><ele>418.75</ele></trkpt>
   <trkpt lat="46.593851" lon="6.528666"><ele>419</ele></trkpt>
   <trkpt lat="46.594226" lon="6.528677"><ele>419</ele></trkpt>
   <trkpt lat="46.594617" lon="6.528656"><ele>419.5</ele></trkpt>
   <trkpt lat="46.594977" lon="6.528611"><ele>419.75</ele></trkpt>
   <trkpt lat="46.59519" lon="6.528572"><ele>419.75</ele></trkpt>
   <trkpt lat="46.595365" lon="6.528534"><ele>419.75</ele></trkpt>
   <trkpt lat="46.595747" lon="6.528426"><ele>419.75</ele></trkpt>
   <trkpt lat="46.596115" lon="6.528294"><ele>421.25</ele></trkpt>
   <trkpt lat="46.596348" lon="6.528194"><ele>422.25</ele></trkpt>
   <trkpt lat="46.596671" lon="6.528035"><ele>422.25</ele></trkpt>
   <trkpt lat="46.597001" lon="6.527853"><ele>422</ele></trkpt>
   <trkpt lat="46.600967" lon="6.52557"><ele>424.25</ele></trkpt>
   <trkpt lat="46.601337" lon="6.525369"><ele>425.75</ele></trkpt>
   <trkpt lat="46.601561" lon="6.52526"><ele>426</ele></trkpt>
   <trkpt lat="46.601849" lon="6.525152"><ele>426.25</ele></trkpt>
   <trkpt lat="46.602354" lon="6.525007"><ele>426.75</ele></trkpt>
   <trkpt lat="46.602562" lon="6.524939"><ele>427</ele></trkpt>
   <trkpt lat="46.602628" lon="6.524917"><ele>427</ele></trkpt>
   <trkpt lat="46.60386" lon="6.524499"><ele>426.5</ele></trkpt>
   <trkpt lat="46.605424" lon="6.524025"><ele>428</ele></trkpt>
   <trkpt lat="46.606248" lon="6.523773"><ele>428</ele></trkpt>
   <trkpt lat="46.606595" lon="6.523643"><ele>428</ele></trkpt>
   <trkpt lat="46.606925" lon="6.523492"><ele>428.5</ele></trkpt>
   <trkpt lat="46.607241" lon="6.523312"><ele>428</ele></trkpt>
   <trkpt lat="46.60758" lon="6.523085"><ele>428.75</ele></trkpt>
   <trkpt lat="46.607922" lon="6.522812"><ele>428.75</ele></trkpt>
   <trkpt lat="46.608317" lon="6.522451"><ele>427.75</ele></trkpt>
   <trkpt lat="46.608451" lon="6.522325"><ele>427.5</ele></trkpt>
   <trkpt lat="46.608612" lon="6.522167"><ele>428.75</ele></trkpt>
   <trkpt lat="46.612403" lon="6.518452"><ele>433.75</ele></trkpt>
   <trkpt lat="46.612721" lon="6.518156"><ele>433.25</ele></trkpt>
   <trkpt lat="46.613037" lon="6.51789"><ele>431.75</ele></trkpt>
   <trkpt lat="46.613287" lon="6.517709"><ele>431.5</ele></trkpt>
   <trkpt lat="46.613498" lon="6.517575"><ele>432.25</ele></trkpt>
   <trkpt lat="46.613717" lon="6.51745"><ele>432</ele></trkpt>
   <trkpt lat="46.614039" lon="6.517297"><ele>432</ele></trkpt>
   <trkpt lat="46.614371" lon="6.51717"><ele>432.5</ele></trkpt>
   <trkpt lat="46.614681" lon="6.517077"><ele>432.25</ele></trkpt>
   <trkpt lat="46.615035" lon="6.517007"><ele>433.75</ele></trkpt>
   <trkpt lat="46.615386" lon="6.516972"><ele>434.5</ele></trkpt>
   <trkpt lat="46.615716" lon="6.516961"><ele>434.5</ele></trkpt>
   <trkpt lat="46.615937" lon="6.516976"><ele>435</ele></trkpt>
   <trkpt lat="46.616251" lon="6.517014"><ele>436</ele></trkpt>
   <trkpt lat="46.616579" lon="6.517085"><ele>436</ele></trkpt>
   <trkpt lat="46.616884" lon="6.517178"><ele>435</ele></trkpt>
   <trkpt lat="46.617243" lon="6.51732"><ele>436</ele></trkpt>
   <trkpt lat="46.617557" lon="6.517476"><ele>434.5</ele></trkpt>
   <trkpt lat="46.61789" lon="6.517679"><ele>433.75</ele></trkpt>
   <trkpt lat="46.618024" lon="6.517771"><ele>434.75</ele></trkpt>
   <trkpt lat="46.618304" lon="6.517984"><ele>433.25</ele></trkpt>
   <trkpt lat="46.618615" lon="6.518258"><ele>433.5</ele></trkpt>
   <trkpt lat="46.618882" lon="6.51853"><ele>433.5</ele></trkpt>
   <trkpt lat="46.61905" lon="6.518717"><ele>433.5</ele></trkpt>
   <trkpt lat="46.619168" lon="6.518857"><ele>434.75</ele></trkpt>
   <trkpt lat="46.619317" lon="6.519042"><ele>434</ele></trkpt>
   <trkpt lat="46.61984" lon="6.519731"><ele>434.25</ele></trkpt>
   <trkpt lat="46.620192" lon="6.520232"><ele>434.75</ele></trkpt>
   <trkpt lat="46.620474" lon="6.520655"><ele>434</ele></trkpt>
   <trkpt lat="46.620748" lon="6.521085"><ele>435</ele></trkpt>
   <trkpt lat="46.620987" lon="6.521484"><ele>434.75</ele></trkpt>
   <trkpt lat="46.621319" lon="6.522075"><ele>435</ele></trkpt>
   <trkpt lat="46.621609" lon="6.522632"><ele>435.75</ele></trkpt>
   <trkpt lat="46.621795" lon="6.52301"><ele>435.25</ele></trkpt>
   <trkpt lat="46.627574" lon="6.535053"><ele>442.5</ele></trkpt>
   <trkpt lat="46.627648" lon="6.535202"><ele>443</ele></trkpt>
   <trkpt lat="46.627902" lon="6.535668"><ele>442.25</ele></trkpt>
   <trkpt lat="46.62805" lon="6.535958"><ele>443</ele></trkpt>
   <trkpt lat="46.628464" lon="6.536808"><ele>443.25</ele></trkpt>
   <trkpt lat="46.628709" lon="6.537264"><ele>443.25</ele></trkpt>
   <trkpt lat="46.628901" lon="6.537578"><ele>442.75</ele></trkpt>
   <trkpt lat="46.629165" lon="6.537974"><ele>442.5</ele></trkpt>
   <trkpt lat="46.630145" lon="6.53944"><ele>442.75</ele></trkpt>
   <trkpt lat="46.630228" lon="6.539565"><ele>443</ele></trkpt>
   <trkpt lat="46.630698" lon="6.540267"><ele>442.75</ele></trkpt>
   <trkpt lat="46.630989" lon="6.540678"><ele>443</ele></trkpt>
   <trkpt lat="46.631472" lon="6.541314"><ele>443.5</ele></trkpt>
   <trkpt lat="46.631864" lon="6.541789"><ele>443.5</ele></trkpt>
   <trkpt lat="46.632105" lon="6.542066"><ele>443.25</ele></trkpt>
   <trkpt lat="46.632417" lon="6.542405"><ele>443</ele></trkpt>
   <trkpt lat="46.632888" lon="6.542883"><ele>443</ele></trkpt>
   <trkpt lat="46.633299" lon="6.54327"><ele>443</ele></trkpt>
   <trkpt lat="46.633739" lon="6.543657"><ele>443</ele></trkpt>
   <trkpt lat="46.633903" lon="6.54379"><ele>443</ele></trkpt>
   <trkpt lat="46.634054" lon="6.543917"><ele>443</ele></trkpt>
   <trkpt lat="46.634155" lon="6.544001"><ele>443.25</ele></trkpt>
   <trkpt lat="46.635515" lon="6.54515"><ele>443.75</ele></trkpt>
   <trkpt lat="46.635729" lon="6.545333"><ele>443.75</ele></trkpt>
   <trkpt lat="46.636005" lon="6.545552"><ele>443.5</ele></trkpt>
   <trkpt lat="46.636256" lon="6.545729"><ele>443.75</ele></trkpt>
   <trkpt lat="46.636504" lon="6.545882"><ele>444</ele></trkpt>
   <trkpt lat="46.636703" lon="6.545995"><ele>443.5</ele></trkpt>
   <trkpt lat="46.637017" lon="6.546163"><ele>444.5</ele></trkpt>
   <trkpt lat="46.637515" lon="6.546406"><ele>444.75</ele></trkpt>
   <trkpt lat="46.6379" lon="6.54658"><ele>444.75</ele></trkpt>
   <trkpt lat="46.639041" lon="6.547065"><ele>444.75</ele></trkpt>
   <trkpt lat="46.64711" lon="6.550481"><ele>449</ele></trkpt>
   <trkpt lat="46.647203" lon="6.550521"><ele>449</ele></trkpt>
   <trkpt lat="46.651076" lon="6.552161"><ele>450.5</ele></trkpt>
   <trkpt lat="46.651586" lon="6.552369"><ele>450</ele></trkpt>
   <trkpt lat="46.65196" lon="6.552505"><ele>450.75</ele></trkpt>
   <trkpt lat="46.652553" lon="6.552682"><ele>450</ele></trkpt>
   <trkpt lat="46.653059" lon="6.552796"><ele>451.5</ele></trkpt>
   <trkpt lat="46.653545" lon="6.552874"><ele>449.75</ele></trkpt>
   <trkpt lat="46.654096" lon="6.552928"><ele>449.5</ele></trkpt>
   <trkpt lat="46.654234" lon="6.552935"><ele>449.75</ele></trkpt>
   <trkpt lat="46.654838" lon="6.552977"><ele>452</ele></trkpt>
   <trkpt lat="46.655158" lon="6.552979"><ele>452.75</ele></trkpt>
   <trkpt lat="46.655285" lon="6.552972"><ele>452.75</ele></trkpt>
   <trkpt lat="46.655701" lon="6.552925"><ele>453</ele></trkpt>
   <trkpt lat="46.656066" lon="6.552872"><ele>449.75</ele></trkpt>
   <trkpt lat="46.656219" lon="6.552841"><ele>451</ele></trkpt>
   <trkpt lat="46.656413" lon="6.5528"><ele>454</ele></trkpt>
   <trkpt lat="46.656764" lon="6.552713"><ele>454.5</ele></trkpt>
   <trkpt lat="46.65721" lon="6.552578"><ele>455</ele></trkpt>
   <trkpt lat="46.658822" lon="6.552002"><ele>469</ele></trkpt>
   <trkpt lat="46.661667" lon="6.550978"><ele>459.5</ele></trkpt>
   <trkpt lat="46.66233" lon="6.55076"><ele>456.75</ele></trkpt>
   <trkpt lat="46.662894" lon="6.550623"><ele>454.5</ele></trkpt>
   <trkpt lat="46.66322" lon="6.550569"><ele>453.5</ele></trkpt>
   <trkpt lat="46.66364" lon="6.550529"><ele>451.75</ele></trkpt>
   <trkpt lat="46.664011" lon="6.550523"><ele>450.5</ele></trkpt>
   <trkpt lat="46.664337" lon="6.550538"><ele>450.5</ele></trkpt>
   <trkpt lat="46.664647" lon="6.550569"><ele>450</ele></trkpt>
   <trkpt lat="46.664981" lon="6.550621"><ele>450</ele></trkpt>
   <trkpt lat="46.665258" lon="6.550682"><ele>450.25</ele></trkpt>
   <trkpt lat="46.665556" lon="6.550762"><ele>450.5</ele></trkpt>
   <trkpt lat="46.665951" lon="6.55089"><ele>448.25</ele></trkpt>
   <trkpt lat="46.666696" lon="6.551175"><ele>446.75</ele></trkpt>
   <trkpt lat="46.687534" lon="6.559413"><ele>440.75</ele></trkpt>
   <trkpt lat="46.691132" lon="6.560826"><ele>441.75</ele></trkpt>
   <trkpt lat="46.70096" lon="6.564709"><ele>445</ele></trkpt>
   <trkpt lat="46.70116" lon="6.564788"><ele>444</ele></trkpt>
   <trkpt lat="46.702158" lon="6.565183"><ele>445.25</ele></trkpt>
   <trkpt lat="46.703145" lon="6.565538"><ele>446.5</ele></trkpt>
   <trkpt lat="46.703523" lon="6.565693"><ele>445</ele></trkpt>
   <trkpt lat="46.703714" lon="6.565776"><ele>446</ele></trkpt>
   <trkpt lat="46.703982" lon="6.56588"><ele>446.75</ele></trkpt>
   <trkpt lat="46.704529" lon="6.566064"><ele>447</ele></trkpt>
   <trkpt lat="46.705695" lon="6.56653"><ele>445.5</ele></trkpt>
   <trkpt lat="46.709324" lon="6.567967"><ele>447</ele></trkpt>
   <trkpt lat="46.709593" lon="6.568126"><ele>447</ele></trkpt>
   <trkpt lat="46.709808" lon="6.56822"><ele>447</ele></trkpt>
   <trkpt lat="46.709929" lon="6.568267"><ele>447</ele></trkpt>
   <trkpt lat="46.711039" lon="6.56869"><ele>447</ele></trkpt>
   <trkpt lat="46.7116" lon="6.568891"><ele>446</ele></trkpt>
   <trkpt lat="46.712371" lon="6.569178"><ele>445.75</ele></trkpt>
   <trkpt lat="46.713002" lon="6.569424"><ele>444.75</ele></trkpt>
   <trkpt lat="46.713202" lon="6.569511"><ele>444.25</ele></trkpt>
   <trkpt lat="46.713529" lon="6.569676"><ele>443.75</ele></trkpt>
   <trkpt lat="46.713742" lon="6.56977"><ele>443.75</ele></trkpt>
   <trkpt lat="46.71548" lon="6.570462"><ele>442.5</ele></trkpt>
   <trkpt lat="46.715488" lon="6.570465"><ele>442.25</ele></trkpt>
   <trkpt lat="46.715527" lon="6.57048"><ele>442.25</ele></trkpt>
   <trkpt lat="46.715579" lon="6.5705"><ele>442.25</ele></trkpt>
   <trkpt lat="46.71761" lon="6.571308"><ele>440</ele></trkpt>
   <trkpt lat="46.717921" lon="6.571438"><ele>441</ele></trkpt>
   <trkpt lat="46.71846" lon="6.571682"><ele>440.75</ele></trkpt>
   <trkpt lat="46.718921" lon="6.571915"><ele>440.5</ele></trkpt>
   <trkpt lat="46.719358" lon="6.572155"><ele>439.5</ele></trkpt>
   <trkpt lat="46.719769" lon="6.572398"><ele>440.5</ele></trkpt>
   <trkpt lat="46.720205" lon="6.572672"><ele>441.25</ele></trkpt>
   <trkpt lat="46.720555" lon="6.572908"><ele>441.75</ele></trkpt>
   <trkpt lat="46.721045" lon="6.573263"><ele>442.25</ele></trkpt>
   <trkpt lat="46.721394" lon="6.573529"><ele>442.5</ele></trkpt>
   <trkpt lat="46.721883" lon="6.573928"><ele>442</ele></trkpt>
   <trkpt lat="46.722163" lon="6.57417"><ele>441.75</ele></trkpt>
   <trkpt lat="46.722587" lon="6.574556"><ele>440.75</ele></trkpt>
   <trkpt lat="46.72315" lon="6.575106"><ele>440</ele></trkpt>
   <trkpt lat="46.72372" lon="6.575709"><ele>439.25</ele></trkpt>
   <trkpt lat="46.724066" lon="6.576103"><ele>439.5</ele></trkpt>
   <trkpt lat="46.724635" lon="6.576792"><ele>439</ele></trkpt>
   <trkpt lat="46.727854" lon="6.580792"><ele>438.5</ele></trkpt>
   <trkpt lat="46.728855" lon="6.582033"><ele>437.25</ele></trkpt>
   <trkpt lat="46.729192" lon="6.58244"><ele>437.5</ele></trkpt>
   <trkpt lat="46.729516" lon="6.582813"><ele>435.25</ele></trkpt>
   <trkpt lat="46.729791" lon="6.583116"><ele>436.75</ele></trkpt>
   <trkpt lat="46.730203" lon="6.583548"><ele>436.75</ele></trkpt>
   <trkpt lat="46.730759" lon="6.584091"><ele>436.75</ele></trkpt>
   <trkpt lat="46.731185" lon="6.584478"><ele>436.75</ele></trkpt>
   <trkpt lat="46.731586" lon="6.58482"><ele>437</ele></trkpt>
   <trkpt lat="46.732067" lon="6.585204"><ele>436.25</ele></trkpt>
   <trkpt lat="46.732645" lon="6.58563"><ele>436.5</ele></trkpt>
   <trkpt lat="46.736095" lon="6.58802"><ele>438</ele></trkpt>
   <trkpt lat="46.736501" lon="6.58832"><ele>437.5</ele></trkpt>
   <trkpt lat="46.73684" lon="6.58859"><ele>437</ele></trkpt>
   <trkpt lat="46.737314" lon="6.589004"><ele>437.25</ele></trkpt>
   <trkpt lat="46.737635" lon="6.589306"><ele>436.75</ele></trkpt>
   <trkpt lat="46.738121" lon="6.589804"><ele>436.5</ele></trkpt>
   <trkpt lat="46.738566" lon="6.590306"><ele>437</ele></trkpt>
   <trkpt lat="46.738882" lon="6.590691"><ele>437.5</ele></trkpt>
   <trkpt lat="46.739166" lon="6.591059"><ele>437.75</ele></trkpt>
   <trkpt lat="46.739392" lon="6.591368"><ele>438</ele></trkpt>
   <trkpt lat="46.739756" lon="6.591898"><ele>437.5</ele></trkpt>
   <trkpt lat="46.740093" lon="6.59243"><ele>437.25</ele></trkpt>
   <trkpt lat="46.740418" lon="6.592986"><ele>437.75</ele></trkpt>
   <trkpt lat="46.740672" lon="6.593453"><ele>437.5</ele></trkpt>
   <trkpt lat="46.740899" lon="6.593898"><ele>437.25</ele></trkpt>
   <trkpt lat="46.741133" lon="6.594386"><ele>436.75</ele></trkpt>
   <trkpt lat="46.741439" lon="6.59508"><ele>437.25</ele></trkpt>
   <trkpt lat="46.741688" lon="6.595701"><ele>437.75</ele></trkpt>
   <trkpt lat="46.741941" lon="6.596391"><ele>438</ele></trkpt>
   <trkpt lat="46.742198" lon="6.597171"><ele>437.25</ele></trkpt>
   <trkpt lat="46.743628" lon="6.601658"><ele>435.75</ele></trkpt>
   <trkpt lat="46.743802" lon="6.602167"><ele>435</ele></trkpt>
   <trkpt lat="46.744018" lon="6.602754"><ele>434.5</ele></trkpt>
   <trkpt lat="46.744253" lon="6.603336"><ele>435.5</ele></trkpt>
   <trkpt lat="46.744378" lon="6.603626"><ele>436.5</ele></trkpt>
   <trkpt lat="46.744717" lon="6.60436"><ele>438.25</ele></trkpt>
   <trkpt lat="46.744875" lon="6.60468"><ele>438.25</ele></trkpt>
   <trkpt lat="46.745103" lon="6.605116"><ele>438</ele></trkpt>
   <trkpt lat="46.745562" lon="6.605934"><ele>439.25</ele></trkpt>
   <trkpt lat="46.746348" lon="6.607306"><ele>440</ele></trkpt>
   <trkpt lat="46.746725" lon="6.607964"><ele>440</ele></trkpt>
   <trkpt lat="46.747054" lon="6.608538"><ele>439.25</ele></trkpt>
   <trkpt lat="46.747058" lon="6.608545"><ele>439.25</ele></trkpt>
   <trkpt lat="46.74728" lon="6.608905"><ele>439</ele></trkpt>
   <trkpt lat="46.747427" lon="6.609116"><ele>439</ele></trkpt>
   <trkpt lat="46.74765" lon="6.609483"><ele>438.75</ele></trkpt>
   <trkpt lat="46.748158" lon="6.610367"><ele>436.75</ele></trkpt>
   <trkpt lat="46.752692" lon="6.618282"><ele>434.5</ele></trkpt>
   <trkpt lat="46.753871" lon="6.620344"><ele>436</ele></trkpt>
   <trkpt lat="46.754663" lon="6.621724"><ele>436</ele></trkpt>
   <trkpt lat="46.755148" lon="6.622542"><ele>436</ele></trkpt>
   <trkpt lat="46.755396" lon="6.622945"><ele>436</ele></trkpt>
   <trkpt lat="46.755811" lon="6.623598"><ele>436.75</ele></trkpt>
   <trkpt lat="46.756144" lon="6.624101"><ele>435.75</ele></trkpt>
   <trkpt lat="46.756441" lon="6.624537"><ele>436</ele></trkpt>
   <trkpt lat="46.756833" lon="6.625093"><ele>436</ele></trkpt>
   <trkpt lat="46.757165" lon="6.625551"><ele>436</ele></trkpt>
   <trkpt lat="46.757503" lon="6.626001"><ele>436.75</ele></trkpt>
   <trkpt lat="46.758021" lon="6.626662"><ele>436.75</ele></trkpt>
   <trkpt lat="46.758361" lon="6.627078"><ele>437</ele></trkpt>
   <trkpt lat="46.758707" lon="6.62749"><ele>437.25</ele></trkpt>
   <trkpt lat="46.759259" lon="6.62812"><ele>437.25</ele></trkpt>
   <trkpt lat="46.760296" lon="6.629249"><ele>437.75</ele></trkpt>
   <trkpt lat="46.765409" lon="6.63478"><ele>434.75</ele></trkpt>
   <trkpt lat="46.765668" lon="6.635069"><ele>434.5</ele></trkpt>
   <trkpt lat="46.765944" lon="6.635406"><ele>434.5</ele></trkpt>
   <trkpt lat="46.766143" lon="6.635677"><ele>434.25</ele></trkpt>
   <trkpt lat="46.766378" lon="6.636036"><ele>434.5</ele></trkpt>
   <trkpt lat="46.766584" lon="6.636392"><ele>434</ele></trkpt>
   <trkpt lat="46.766723" lon="6.63666"><ele>434</ele></trkpt>
   <trkpt lat="46.766865" lon="6.63696"><ele>433.5</ele></trkpt>
   <trkpt lat="46.76702" lon="6.637326"><ele>433.5</ele></trkpt>
   <trkpt lat="46.767207" lon="6.637835"><ele>433.75</ele></trkpt>
   <trkpt lat="46.76731" lon="6.638163"><ele>434</ele></trkpt>
   <trkpt lat="46.767367" lon="6.638363"><ele>434</ele></trkpt>
   <trkpt lat="46.76742" lon="6.638563"><ele>434</ele></trkpt>
   <trkpt lat="46.767523" lon="6.639015"><ele>433.75</ele></trkpt>
   <trkpt lat="46.767589" lon="6.639362"><ele>433.75</ele></trkpt>
   <trkpt lat="46.767642" lon="6.639706"><ele>434</ele></trkpt>
   <trkpt lat="46.767685" lon="6.640054"><ele>434</ele></trkpt>
   <trkpt lat="46.76772" lon="6.640425"><ele>434</ele></trkpt>
   <trkpt lat="46.767749" lon="6.641008"><ele>434.5</ele></trkpt>
   <trkpt lat="46.76775" lon="6.641509"><ele>434.5</ele></trkpt>
   <trkpt lat="46.767738" lon="6.641926"><ele>434</ele></trkpt>
   <trkpt lat="46.767607" lon="6.644741"><ele>435.25</ele></trkpt>
   <trkpt lat="46.767595" lon="6.645075"><ele>435.5</ele></trkpt>
   <trkpt lat="46.767591" lon="6.645392"><ele>435.5</ele></trkpt>
   <trkpt lat="46.767597" lon="6.64579"><ele>435.5</ele></trkpt>
   <trkpt lat="46.767607" lon="6.646048"><ele>435.5</ele></trkpt>
   <trkpt lat="46.767638" lon="6.646449"><ele>435.5</ele></trkpt>
   <trkpt lat="46.767672" lon="6.646767"><ele>435.75</ele></trkpt>
   <trkpt lat="46.767719" lon="6.647112"><ele>436.75</ele></trkpt>
   <trkpt lat="46.767787" lon="6.647501"><ele>437.75</ele></trkpt>
   <trkpt lat="46.76786" lon="6.647849"><ele>436</ele></trkpt>
   <trkpt lat="46.767952" lon="6.648225"><ele>435.75</ele></trkpt>
   <trkpt lat="46.76806" lon="6.648602"><ele>436.75</ele></trkpt>
   <trkpt lat="46.768169" lon="6.648937"><ele>436</ele></trkpt>
   <trkpt lat="46.768301" lon="6.649293"><ele>436.25</ele></trkpt>
   <trkpt lat="46.768486" lon="6.649732"><ele>437</ele></trkpt>
   <trkpt lat="46.768588" lon="6.649948"><ele>437.5</ele></trkpt>
   <trkpt lat="46.768801" lon="6.650354"><ele>439</ele></trkpt>
   <trkpt lat="46.769031" lon="6.65074"><ele>439</ele></trkpt>
   <trkpt lat="46.769153" lon="6.650923"><ele>439.25</ele></trkpt>
   <trkpt lat="46.769406" lon="6.651271"><ele>440</ele></trkpt>
   <trkpt lat="46.769537" lon="6.651437"><ele>440.25</ele></trkpt>
   <trkpt lat="46.769674" lon="6.651597"><ele>440.25</ele></trkpt>
   <trkpt lat="46.76988" lon="6.65182"><ele>441</ele></trkpt>
   <trkpt lat="46.770207" lon="6.652129"><ele>442.75</ele></trkpt>
   <trkpt lat="46.770485" lon="6.652356"><ele>441.75</ele></trkpt>
   <trkpt lat="46.770627" lon="6.652459"><ele>441.75</ele></trkpt>
   <trkpt lat="46.770898" lon="6.652637"><ele>442.75</ele></trkpt>
   <trkpt lat="46.771087" lon="6.652746"><ele>442</ele></trkpt>
   <trkpt lat="46.771213" lon="6.652812"><ele>443.25</ele></trkpt>
   <trkpt lat="46.771561" lon="6.652972"><ele>444.5</ele></trkpt>
   <trkpt lat="46.774424" lon="6.654134"><ele>441.25</ele></trkpt>
   <trkpt lat="46.774853" lon="6.654281"><ele>439.25</ele></trkpt>
   <trkpt lat="46.775032" lon="6.654323"><ele>438.5</ele></trkpt>
   <trkpt lat="46.775223" lon="6.654356"><ele>437.75</ele></trkpt>
   <trkpt lat="46.77532" lon="6.654368"><ele>437.75</ele></trkpt>
   <trkpt lat="46.775644" lon="6.654386"><ele>437.5</ele></trkpt>
   <trkpt lat="46.775951" lon="6.654373"><ele>436.75</ele></trkpt>
   <trkpt lat="46.77624" lon="6.65433"><ele>435.75</ele></trkpt>
   <trkpt lat="46.776438" lon="6.65428"><ele>435.5</ele></trkpt>
   <trkpt lat="46.776714" lon="6.654182"><ele>437.75</ele></trkpt>
   <trkpt lat="46.776993" lon="6.65405"><ele>436.25</ele></trkpt>
   <trkpt lat="46.777213" lon="6.653918"><ele>438.25</ele></trkpt>
   <trkpt lat="46.777445" lon="6.65375"><ele>435.5</ele></trkpt>
   <trkpt lat="46.777605" lon="6.653617"><ele>436</ele></trkpt>
   <trkpt lat="46.777848" lon="6.653381"><ele>435.75</ele></trkpt>
   <trkpt lat="46.777976" lon="6.65324"><ele>436.5</ele></trkpt>
   <trkpt lat="46.778237" lon="6.652902"><ele>436.75</ele></trkpt>
   <trkpt lat="46.778458" lon="6.652561"><ele>436</ele></trkpt>
   <trkpt lat="46.778633" lon="6.652239"><ele>437.5</ele></trkpt>
   <trkpt lat="46.778707" lon="6.652085"><ele>435.25</ele></trkpt>
   <trkpt lat="46.778825" lon="6.651812"><ele>436.5</ele></trkpt>
   <trkpt lat="46.778933" lon="6.651526"><ele>436.5</ele></trkpt>
   <trkpt lat="46.779028" lon="6.651232"><ele>435.5</ele></trkpt>
   <trkpt lat="46.779125" lon="6.650888"><ele>437.25</ele></trkpt>
   <trkpt lat="46.779261" lon="6.650361"><ele>433.75</ele></trkpt>
   <trkpt lat="46.779321" lon="6.650125"><ele>434.5</ele></trkpt>
   <trkpt lat="46.779406" lon="6.649784"><ele>437.25</ele></trkpt>
   <trkpt lat="46.779486" lon="6.649484"><ele>435.75</ele></trkpt>
   <trkpt lat="46.779675" lon="6.648837"><ele>436</ele></trkpt>
   <trkpt lat="46.779812" lon="6.648342"><ele>434.25</ele></trkpt>
   <trkpt lat="46.78007" lon="6.647319"><ele>435</ele></trkpt>
   <trkpt lat="46.780265" lon="6.64647"><ele>435.75</ele></trkpt>
   <trkpt lat="46.780313" lon="6.646257"><ele>435.25</ele></trkpt>
   <trkpt lat="46.780417" lon="6.645862"><ele>434.25</ele></trkpt>
   <trkpt lat="46.780516" lon="6.645548"><ele>434.75</ele></trkpt>
   <trkpt lat="46.780704" lon="6.644718"><ele>435</ele></trkpt>
   <trkpt lat="46.780833" lon="6.644211"><ele>434.75</ele></trkpt>
   <trkpt lat="46.780873" lon="6.644061"><ele>433.5</ele></trkpt>
   <trkpt lat="46.780898" lon="6.643968"><ele>432.25</ele></trkpt>
   <trkpt lat="46.781" lon="6.643581"><ele>432.5</ele></trkpt>
   <trkpt lat="46.781077" lon="6.643317"><ele>434</ele></trkpt>
   <trkpt lat="46.781204" lon="6.642932"><ele>434.25</ele></trkpt>
   <trkpt lat="46.781297" lon="6.642619"><ele>434</ele></trkpt>
   <trkpt lat="46.781425" lon="6.642127"><ele>434.25</ele></trkpt>
   <trkpt lat="46.781461" lon="6.641992"><ele>434.5</ele></trkpt>
   <trkpt lat="46.781661" lon="6.64136"><ele>434</ele></trkpt>
   <trkpt lat="46.781711" lon="6.64118"><ele>434</ele></trkpt>
   <trkpt lat="46.781743" lon="6.641053"><ele>433.75</ele></trkpt>
   <trkpt lat="46.782163" lon="6.639432"><ele>434</ele></trkpt>
   <trkpt lat="46.782357" lon="6.638681"><ele>434.5</ele></trkpt>
   <trkpt lat="46.782438" lon="6.6384"><ele>434</ele></trkpt>
   <trkpt lat="46.782526" lon="6.638129"><ele>434.5</ele></trkpt>
   <trkpt lat="46.782642" lon="6.637803"><ele>434.25</ele></trkpt>
   <trkpt lat="46.782792" lon="6.637441"><ele>434</ele></trkpt>
   <trkpt lat="46.783137" lon="6.636731"><ele>434</ele></trkpt>
   <trkpt lat="46.783272" lon="6.636471"><ele>434</ele></trkpt>
   <trkpt lat="46.783423" lon="6.636197"><ele>434</ele></trkpt>
   <trkpt lat="46.783623" lon="6.635872"><ele>434.5</ele></trkpt>
   <trkpt lat="46.78382" lon="6.635591"><ele>433.75</ele></trkpt>
   <trkpt lat="46.783975" lon="6.635397"><ele>433.75</ele></trkpt>
   <trkpt lat="46.784202" lon="6.635146"><ele>434.25</ele></trkpt>
   <trkpt lat="46.784378" lon="6.634975"><ele>434</ele></trkpt>
   <trkpt lat="46.784671" lon="6.634729"><ele>433.75</ele></trkpt>
   <trkpt lat="46.784915" lon="6.634549"><ele>434</ele></trkpt>
   <trkpt lat="46.785434" lon="6.634194"><ele>434.25</ele></trkpt>
   <trkpt lat="46.785825" lon="6.633905"><ele>433.75</ele></trkpt>
   <trkpt lat="46.785905" lon="6.633844"><ele>433.5</ele></trkpt>
   <trkpt lat="46.786292" lon="6.633556"><ele>433.25</ele></trkpt>
   <trkpt lat="46.786783" lon="6.633218"><ele>433.5</ele></trkpt>
   <trkpt lat="46.787014" lon="6.633065"><ele>433.75</ele></trkpt>
   <trkpt lat="46.787527" lon="6.632765"><ele>433.75</ele></trkpt>
   <trkpt lat="46.787801" lon="6.632596"><ele>434.25</ele></trkpt>
   <trkpt lat="46.791407" lon="6.630231"><ele>433.75</ele></trkpt>
   <trkpt lat="46.791803" lon="6.629981"><ele>434.25</ele></trkpt>
   <trkpt lat="46.792317" lon="6.629679"><ele>433.5</ele></trkpt>
   <trkpt lat="46.792508" lon="6.629578"><ele>433</ele></trkpt>
   <trkpt lat="46.792919" lon="6.629384"><ele>433.5</ele></trkpt>
   <trkpt lat="46.793408" lon="6.629193"><ele>434.5</ele></trkpt>
   <trkpt lat="46.793669" lon="6.629105"><ele>433.75</ele></trkpt>
   <trkpt lat="46.794079" lon="6.628991"><ele>434.25</ele></trkpt>
   <trkpt lat="46.794341" lon="6.628932"><ele>434.5</ele></trkpt>
   <trkpt lat="46.794434" lon="6.628914"><ele>434.75</ele></trkpt>
   <trkpt lat="46.794922" lon="6.628842"><ele>434</ele></trkpt>
   <trkpt lat="46.795122" lon="6.628821"><ele>434</ele></trkpt>
   <trkpt lat="46.795409" lon="6.628805"><ele>434</ele></trkpt>
   <trkpt lat="46.795906" lon="6.628805"><ele>434</ele></trkpt>
   <trkpt lat="46.796157" lon="6.628818"><ele>434</ele></trkpt>
   <trkpt lat="46.796406" lon="6.628843"><ele>434</ele></trkpt>
   <trkpt lat="46.796835" lon="6.628906"><ele>434.25</ele></trkpt>
   <trkpt lat="46.797366" lon="6.629025"><ele>433</ele></trkpt>
   <trkpt lat="46.797812" lon="6.62916"><ele>434.75</ele></trkpt>
   <trkpt lat="46.798316" lon="6.629352"><ele>433.25</ele></trkpt>
   <trkpt lat="46.798726" lon="6.629541"><ele>433.5</ele></trkpt>
   <trkpt lat="46.799032" lon="6.629702"><ele>433.75</ele></trkpt>
   <trkpt lat="46.799326" lon="6.629873"><ele>433.25</ele></trkpt>
   <trkpt lat="46.799763" lon="6.630159"><ele>433.25</ele></trkpt>
   <trkpt lat="46.800139" lon="6.630437"><ele>433.5</ele></trkpt>
   <trkpt lat="46.800519" lon="6.63075"><ele>433.75</ele></trkpt>
   <trkpt lat="46.800876" lon="6.631075"><ele>433.75</ele></trkpt>
   <trkpt lat="46.801233" lon="6.631436"><ele>433.25</ele></trkpt>
   <trkpt lat="46.801392" lon="6.631608"><ele>434.5</ele></trkpt>
   <trkpt lat="46.801697" lon="6.631961"><ele>434</ele></trkpt>
   <trkpt lat="46.801815" lon="6.632106"><ele>434.25</ele></trkpt>
   <trkpt lat="46.802036" lon="6.632392"><ele>434</ele></trkpt>
   <trkpt lat="46.802392" lon="6.632894"><ele>434</ele></trkpt>
   <trkpt lat="46.80263" lon="6.633263"><ele>433.75</ele></trkpt>
   <trkpt lat="46.802767" lon="6.633489"><ele>434.25</ele></trkpt>
   <trkpt lat="46.803002" lon="6.633902"><ele>434.25</ele></trkpt>
   <trkpt lat="46.803264" lon="6.634406"><ele>434.25</ele></trkpt>
   <trkpt lat="46.803573" lon="6.635061"><ele>434.25</ele></trkpt>
   <trkpt lat="46.804011" lon="6.635975"><ele>434.5</ele></trkpt>
   <trkpt lat="46.804172" lon="6.636336"><ele>435</ele></trkpt>
   <trkpt lat="46.804228" lon="6.636469"><ele>434.75</ele></trkpt>
   <trkpt lat="46.804491" lon="6.637103"><ele>435.25</ele></trkpt>
   <trkpt lat="46.804693" lon="6.637622"><ele>434.5</ele></trkpt>
   <trkpt lat="46.804809" lon="6.637938"><ele>434.25</ele></trkpt>
   <trkpt lat="46.805149" lon="6.638898"><ele>433.5</ele></trkpt>
   <trkpt lat="46.806037" lon="6.641462"><ele>434.5</ele></trkpt>
   <trkpt lat="46.806164" lon="6.641819"><ele>435</ele></trkpt>
   <trkpt lat="46.806387" lon="6.642389"><ele>435.25</ele></trkpt>
   <trkpt lat="46.806537" lon="6.642734"><ele>435</ele></trkpt>
   <trkpt lat="46.806644" lon="6.64296"><ele>435.75</ele></trkpt>
   <trkpt lat="46.80685" lon="6.643368"><ele>434.25</ele></trkpt>
   <trkpt lat="46.807037" lon="6.643705"><ele>434.5</ele></trkpt>
   <trkpt lat="46.807508" lon="6.644469"><ele>434.5</ele></trkpt>
   <trkpt lat="46.809379" lon="6.647434"><ele>438.25</ele></trkpt>
   <trkpt lat="46.809556" lon="6.647726"><ele>436</ele></trkpt>
   <trkpt lat="46.809829" lon="6.648148"><ele>434.75</ele></trkpt>
   <trkpt lat="46.811741" lon="6.651183"><ele>436.75</ele></trkpt>
   <trkpt lat="46.812062" lon="6.65171"><ele>437.5</ele></trkpt>
   <trkpt lat="46.81237" lon="6.65225"><ele>437.75</ele></trkpt>
   <trkpt lat="46.812674" lon="6.652804"><ele>437.25</ele></trkpt>
   <trkpt lat="46.814261" lon="6.655715"><ele>436</ele></trkpt>
   <trkpt lat="46.81451" lon="6.656163"><ele>436.75</ele></trkpt>
   <trkpt lat="46.814769" lon="6.656603"><ele>437</ele></trkpt>
   <trkpt lat="46.815045" lon="6.657019"><ele>437</ele></trkpt>
   <trkpt lat="46.81532" lon="6.657397"><ele>437.5</ele></trkpt>
   <trkpt lat="46.815622" lon="6.657768"><ele>437.5</ele></trkpt>
   <trkpt lat="46.816547" lon="6.658852"><ele>436</ele></trkpt>
   <trkpt lat="46.816841" lon="6.659237"><ele>436.75</ele></trkpt>
   <trkpt lat="46.816985" lon="6.659439"><ele>436.75</ele></trkpt>
   <trkpt lat="46.817255" lon="6.659852"><ele>435.25</ele></trkpt>
   <trkpt lat="46.817513" lon="6.660294"><ele>435.75</ele></trkpt>
   <trkpt lat="46.817634" lon="6.660517"><ele>433.75</ele></trkpt>
   <trkpt lat="46.817867" lon="6.660985"><ele>434</ele></trkpt>
   <trkpt lat="46.818081" lon="6.661466"><ele>434.25</ele></trkpt>
   <trkpt lat="46.818278" lon="6.661967"><ele>434</ele></trkpt>
   <trkpt lat="46.818368" lon="6.662217"><ele>434.75</ele></trkpt>
   <trkpt lat="46.818537" lon="6.662742"><ele>433</ele></trkpt>
   <trkpt lat="46.818688" lon="6.663276"><ele>433.25</ele></trkpt>
   <trkpt lat="46.818882" lon="6.664058"><ele>434.75</ele></trkpt>
   <trkpt lat="46.820015" lon="6.668833"><ele>434.75</ele></trkpt>
   <trkpt lat="46.820251" lon="6.669805"><ele>434</ele></trkpt>
   <trkpt lat="46.8204" lon="6.670355"><ele>433.25</ele></trkpt>
   <trkpt lat="46.820577" lon="6.670929"><ele>434.5</ele></trkpt>
   <trkpt lat="46.820774" lon="6.671492"><ele>434</ele></trkpt>
   <trkpt lat="46.820988" lon="6.672032"><ele>433.75</ele></trkpt>
   <trkpt lat="46.821104" lon="6.672303"><ele>433.75</ele></trkpt>
   <trkpt lat="46.821341" lon="6.672825"><ele>433.75</ele></trkpt>
   <trkpt lat="46.821893" lon="6.67399"><ele>434</ele></trkpt>
   <trkpt lat="46.822716" lon="6.675704"><ele>433.75</ele></trkpt>
   <trkpt lat="46.822951" lon="6.676166"><ele>433.25</ele></trkpt>
   <trkpt lat="46.823203" lon="6.676614"><ele>432.25</ele></trkpt>
   <trkpt lat="46.823468" lon="6.677041"><ele>433.25</ele></trkpt>
   <trkpt lat="46.823738" lon="6.677431"><ele>433.5</ele></trkpt>
   <trkpt lat="46.824035" lon="6.677818"><ele>434.25</ele></trkpt>
   <trkpt lat="46.824329" lon="6.678162"><ele>434.5</ele></trkpt>
   <trkpt lat="46.824634" lon="6.678487"><ele>434</ele></trkpt>
   <trkpt lat="46.824985" lon="6.678833"><ele>433.75</ele></trkpt>
   <trkpt lat="46.825112" lon="6.678953"><ele>433.75</ele></trkpt>
   <trkpt lat="46.826035" lon="6.679839"><ele>433.75</ele></trkpt>
   <trkpt lat="46.826202" lon="6.679998"><ele>433.25</ele></trkpt>
   <trkpt lat="46.827355" lon="6.681097"><ele>434.75</ele></trkpt>
   <trkpt lat="46.828131" lon="6.681847"><ele>434.5</ele></trkpt>
   <trkpt lat="46.828481" lon="6.682223"><ele>435.5</ele></trkpt>
   <trkpt lat="46.828815" lon="6.682613"><ele>435.25</ele></trkpt>
   <trkpt lat="46.829133" lon="6.683026"><ele>434.75</ele></trkpt>
   <trkpt lat="46.829434" lon="6.683453"><ele>434.5</ele></trkpt>
   <trkpt lat="46.829721" lon="6.683905"><ele>434.75</ele></trkpt>
   <trkpt lat="46.829996" lon="6.684373"><ele>435</ele></trkpt>
   <trkpt lat="46.83026" lon="6.684869"><ele>435.25</ele></trkpt>
   <trkpt lat="46.830494" lon="6.685345"><ele>435.25</ele></trkpt>
   <trkpt lat="46.830717" lon="6.685845"><ele>434.5</ele></trkpt>
   <trkpt lat="46.83148" lon="6.687608"><ele>435</ele></trkpt>
   <trkpt lat="46.831607" lon="6.687893"><ele>435</ele></trkpt>
   <trkpt lat="46.832166" lon="6.689104"><ele>435.25</ele></trkpt>
   <trkpt lat="46.832578" lon="6.689998"><ele>436</ele></trkpt>
   <trkpt lat="46.833037" lon="6.690995"><ele>434.75</ele></trkpt>
   <trkpt lat="46.833319" lon="6.691639"><ele>434.75</ele></trkpt>
   <trkpt lat="46.834144" lon="6.693518"><ele>434.75</ele></trkpt>
   <trkpt lat="46.835597" lon="6.696681"><ele>436.25</ele></trkpt>
   <trkpt lat="46.836241" lon="6.698081"><ele>438.25</ele></trkpt>
   <trkpt lat="46.836303" lon="6.698216"><ele>438.25</ele></trkpt>
   <trkpt lat="46.837242" lon="6.700258"><ele>440</ele></trkpt>
   <trkpt lat="46.837705" lon="6.701246"><ele>440.25</ele></trkpt>
   <trkpt lat="46.838139" lon="6.702122"><ele>441.5</ele></trkpt>
   <trkpt lat="46.838448" lon="6.702709"><ele>442</ele></trkpt>
   <trkpt lat="46.838767" lon="6.703287"><ele>442.5</ele></trkpt>
   <trkpt lat="46.839092" lon="6.703843"><ele>442</ele></trkpt>
   <trkpt lat="46.839424" lon="6.704394"><ele>442</ele></trkpt>
   <trkpt lat="46.839766" lon="6.704931"><ele>441.5</ele></trkpt>
   <trkpt lat="46.840116" lon="6.705457"><ele>440.75</ele></trkpt>
   <trkpt lat="46.84056" lon="6.706092"><ele>440</ele></trkpt>
   <trkpt lat="46.840842" lon="6.706476"><ele>439.5</ele></trkpt>
   <trkpt lat="46.841221" lon="6.706971"><ele>440.25</ele></trkpt>
   <trkpt lat="46.841602" lon="6.707447"><ele>439.25</ele></trkpt>
   <trkpt lat="46.841992" lon="6.707914"><ele>439.25</ele></trkpt>
   <trkpt lat="46.843178" lon="6.709301"><ele>441</ele></trkpt>
   <trkpt lat="46.843829" lon="6.710106"><ele>439.5</ele></trkpt>
   <trkpt lat="46.844306" lon="6.710734"><ele>438</ele></trkpt>
   <trkpt lat="46.84467" lon="6.71124"><ele>435.75</ele></trkpt>
   <trkpt lat="46.845029" lon="6.711764"><ele>434.5</ele></trkpt>
   <trkpt lat="46.845376" lon="6.712294"><ele>434.75</ele></trkpt>
   <trkpt lat="46.845752" lon="6.712897"><ele>434</ele></trkpt>
   <trkpt lat="46.84621" lon="6.713677"><ele>432.25</ele></trkpt>
   <trkpt lat="46.84668" lon="6.714538"><ele>431.75</ele></trkpt>
   <trkpt lat="46.846984" lon="6.715125"><ele>430.75</ele></trkpt>
   <trkpt lat="46.847278" lon="6.715726"><ele>430.5</ele></trkpt>
   <trkpt lat="46.847561" lon="6.716335"><ele>430.5</ele></trkpt>
   <trkpt lat="46.847837" lon="6.716952"><ele>430.25</ele></trkpt>
   <trkpt lat="46.848474" lon="6.718422"><ele>430.25</ele></trkpt>
   <trkpt lat="46.84877" lon="6.719117"><ele>430.25</ele></trkpt>
   <trkpt lat="46.849022" lon="6.71965"><ele>430.25</ele></trkpt>
   <trkpt lat="46.849454" lon="6.720524"><ele>430.5</ele></trkpt>
   <trkpt lat="46.849905" lon="6.721397"><ele>430.5</ele></trkpt>
   <trkpt lat="46.85038" lon="6.72224"><ele>430.5</ele></trkpt>
   <trkpt lat="46.850416" lon="6.722304"><ele>430.75</ele></trkpt>
   <trkpt lat="46.850804" lon="6.722978"><ele>430.75</ele></trkpt>
   <trkpt lat="46.851456" lon="6.724135"><ele>432.75</ele></trkpt>
   <trkpt lat="46.851724" lon="6.724631"><ele>433.25</ele></trkpt>
   <trkpt lat="46.852027" lon="6.725224"><ele>433</ele></trkpt>
   <trkpt lat="46.852323" lon="6.725828"><ele>433.25</ele></trkpt>
   <trkpt lat="46.852605" lon="6.726433"><ele>434</ele></trkpt>
   <trkpt lat="46.852968" lon="6.727259"><ele>434.25</ele></trkpt>
   <trkpt lat="46.853277" lon="6.728031"><ele>434.25</ele></trkpt>
   <trkpt lat="46.85358" lon="6.728818"><ele>434.5</ele></trkpt>
   <trkpt lat="46.854222" lon="6.730572"><ele>435.25</ele></trkpt>
   <trkpt lat="46.854724" lon="6.731916"><ele>435.25</ele></trkpt>
   <trkpt lat="46.854978" lon="6.732548"><ele>436</ele></trkpt>
   <trkpt lat="46.85524" lon="6.73317"><ele>435.25</ele></trkpt>
   <trkpt lat="46.855514" lon="6.733788"><ele>434.25</ele></trkpt>
   <trkpt lat="46.855801" lon="6.734402"><ele>434.5</ele></trkpt>
   <trkpt lat="46.856094" lon="6.734996"><ele>434.5</ele></trkpt>
   <trkpt lat="46.856545" lon="6.735858"><ele>437</ele></trkpt>
   <trkpt lat="46.857274" lon="6.737185"><ele>434.5</ele></trkpt>
   <trkpt lat="46.858765" lon="6.739869"><ele>435.25</ele></trkpt>
   <trkpt lat="46.858942" lon="6.740199"><ele>436.25</ele></trkpt>
   <trkpt lat="46.859212" lon="6.740741"><ele>438</ele></trkpt>
   <trkpt lat="46.859451" lon="6.74119"><ele>437.25</ele></trkpt>
   <trkpt lat="46.859584" lon="6.74143"><ele>442.25</ele></trkpt>
   <trkpt lat="46.859618" lon="6.74149"><ele>442.25</ele></trkpt>
   <trkpt lat="46.861247" lon="6.744411"><ele>444.5</ele></trkpt>
   <trkpt lat="46.861942" lon="6.745517"><ele>445.5</ele></trkpt>
   <trkpt lat="46.862691" lon="6.746624"><ele>446.5</ele></trkpt>
   <trkpt lat="46.863443" lon="6.747609"><ele>447.25</ele></trkpt>
   <trkpt lat="46.864203" lon="6.748542"><ele>448.25</ele></trkpt>
   <trkpt lat="46.865154" lon="6.749567"><ele>449.25</ele></trkpt>
   <trkpt lat="46.86613" lon="6.750517"><ele>450.25</ele></trkpt>
   <trkpt lat="46.866783" lon="6.751077"><ele>451</ele></trkpt>
   <trkpt lat="46.867088" lon="6.751339"><ele>451.25</ele></trkpt>
   <trkpt lat="46.868123" lon="6.752126"><ele>452.5</ele></trkpt>
   <trkpt lat="46.868719" lon="6.752534"><ele>452.5</ele></trkpt>
   <trkpt lat="46.869129" lon="6.752797"><ele>451</ele></trkpt>
   <trkpt lat="46.869563" lon="6.753057"><ele>452.75</ele></trkpt>
   <trkpt lat="46.870014" lon="6.753314"><ele>451.5</ele></trkpt>
   <trkpt lat="46.870472" lon="6.753559"><ele>452</ele></trkpt>
   <trkpt lat="46.874694" lon="6.755723"><ele>452</ele></trkpt>
   <trkpt lat="46.875392" lon="6.756107"><ele>449.75</ele></trkpt>
   <trkpt lat="46.876082" lon="6.756524"><ele>446</ele></trkpt>
   <trkpt lat="46.876527" lon="6.756815"><ele>446</ele></trkpt>
   <trkpt lat="46.876982" lon="6.757134"><ele>446.25</ele></trkpt>
   <trkpt lat="46.877487" lon="6.757508"><ele>445.5</ele></trkpt>
   <trkpt lat="46.877968" lon="6.757888"><ele>442.25</ele></trkpt>
   <trkpt lat="46.878029" lon="6.757938"><ele>442.25</ele></trkpt>
   <trkpt lat="46.878483" lon="6.758309"><ele>443</ele></trkpt>
   <trkpt lat="46.878573" lon="6.758383"><ele>443.5</ele></trkpt>
   <trkpt lat="46.879095" lon="6.758814"><ele>445.25</ele></trkpt>
   <trkpt lat="46.879768" lon="6.759352"><ele>445.25</ele></trkpt>
   <trkpt lat="46.880747" lon="6.760083"><ele>445.5</ele></trkpt>
   <trkpt lat="46.88177" lon="6.760717"><ele>445.75</ele></trkpt>
   <trkpt lat="46.883877" lon="6.761884"><ele>446.5</ele></trkpt>
   <trkpt lat="46.8849" lon="6.762462"><ele>446.75</ele></trkpt>
   <trkpt lat="46.885909" lon="6.763095"><ele>447</ele></trkpt>
   <trkpt lat="46.886464" lon="6.763479"><ele>447</ele></trkpt>
   <trkpt lat="46.887017" lon="6.76389"><ele>447.25</ele></trkpt>
   <trkpt lat="46.887995" lon="6.76468"><ele>447.5</ele></trkpt>
   <trkpt lat="46.889282" lon="6.765889"><ele>448</ele></trkpt>
   <trkpt lat="46.889896" lon="6.766544"><ele>448</ele></trkpt>
   <trkpt lat="46.890504" lon="6.767229"><ele>448.25</ele></trkpt>
   <trkpt lat="46.891094" lon="6.767932"><ele>448.5</ele></trkpt>
   <trkpt lat="46.891669" lon="6.768675"><ele>448.75</ele></trkpt>
   <trkpt lat="46.892244" lon="6.769459"><ele>448.75</ele></trkpt>
   <trkpt lat="46.892801" lon="6.770298"><ele>449</ele></trkpt>
   <trkpt lat="46.893458" lon="6.771343"><ele>449.25</ele></trkpt>
   <trkpt lat="46.896203" lon="6.776076"><ele>450.25</ele></trkpt>
   <trkpt lat="46.896266" lon="6.776185"><ele>450.5</ele></trkpt>
   <trkpt lat="46.896651" lon="6.776852"><ele>450.5</ele></trkpt>
   <trkpt lat="46.897387" lon="6.778126"><ele>451.75</ele></trkpt>
   <trkpt lat="46.897753" lon="6.778744"><ele>450.25</ele></trkpt>
   <trkpt lat="46.898175" lon="6.779428"><ele>451.75</ele></trkpt>
   <trkpt lat="46.898451" lon="6.779861"><ele>451.5</ele></trkpt>
   <trkpt lat="46.899192" lon="6.780994"><ele>451</ele></trkpt>
   <trkpt lat="46.899863" lon="6.782022"><ele>451.5</ele></trkpt>
   <trkpt lat="46.900152" lon="6.782474"><ele>449.5</ele></trkpt>
   <trkpt lat="46.900231" lon="6.782602"><ele>449.75</ele></trkpt>
   <trkpt lat="46.900693" lon="6.783334"><ele>456.25</ele></trkpt>
   <trkpt lat="46.900821" lon="6.783537"><ele>454.25</ele></trkpt>
   <trkpt lat="46.900977" lon="6.783771"><ele>455.25</ele></trkpt>
   <trkpt lat="46.901212" lon="6.784097"><ele>455</ele></trkpt>
   <trkpt lat="46.901378" lon="6.784345"><ele>454.25</ele></trkpt>
   <trkpt lat="46.901578" lon="6.784664"><ele>451.75</ele></trkpt>
   <trkpt lat="46.901644" lon="6.784769"><ele>451.25</ele></trkpt>
   <trkpt lat="46.901923" lon="6.785229"><ele>452.25</ele></trkpt>
   <trkpt lat="46.902061" lon="6.785471"><ele>452.25</ele></trkpt>
   <trkpt lat="46.902845" lon="6.786933"><ele>457.25</ele></trkpt>
   <trkpt lat="46.90314" lon="6.787433"><ele>456.75</ele></trkpt>
   <trkpt lat="46.90343" lon="6.787874"><ele>456</ele></trkpt>
   <trkpt lat="46.903829" lon="6.78842"><ele>456.75</ele></trkpt>
   <trkpt lat="46.906509" lon="6.791891"><ele>459</ele></trkpt>
   <trkpt lat="46.908976" lon="6.795086"><ele>464</ele></trkpt>
   <trkpt lat="46.909331" lon="6.795536"><ele>464.5</ele></trkpt>
   <trkpt lat="46.909591" lon="6.795844"><ele>464.75</ele></trkpt>
   <trkpt lat="46.909726" lon="6.795996"><ele>465.25</ele></trkpt>
   <trkpt lat="46.910012" lon="6.796296"><ele>465.75</ele></trkpt>
   <trkpt lat="46.910184" lon="6.796466"><ele>466.25</ele></trkpt>
   <trkpt lat="46.910533" lon="6.796782"><ele>467.75</ele></trkpt>
   <trkpt lat="46.910911" lon="6.797096"><ele>468.25</ele></trkpt>
   <trkpt lat="46.91233" lon="6.798228"><ele>469.5</ele></trkpt>
   <trkpt lat="46.912605" lon="6.798464"><ele>469</ele></trkpt>
   <trkpt lat="46.912934" lon="6.798774"><ele>469.5</ele></trkpt>
   <trkpt lat="46.913437" lon="6.799299"><ele>471</ele></trkpt>
   <trkpt lat="46.916243" lon="6.802348"><ele>475.25</ele></trkpt>
   <trkpt lat="46.916896" lon="6.803045"><ele>475</ele></trkpt>
   <trkpt lat="46.917279" lon="6.803417"><ele>474.75</ele></trkpt>
   <trkpt lat="46.917697" lon="6.803776"><ele>475.75</ele></trkpt>
   <trkpt lat="46.917895" lon="6.803931"><ele>477</ele></trkpt>
   <trkpt lat="46.918159" lon="6.804123"><ele>478.5</ele></trkpt>
   <trkpt lat="46.918466" lon="6.804327"><ele>481.5</ele></trkpt>
   <trkpt lat="46.918862" lon="6.804562"><ele>481.5</ele></trkpt>
   <trkpt lat="46.921051" lon="6.805741"><ele>481.75</ele></trkpt>
   <trkpt lat="46.923074" lon="6.806829"><ele>484.75</ele></trkpt>
   <trkpt lat="46.923476" lon="6.80706"><ele>486</ele></trkpt>
   <trkpt lat="46.923684" lon="6.807193"><ele>484.75</ele></trkpt>
   <trkpt lat="46.923886" lon="6.80733"><ele>483.25</ele></trkpt>
   <trkpt lat="46.924203" lon="6.807565"><ele>483.75</ele></trkpt>
   <trkpt lat="46.925553" lon="6.808665"><ele>489</ele></trkpt>
   <trkpt lat="46.926104" lon="6.8091"><ele>488</ele></trkpt>
   <trkpt lat="46.926787" lon="6.809594"><ele>487.5</ele></trkpt>
   <trkpt lat="46.92725" lon="6.809917"><ele>487.75</ele></trkpt>
   <trkpt lat="46.927634" lon="6.810174"><ele>488.5</ele></trkpt>
   <trkpt lat="46.929728" lon="6.811553"><ele>489.75</ele></trkpt>
   <trkpt lat="46.930811" lon="6.812263"><ele>489.25</ele></trkpt>
   <trkpt lat="46.931611" lon="6.812773"><ele>487.25</ele></trkpt>
   <trkpt lat="46.93163" lon="6.812786"><ele>487</ele></trkpt>
   <trkpt lat="46.931776" lon="6.812878"><ele>488</ele></trkpt>
   <trkpt lat="46.931872" lon="6.812939"><ele>489.25</ele></trkpt>
   <trkpt lat="46.932107" lon="6.813099"><ele>492.25</ele></trkpt>
   <trkpt lat="46.932445" lon="6.813357"><ele>493.5</ele></trkpt>
   <trkpt lat="46.932655" lon="6.813498"><ele>494.5</ele></trkpt>
   <trkpt lat="46.93652" lon="6.815939"><ele>496</ele></trkpt>
   <trkpt lat="46.938884" lon="6.817437"><ele>497</ele></trkpt>
   <trkpt lat="46.942581" lon="6.819779"><ele>496.5</ele></trkpt>
   <trkpt lat="46.9431" lon="6.820094"><ele>496.5</ele></trkpt>
   <trkpt lat="46.94355" lon="6.820346"><ele>496.5</ele></trkpt>
   <trkpt lat="46.943981" lon="6.820568"><ele>497</ele></trkpt>
   <trkpt lat="46.944496" lon="6.82081"><ele>498</ele></trkpt>
   <trkpt lat="46.945156" lon="6.821085"><ele>497.75</ele></trkpt>
   <trkpt lat="46.945247" lon="6.821118"><ele>497.75</ele></trkpt>
   <trkpt lat="46.945785" lon="6.821307"><ele>499</ele></trkpt>
   <trkpt lat="46.94645" lon="6.821506"><ele>499.25</ele></trkpt>
   <trkpt lat="46.950405" lon="6.822558"><ele>502</ele></trkpt>
   <trkpt lat="46.951906" lon="6.822956"><ele>503</ele></trkpt>
   <trkpt lat="46.951909" lon="6.822957"><ele>503</ele></trkpt>
   <trkpt lat="46.952853" lon="6.823211"><ele>503.5</ele></trkpt>
   <trkpt lat="46.953289" lon="6.823347"><ele>502.25</ele></trkpt>
   <trkpt lat="46.953639" lon="6.823484"><ele>502.75</ele></trkpt>
   <trkpt lat="46.95383" lon="6.823569"><ele>501</ele></trkpt>
   <trkpt lat="46.954103" lon="6.823709"><ele>502.75</ele></trkpt>
   <trkpt lat="46.954494" lon="6.82394"><ele>500.5</ele></trkpt>
   <trkpt lat="46.954825" lon="6.824167"><ele>500</ele></trkpt>
   <trkpt lat="46.955007" lon="6.824305"><ele>499.5</ele></trkpt>
   <trkpt lat="46.955337" lon="6.824581"><ele>497.75</ele></trkpt>
   <trkpt lat="46.955476" lon="6.824708"><ele>498</ele></trkpt>
   <trkpt lat="46.955808" lon="6.825039"><ele>497.25</ele></trkpt>
   <trkpt lat="46.955811" lon="6.825042"><ele>497.25</ele></trkpt>
   <trkpt lat="46.955813" lon="6.825044"><ele>497.25</ele></trkpt>
   <trkpt lat="46.955815" lon="6.825046"><ele>497.25</ele></trkpt>
   <trkpt lat="46.956064" lon="6.825321"><ele>497.25</ele></trkpt>
   <trkpt lat="46.956209" lon="6.825494"><ele>497</ele></trkpt>
   <trkpt lat="46.956345" lon="6.825669"><ele>496.75</ele></trkpt>
   <trkpt lat="46.956587" lon="6.826012"><ele>496</ele></trkpt>
   <trkpt lat="46.956709" lon="6.826203"><ele>495.75</ele></trkpt>
   <trkpt lat="46.956924" lon="6.826573"><ele>495.25</ele></trkpt>
   <trkpt lat="46.95712" lon="6.826957"><ele>495</ele></trkpt>
   <trkpt lat="46.957208" lon="6.827146"><ele>495.75</ele></trkpt>
   <trkpt lat="46.957368" lon="6.827526"><ele>495.5</ele></trkpt>
   <trkpt lat="46.957457" lon="6.827763"><ele>494</ele></trkpt>
   <trkpt lat="46.957533" lon="6.827982"><ele>493.5</ele></trkpt>
   <trkpt lat="46.957658" lon="6.82838"><ele>493.25</ele></trkpt>
   <trkpt lat="46.957833" lon="6.829009"><ele>493.25</ele></trkpt>
   <trkpt lat="46.958422" lon="6.831218"><ele>493.25</ele></trkpt>
   <trkpt lat="46.958741" lon="6.832416"><ele>493.25</ele></trkpt>
   <trkpt lat="46.959058" lon="6.833579"><ele>491.25</ele></trkpt>
   <trkpt lat="46.959181" lon="6.833983"><ele>491.25</ele></trkpt>
   <trkpt lat="46.959286" lon="6.834292"><ele>491.5</ele></trkpt>
   <trkpt lat="46.959387" lon="6.834571"><ele>491</ele></trkpt>
   <trkpt lat="46.959545" lon="6.834971"><ele>491.5</ele></trkpt>
   <trkpt lat="46.959678" lon="6.835281"><ele>491</ele></trkpt>
   <trkpt lat="46.959845" lon="6.835641"><ele>491.75</ele></trkpt>
   <trkpt lat="46.960047" lon="6.836035"><ele>491.5</ele></trkpt>
   <trkpt lat="46.960148" lon="6.836222"><ele>491.75</ele></trkpt>
   <trkpt lat="46.960361" lon="6.836589"><ele>492</ele></trkpt>
   <trkpt lat="46.960634" lon="6.837019"><ele>490.75</ele></trkpt>
   <trkpt lat="46.96157" lon="6.838401"><ele>491.5</ele></trkpt>
   <trkpt lat="46.961801" lon="6.838783"><ele>485.75</ele></trkpt>
   <trkpt lat="46.962049" lon="6.839248"><ele>483.5</ele></trkpt>
   <trkpt lat="46.962271" lon="6.839742"><ele>485</ele></trkpt>
   <trkpt lat="46.962359" lon="6.839959"><ele>482.75</ele></trkpt>
   <trkpt lat="46.962462" lon="6.840237"><ele>486.75</ele></trkpt>
   <trkpt lat="46.962549" lon="6.840493"><ele>485.5</ele></trkpt>
   <trkpt lat="46.96265" lon="6.840821"><ele>484</ele></trkpt>
   <trkpt lat="46.962864" lon="6.841604"><ele>488.25</ele></trkpt>
   <trkpt lat="46.963031" lon="6.84222"><ele>490</ele></trkpt>
   <trkpt lat="46.963119" lon="6.842538"><ele>492</ele></trkpt>
   <trkpt lat="46.96325" lon="6.842962"><ele>492.75</ele></trkpt>
   <trkpt lat="46.963368" lon="6.843301"><ele>493</ele></trkpt>
   <trkpt lat="46.963504" lon="6.84364"><ele>495</ele></trkpt>
   <trkpt lat="46.963617" lon="6.84389"><ele>492</ele></trkpt>
   <trkpt lat="46.963758" lon="6.84417"><ele>496.25</ele></trkpt>
   <trkpt lat="46.963862" lon="6.844365"><ele>494</ele></trkpt>
   <trkpt lat="46.964082" lon="6.844726"><ele>494.75</ele></trkpt>
   <trkpt lat="46.964325" lon="6.845074"><ele>495.75</ele></trkpt>
   <trkpt lat="46.964435" lon="6.845215"><ele>493.25</ele></trkpt>
   <trkpt lat="46.96471" lon="6.845538"><ele>492.25</ele></trkpt>
   <trkpt lat="46.964861" lon="6.845711"><ele>493</ele></trkpt>
   <trkpt lat="46.965274" lon="6.846211"><ele>491</ele></trkpt>
   <trkpt lat="46.965309" lon="6.84625"><ele>491</ele></trkpt>
   <trkpt lat="46.965466" lon="6.846423"><ele>490.75</ele></trkpt>
   <trkpt lat="46.967246" lon="6.848335"><ele>489.75</ele></trkpt>
   <trkpt lat="46.967578" lon="6.848709"><ele>490</ele></trkpt>
   <trkpt lat="46.967775" lon="6.84895"><ele>489.75</ele></trkpt>
   <trkpt lat="46.967981" lon="6.849227"><ele>489.25</ele></trkpt>
   <trkpt lat="46.968077" lon="6.84937"><ele>488.5</ele></trkpt>
   <trkpt lat="46.968279" lon="6.849698"><ele>488.25</ele></trkpt>
   <trkpt lat="46.968365" lon="6.849853"><ele>486.5</ele></trkpt>
   <trkpt lat="46.96843" lon="6.849975"><ele>485.5</ele></trkpt>
   <trkpt lat="46.968626" lon="6.850385"><ele>487.5</ele></trkpt>
   <trkpt lat="46.96878" lon="6.850759"><ele>487.25</ele></trkpt>
   <trkpt lat="46.968868" lon="6.850998"><ele>488.75</ele></trkpt>
   <trkpt lat="46.968934" lon="6.851199"><ele>489</ele></trkpt>
   <trkpt lat="46.969059" lon="6.851625"><ele>488.25</ele></trkpt>
   <trkpt lat="46.969157" lon="6.85204"><ele>489.75</ele></trkpt>
   <trkpt lat="46.969202" lon="6.852262"><ele>490.5</ele></trkpt>
   <trkpt lat="46.969267" lon="6.852633"><ele>491.25</ele></trkpt>
   <trkpt lat="46.969394" lon="6.853411"><ele>491.25</ele></trkpt>
   <trkpt lat="46.969463" lon="6.853756"><ele>492</ele></trkpt>
   <trkpt lat="46.969547" lon="6.854096"><ele>492.75</ele></trkpt>
   <trkpt lat="46.969748" lon="6.85478"><ele>492</ele></trkpt>
   <trkpt lat="46.969754" lon="6.854799"><ele>492.25</ele></trkpt>
   <trkpt lat="46.969865" lon="6.855119"><ele>492.25</ele></trkpt>
   <trkpt lat="46.969977" lon="6.855386"><ele>492.75</ele></trkpt>
   <trkpt lat="46.970101" lon="6.855648"><ele>492</ele></trkpt>
   <trkpt lat="46.970334" lon="6.856108"><ele>492.75</ele></trkpt>
   <trkpt lat="46.970557" lon="6.856496"><ele>493</ele></trkpt>
   <trkpt lat="46.970884" lon="6.856995"><ele>493.25</ele></trkpt>
   <trkpt lat="46.97205" lon="6.858692"><ele>493.5</ele></trkpt>
   <trkpt lat="46.972291" lon="6.859056"><ele>492</ele></trkpt>
   <trkpt lat="46.972501" lon="6.859407"><ele>492.75</ele></trkpt>
   <trkpt lat="46.97269" lon="6.859758"><ele>489.5</ele></trkpt>
   <trkpt lat="46.972863" lon="6.860126"><ele>490</ele></trkpt>
   <trkpt lat="46.973153" lon="6.860884"><ele>491.5</ele></trkpt>
   <trkpt lat="46.973426" lon="6.861673"><ele>495.25</ele></trkpt>
   <trkpt lat="46.973571" lon="6.862068"><ele>495.5</ele></trkpt>
   <trkpt lat="46.973729" lon="6.86244"><ele>496.25</ele></trkpt>
   <trkpt lat="46.973814" lon="6.862622"><ele>496.5</ele></trkpt>
   <trkpt lat="46.973987" lon="6.862956"><ele>496.5</ele></trkpt>
   <trkpt lat="46.974187" lon="6.863296"><ele>496.5</ele></trkpt>
   <trkpt lat="46.974307" lon="6.863482"><ele>496.75</ele></trkpt>
   <trkpt lat="46.974528" lon="6.863789"><ele>496.75</ele></trkpt>
   <trkpt lat="46.974769" lon="6.864086"><ele>496.5</ele></trkpt>
   <trkpt lat="46.975034" lon="6.864364"><ele>496.5</ele></trkpt>
   <trkpt lat="46.975301" lon="6.864607"><ele>496.25</ele></trkpt>
   <trkpt lat="46.975589" lon="6.864845"><ele>497</ele></trkpt>
   <trkpt lat="46.976188" lon="6.865316"><ele>498.25</ele></trkpt>
   <trkpt lat="46.976477" lon="6.865571"><ele>498</ele></trkpt>
   <trkpt lat="46.976742" lon="6.865849"><ele>497.75</ele></trkpt>
   <trkpt lat="46.976985" lon="6.866133"><ele>496.75</ele></trkpt>
   <trkpt lat="46.977289" lon="6.866559"><ele>495.5</ele></trkpt>
   <trkpt lat="46.977437" lon="6.866797"><ele>495.75</ele></trkpt>
   <trkpt lat="46.977578" lon="6.867044"><ele>494.5</ele></trkpt>
   <trkpt lat="46.977752" lon="6.867385"><ele>496</ele></trkpt>
   <trkpt lat="46.97791" lon="6.867739"><ele>494.25</ele></trkpt>
   <trkpt lat="46.978059" lon="6.868125"><ele>496.25</ele></trkpt>
   <trkpt lat="46.97813" lon="6.868331"><ele>495.25</ele></trkpt>
   <trkpt lat="46.978228" lon="6.868643"><ele>494.5</ele></trkpt>
   <trkpt lat="46.978344" lon="6.869081"><ele>496.25</ele></trkpt>
   <trkpt lat="46.978433" lon="6.869499"><ele>499</ele></trkpt>
   <trkpt lat="46.978483" lon="6.869764"><ele>499</ele></trkpt>
   <trkpt lat="46.978656" lon="6.870758"><ele>496.5</ele></trkpt>
   <trkpt lat="46.978761" lon="6.871368"><ele>498.25</ele></trkpt>
   <trkpt lat="46.978778" lon="6.871466"><ele>497.5</ele></trkpt>
   <trkpt lat="46.978881" lon="6.872066"><ele>494.25</ele></trkpt>
   <trkpt lat="46.979094" lon="6.873312"><ele>492</ele></trkpt>
   <trkpt lat="46.979221" lon="6.874027"><ele>492.75</ele></trkpt>
   <trkpt lat="46.979254" lon="6.87422"><ele>492.25</ele></trkpt>
   <trkpt lat="46.979464" lon="6.875402"><ele>492.75</ele></trkpt>
   <trkpt lat="46.979575" lon="6.876063"><ele>494.25</ele></trkpt>
   <trkpt lat="46.979632" lon="6.876455"><ele>493.25</ele></trkpt>
   <trkpt lat="46.979708" lon="6.877109"><ele>491.75</ele></trkpt>
   <trkpt lat="46.979749" lon="6.877591"><ele>492.75</ele></trkpt>
   <trkpt lat="46.979767" lon="6.877897"><ele>493</ele></trkpt>
   <trkpt lat="46.97979" lon="6.878478"><ele>493</ele></trkpt>
   <trkpt lat="46.979789" lon="6.879227"><ele>492.75</ele></trkpt>
   <trkpt lat="46.979747" lon="6.880663"><ele>492.25</ele></trkpt>
   <trkpt lat="46.979739" lon="6.880921"><ele>492.25</ele></trkpt>
   <trkpt lat="46.979724" lon="6.881264"><ele>491.25</ele></trkpt>
   <trkpt lat="46.979658" lon="6.882394"><ele>491</ele></trkpt>
   <trkpt lat="46.979646" lon="6.882813"><ele>490.25</ele></trkpt>
   <trkpt lat="46.979646" lon="6.883181"><ele>489.5</ele></trkpt>
   <trkpt lat="46.979655" lon="6.883475"><ele>489</ele></trkpt>
   <trkpt lat="46.979683" lon="6.88399"><ele>488.25</ele></trkpt>
   <trkpt lat="46.979733" lon="6.884511"><ele>488.75</ele></trkpt>
   <trkpt lat="46.979801" lon="6.885029"><ele>487.5</ele></trkpt>
   <trkpt lat="46.979891" lon="6.885535"><ele>488.5</ele></trkpt>
   <trkpt lat="46.979933" lon="6.885734"><ele>487.25</ele></trkpt>
   <trkpt lat="46.980004" lon="6.886039"><ele>488</ele></trkpt>
   <trkpt lat="46.980138" lon="6.886524"><ele>488.5</ele></trkpt>
   <trkpt lat="46.98044" lon="6.887476"><ele>488.25</ele></trkpt>
   <trkpt lat="46.980571" lon="6.887911"><ele>486</ele></trkpt>
   <trkpt lat="46.980704" lon="6.88847"><ele>481</ele></trkpt>
   <trkpt lat="46.980766" lon="6.888791"><ele>483.25</ele></trkpt>
   <trkpt lat="46.981016" lon="6.890313"><ele>484</ele></trkpt>
   <trkpt lat="46.981079" lon="6.890622"><ele>483.75</ele></trkpt>
   <trkpt lat="46.981145" lon="6.890928"><ele>483.5</ele></trkpt>
   <trkpt lat="46.981767" lon="6.893471"><ele>480</ele></trkpt>
   <trkpt lat="46.981867" lon="6.893946"><ele>479.75</ele></trkpt>
   <trkpt lat="46.981939" lon="6.894421"><ele>480.75</ele></trkpt>
   <trkpt lat="46.981997" lon="6.894931"><ele>480.5</ele></trkpt>
   <trkpt lat="46.982032" lon="6.895395"><ele>479.25</ele></trkpt>
   <trkpt lat="46.982098" lon="6.89651"><ele>477.75</ele></trkpt>
   <trkpt lat="46.982163" lon="6.897412"><ele>478.5</ele></trkpt>
   <trkpt lat="46.982194" lon="6.897742"><ele>478.5</ele></trkpt>
   <trkpt lat="46.982273" lon="6.898376"><ele>478.75</ele></trkpt>
   <trkpt lat="46.982365" lon="6.898962"><ele>476.25</ele></trkpt>
   <trkpt lat="46.982474" lon="6.899529"><ele>476.25</ele></trkpt>
   <trkpt lat="46.982544" lon="6.899851"><ele>476.5</ele></trkpt>
   <trkpt lat="46.982601" lon="6.900104"><ele>475.5</ele></trkpt>
   <trkpt lat="46.982733" lon="6.900612"><ele>475.5</ele></trkpt>
   <trkpt lat="46.982856" lon="6.901004"><ele>474.75</ele></trkpt>
   <trkpt lat="46.983017" lon="6.901466"><ele>474.75</ele></trkpt>
   <trkpt lat="46.983219" lon="6.901949"><ele>470</ele></trkpt>
   <trkpt lat="46.983699" lon="6.903006"><ele>470.75</ele></trkpt>
   <trkpt lat="46.983893" lon="6.903438"><ele>475.25</ele></trkpt>
   <trkpt lat="46.983949" lon="6.903562"><ele>475.75</ele></trkpt>
   <trkpt lat="46.984289" lon="6.904321"><ele>476.5</ele></trkpt>
   <trkpt lat="46.984407" lon="6.90462"><ele>475.25</ele></trkpt>
   <trkpt lat="46.984506" lon="6.904881"><ele>475.75</ele></trkpt>
   <trkpt lat="46.9847" lon="6.905429"><ele>475.25</ele></trkpt>
   <trkpt lat="46.984958" lon="6.906203"><ele>475.5</ele></trkpt>
   <trkpt lat="46.985278" lon="6.907165"><ele>475.25</ele></trkpt>
   <trkpt lat="46.985321" lon="6.907293"><ele>476.25</ele></trkpt>
   <trkpt lat="46.985362" lon="6.907415"><ele>477</ele></trkpt>
   <trkpt lat="46.985522" lon="6.907897"><ele>476.25</ele></trkpt>
   <trkpt lat="46.98597" lon="6.909223"><ele>475.25</ele></trkpt>
   <trkpt lat="46.986435" lon="6.910545"><ele>476</ele></trkpt>
   <trkpt lat="46.986443" lon="6.910568"><ele>476</ele></trkpt>
   <trkpt lat="46.987247" lon="6.912827"><ele>476.25</ele></trkpt>
   <trkpt lat="46.987249" lon="6.912835"><ele>476.25</ele></trkpt>
   <trkpt lat="46.987388" lon="6.913197"><ele>477</ele></trkpt>
   <trkpt lat="46.98739" lon="6.913202"><ele>477</ele></trkpt>
   <trkpt lat="46.987521" lon="6.913506"><ele>476.25</ele></trkpt>
   <trkpt lat="46.987672" lon="6.913806"><ele>476.75</ele></trkpt>
   <trkpt lat="46.987852" lon="6.914116"><ele>478.5</ele></trkpt>
   <trkpt lat="46.988034" lon="6.914388"><ele>477.25</ele></trkpt>
   <trkpt lat="46.988225" lon="6.914632"><ele>478.75</ele></trkpt>
   <trkpt lat="46.98861" lon="6.915025"><ele>476.5</ele></trkpt>
   <trkpt lat="46.988826" lon="6.915202"><ele>480.75</ele></trkpt>
   <trkpt lat="46.98905" lon="6.915351"><ele>483.75</ele></trkpt>
   <trkpt lat="46.989257" lon="6.915477"><ele>488.75</ele></trkpt>
   <trkpt lat="46.989742" lon="6.915772"><ele>484</ele></trkpt>
   <trkpt lat="46.989895" lon="6.915873"><ele>479.5</ele></trkpt>
   <trkpt lat="46.990086" lon="6.916012"><ele>474.25</ele></trkpt>
   <trkpt lat="46.990202" lon="6.916112"><ele>471</ele></trkpt>
   <trkpt lat="46.990304" lon="6.916201"><ele>471</ele></trkpt>
   <trkpt lat="46.990483" lon="6.916389"><ele>471</ele></trkpt>
   <trkpt lat="46.990544" lon="6.916462"><ele>471.25</ele></trkpt>
   <trkpt lat="46.990706" lon="6.916657"><ele>471.25</ele></trkpt>
   <trkpt lat="46.990859" lon="6.916879"><ele>472</ele></trkpt>
   <trkpt lat="46.991031" lon="6.91716"><ele>471.5</ele></trkpt>
   <trkpt lat="46.991188" lon="6.917456"><ele>471.75</ele></trkpt>
   <trkpt lat="46.991337" lon="6.917784"><ele>472</ele></trkpt>
   <trkpt lat="46.991408" lon="6.917956"><ele>473.25</ele></trkpt>
   <trkpt lat="46.991483" lon="6.918158"><ele>473.25</ele></trkpt>
   <trkpt lat="46.991586" lon="6.918471"><ele>473.5</ele></trkpt>
   <trkpt lat="46.992412" lon="6.921249"><ele>475</ele></trkpt>
   <trkpt lat="46.992545" lon="6.921736"><ele>476</ele></trkpt>
   <trkpt lat="46.992691" lon="6.922334"><ele>475.25</ele></trkpt>
   <trkpt lat="46.992979" lon="6.923595"><ele>475.25</ele></trkpt>
   <trkpt lat="46.992994" lon="6.923659"><ele>475.5</ele></trkpt>
   <trkpt lat="46.99314" lon="6.924282"><ele>476.75</ele></trkpt>
   <trkpt lat="46.993286" lon="6.924819"><ele>474.5</ele></trkpt>
   <trkpt lat="46.993623" lon="6.925972"><ele>476.75</ele></trkpt>
   <trkpt lat="46.99379" lon="6.92658"><ele>474.5</ele></trkpt>
   <trkpt lat="46.993935" lon="6.927151"><ele>475.75</ele></trkpt>
   <trkpt lat="46.9941" lon="6.927801"><ele>475.75</ele></trkpt>
   <trkpt lat="46.994166" lon="6.928023"><ele>477</ele></trkpt>
   <trkpt lat="46.994228" lon="6.928206"><ele>476.25</ele></trkpt>
   <trkpt lat="46.994372" lon="6.928583"><ele>475.75</ele></trkpt>
   <trkpt lat="46.994645" lon="6.929171"><ele>475.25</ele></trkpt>
   <trkpt lat="46.994762" lon="6.929414"><ele>476.5</ele></trkpt>
   <trkpt lat="46.994861" lon="6.92963"><ele>475.75</ele></trkpt>
   <trkpt lat="46.99495" lon="6.929843"><ele>477.25</ele></trkpt>
   <trkpt lat="46.994985" lon="6.929933"><ele>478.5</ele></trkpt>
   <trkpt lat="46.995023" lon="6.930037"><ele>478.5</ele></trkpt>
   <trkpt lat="46.995122" lon="6.930309"><ele>476.5</ele></trkpt>
   <trkpt lat="46.995205" lon="6.930548"><ele>477</ele></trkpt>
   <trkpt lat="46.995488" lon="6.931361"><ele>478</ele></trkpt>
   <trkpt lat="46.995543" lon="6.93152"><ele>479</ele></trkpt>
   <trkpt lat="46.995582" lon="6.931635"><ele>479.25</ele></trkpt>
   <trkpt lat="46.995618" lon="6.931743"><ele>479.25</ele></trkpt>
   <trkpt lat="46.995675" lon="6.931904"><ele>479.25</ele></trkpt>
   <trkpt lat="46.995792" lon="6.932292"><ele>479.5</ele></trkpt>
   <trkpt lat="46.995834" lon="6.93247"><ele>479</ele></trkpt>
   <trkpt lat="46.995891" lon="6.932667"><ele>479</ele></trkpt>
   <trkpt lat="46.995916" lon="6.932749"><ele>479.25</ele></trkpt>
   <trkpt lat="46.996059" lon="6.93336"><ele>478</ele></trkpt>
   <trkpt lat="46.996199" lon="6.93388"><ele>477.5</ele></trkpt>
   <trkpt lat="46.996371" lon="6.934457"><ele>478.75</ele></trkpt>
   <trkpt lat="46.996814" lon="6.935769"><ele>479</ele></trkpt>
   <trkpt lat="46.997103" lon="6.936591"><ele>479.25</ele></trkpt>
   <trkpt lat="46.997211" lon="6.936905"><ele>479</ele></trkpt>
   <trkpt lat="46.997517" lon="6.937788"><ele>479</ele></trkpt>
   <trkpt lat="46.997743" lon="6.938436"><ele>478.75</ele></trkpt>
   <trkpt lat="46.999221" lon="6.942734"><ele>479</ele></trkpt>
   <trkpt lat="46.999323" lon="6.942988"><ele>476.5</ele></trkpt>
   <trkpt lat="46.999498" lon="6.943367"><ele>477.5</ele></trkpt>
   <trkpt lat="46.999621" lon="6.943634"><ele>476.5</ele></trkpt>
   <trkpt lat="46.99982" lon="6.944067"><ele>476.75</ele></trkpt>
   <trkpt lat="46.999979" lon="6.94441"><ele>479.25</ele></trkpt>
   <trkpt lat="47.00005" lon="6.944592"><ele>479</ele></trkpt>
   <trkpt lat="47.000055" lon="6.944608"><ele>479</ele></trkpt>
   <trkpt lat="47.000224" lon="6.945103"><ele>480.25</ele></trkpt>
   <trkpt lat="47.000284" lon="6.945257"><ele>479</ele></trkpt>
   <trkpt lat="47.000364" lon="6.945438"><ele>479.75</ele></trkpt>
   <trkpt lat="47.00043" lon="6.945587"><ele>480</ele></trkpt>
   <trkpt lat="47.000495" lon="6.945757"><ele>480.25</ele></trkpt>
   <trkpt lat="47.00055" lon="6.94591"><ele>479</ele></trkpt>
   <trkpt lat="47.000588" lon="6.946016"><ele>479</ele></trkpt>
   <trkpt lat="47.000738" lon="6.946455"><ele>479.25</ele></trkpt>
   <trkpt lat="47.000817" lon="6.94666"><ele>479.25</ele></trkpt>
   <trkpt lat="47.000919" lon="6.946986"><ele>479</ele></trkpt>
   <trkpt lat="47.000939" lon="6.947054"><ele>479</ele></trkpt>
   <trkpt lat="47.001475" lon="6.948936"><ele>479</ele></trkpt>
   <trkpt lat="47.001812" lon="6.95023"><ele>477.75</ele></trkpt>
   <trkpt lat="47.001995" lon="6.950897"><ele>478.25</ele></trkpt>
   <trkpt lat="47.002254" lon="6.951801"><ele>479.25</ele></trkpt>
   <trkpt lat="47.002384" lon="6.952255"><ele>478</ele></trkpt>
   <trkpt lat="47.002568" lon="6.952855"><ele>479</ele></trkpt>
   <trkpt lat="47.002769" lon="6.953442"><ele>479.75</ele></trkpt>
   <trkpt lat="47.002988" lon="6.954016"><ele>478.75</ele></trkpt>
   <trkpt lat="47.003233" lon="6.954599"><ele>478</ele></trkpt>
   <trkpt lat="47.003495" lon="6.955166"><ele>480.5</ele></trkpt>
   <trkpt lat="47.003706" lon="6.95559"><ele>480.25</ele></trkpt>
   <trkpt lat="47.003932" lon="6.955999"><ele>481</ele></trkpt>
   <trkpt lat="47.004173" lon="6.956389"><ele>481</ele></trkpt>
   <trkpt lat="47.004325" lon="6.956613"><ele>480.5</ele></trkpt>
   <trkpt lat="47.004379" lon="6.956692"><ele>480.25</ele></trkpt>
   <trkpt lat="47.004794" lon="6.957286"><ele>480.25</ele></trkpt>
   <trkpt lat="47.005062" lon="6.957689"><ele>480</ele></trkpt>
   <trkpt lat="47.00521" lon="6.957927"><ele>479.75</ele></trkpt>
   <trkpt lat="47.005403" lon="6.958252"><ele>479.5</ele></trkpt>
   <trkpt lat="47.005624" lon="6.958659"><ele>477.25</ele></trkpt>
   <trkpt lat="47.005903" lon="6.959223"><ele>478.25</ele></trkpt>
   <trkpt lat="47.005963" lon="6.959359"><ele>477</ele></trkpt>
   <trkpt lat="47.006078" lon="6.95961"><ele>478.5</ele></trkpt>
   <trkpt lat="47.007793" lon="6.96364"><ele>474.75</ele></trkpt>
   <trkpt lat="47.008045" lon="6.964231"><ele>472.25</ele></trkpt>
   <trkpt lat="47.008055" lon="6.964255"><ele>472.25</ele></trkpt>
   <trkpt lat="47.008121" lon="6.964407"><ele>471.75</ele></trkpt>
   <trkpt lat="47.009189" lon="6.966924"><ele>471.75</ele></trkpt>
   <trkpt lat="47.009343" lon="6.967305"><ele>471.5</ele></trkpt>
   <trkpt lat="47.009476" lon="6.967653"><ele>471</ele></trkpt>
   <trkpt lat="47.009807" lon="6.968625"><ele>470.5</ele></trkpt>
   <trkpt lat="47.010052" lon="6.969353"><ele>470.25</ele></trkpt>
   <trkpt lat="47.010242" lon="6.969874"><ele>469.25</ele></trkpt>
   <trkpt lat="47.010405" lon="6.970282"><ele>469</ele></trkpt>
   <trkpt lat="47.01129" lon="6.972415"><ele>468.25</ele></trkpt>
   <trkpt lat="47.011685" lon="6.973436"><ele>465.25</ele></trkpt>
   <trkpt lat="47.011728" lon="6.973554"><ele>465.5</ele></trkpt>
   <trkpt lat="47.011948" lon="6.974166"><ele>466</ele></trkpt>
   <trkpt lat="47.012722" lon="6.976374"><ele>463.5</ele></trkpt>
   <trkpt lat="47.012864" lon="6.976755"><ele>461.75</ele></trkpt>
   <trkpt lat="47.013024" lon="6.977155"><ele>459.25</ele></trkpt>
   <trkpt lat="47.013145" lon="6.977439"><ele>461.5</ele></trkpt>
   <trkpt lat="47.013634" lon="6.978505"><ele>463.75</ele></trkpt>
   <trkpt lat="47.013768" lon="6.978812"><ele>462.5</ele></trkpt>
   <trkpt lat="47.013932" lon="6.979219"><ele>464.25</ele></trkpt>
   <trkpt lat="47.014078" lon="6.979628"><ele>464</ele></trkpt>
   <trkpt lat="47.014156" lon="6.979876"><ele>463.75</ele></trkpt>
   <trkpt lat="47.014235" lon="6.980157"><ele>465</ele></trkpt>
   <trkpt lat="47.014352" lon="6.980653"><ele>464</ele></trkpt>
   <trkpt lat="47.014633" lon="6.982064"><ele>463.5</ele></trkpt>
   <trkpt lat="47.014994" lon="6.983902"><ele>463.5</ele></trkpt>
   <trkpt lat="47.015036" lon="6.984121"><ele>460.5</ele></trkpt>
   <trkpt lat="47.015173" lon="6.984775"><ele>459.5</ele></trkpt>
   <trkpt lat="47.015286" lon="6.985329"><ele>463.5</ele></trkpt>
   <trkpt lat="47.01551" lon="6.986371"><ele>463</ele></trkpt>
   <trkpt lat="47.015567" lon="6.986627"><ele>464</ele></trkpt>
   <trkpt lat="47.015707" lon="6.987168"><ele>462.75</ele></trkpt>
   <trkpt lat="47.015769" lon="6.987377"><ele>463.5</ele></trkpt>
   <trkpt lat="47.015871" lon="6.987686"><ele>465</ele></trkpt>
   <trkpt lat="47.016065" lon="6.988195"><ele>464.25</ele></trkpt>
   <trkpt lat="47.016617" lon="6.989479"><ele>467.25</ele></trkpt>
   <trkpt lat="47.016621" lon="6.989489"><ele>467.25</ele></trkpt>
   <trkpt lat="47.016626" lon="6.9895"><ele>467.25</ele></trkpt>
   <trkpt lat="47.017036" lon="6.990468"><ele>471.25</ele></trkpt>
   <trkpt lat="47.017802" lon="6.99221"><ele>469</ele></trkpt>
   <trkpt lat="47.018027" lon="6.992656"><ele>462.25</ele></trkpt>
   <trkpt lat="47.018321" lon="6.993145"><ele>460.5</ele></trkpt>
   <trkpt lat="47.019064" lon="6.994232"><ele>460.25</ele></trkpt>
   <trkpt lat="47.019257" lon="6.994546"><ele>462</ele></trkpt>
   <trkpt lat="47.019516" lon="6.994996"><ele>462.25</ele></trkpt>
   <trkpt lat="47.020054" lon="6.99596"><ele>459.25</ele></trkpt>
   <trkpt lat="47.020148" lon="6.996121"><ele>459.5</ele></trkpt>
   <trkpt lat="47.020642" lon="6.996965"><ele>460.5</ele></trkpt>
   <trkpt lat="47.021844" lon="6.998902"><ele>456.5</ele></trkpt>
   <trkpt lat="47.022362" lon="6.999748"><ele>454</ele></trkpt>
   <trkpt lat="47.022563" lon="7.000133"><ele>453.5</ele></trkpt>
   <trkpt lat="47.022766" lon="7.000548"><ele>454.5</ele></trkpt>
   <trkpt lat="47.023156" lon="7.001373"><ele>454.5</ele></trkpt>
   <trkpt lat="47.023289" lon="7.00162"><ele>454.5</ele></trkpt>
   <trkpt lat="47.023412" lon="7.001825"><ele>456.25</ele></trkpt>
   <trkpt lat="47.02355" lon="7.002046"><ele>454.25</ele></trkpt>
   <trkpt lat="47.023763" lon="7.002356"><ele>453.5</ele></trkpt>
   <trkpt lat="47.023979" lon="7.002629"><ele>452.25</ele></trkpt>
   <trkpt lat="47.024292" lon="7.002987"><ele>451.5</ele></trkpt>
   <trkpt lat="47.02586" lon="7.004724"><ele>449.75</ele></trkpt>
   <trkpt lat="47.025934" lon="7.004805"><ele>448.75</ele></trkpt>
   <trkpt lat="47.026015" lon="7.004892"><ele>448.5</ele></trkpt>
   <trkpt lat="47.026362" lon="7.005236"><ele>448.5</ele></trkpt>
   <trkpt lat="47.026476" lon="7.005339"><ele>448.75</ele></trkpt>
   <trkpt lat="47.026739" lon="7.005555"><ele>449</ele></trkpt>
   <trkpt lat="47.026931" lon="7.005701"><ele>447.75</ele></trkpt>
   <trkpt lat="47.028209" lon="7.006622"><ele>447.75</ele></trkpt>
   <trkpt lat="47.028564" lon="7.006888"><ele>446.5</ele></trkpt>
   <trkpt lat="47.028814" lon="7.007099"><ele>445.25</ele></trkpt>
   <trkpt lat="47.028978" lon="7.007255"><ele>446</ele></trkpt>
   <trkpt lat="47.02927" lon="7.007568"><ele>446</ele></trkpt>
   <trkpt lat="47.029444" lon="7.007775"><ele>446</ele></trkpt>
   <trkpt lat="47.029871" lon="7.008313"><ele>445</ele></trkpt>
   <trkpt lat="47.030183" lon="7.008692"><ele>445.75</ele></trkpt>
   <trkpt lat="47.030363" lon="7.008888"><ele>445.75</ele></trkpt>
   <trkpt lat="47.031588" lon="7.010052"><ele>443</ele></trkpt>
   <trkpt lat="47.031891" lon="7.010357"><ele>441.5</ele></trkpt>
   <trkpt lat="47.03216" lon="7.010653"><ele>441.25</ele></trkpt>
   <trkpt lat="47.032576" lon="7.011188"><ele>440.5</ele></trkpt>
   <trkpt lat="47.032734" lon="7.011417"><ele>440</ele></trkpt>
   <trkpt lat="47.032942" lon="7.011743"><ele>439.5</ele></trkpt>
   <trkpt lat="47.0332" lon="7.012205"><ele>439.5</ele></trkpt>
   <trkpt lat="47.033454" lon="7.012694"><ele>440.75</ele></trkpt>
   <trkpt lat="47.034314" lon="7.014439"><ele>438</ele></trkpt>
   <trkpt lat="47.034624" lon="7.01507"><ele>437.75</ele></trkpt>
   <trkpt lat="47.03481" lon="7.015477"><ele>437.5</ele></trkpt>
   <trkpt lat="47.03506" lon="7.016087"><ele>434.25</ele></trkpt>
   <trkpt lat="47.035149" lon="7.016322"><ele>434.5</ele></trkpt>
   <trkpt lat="47.03524" lon="7.016574"><ele>436.75</ele></trkpt>
   <trkpt lat="47.035381" lon="7.016999"><ele>436.5</ele></trkpt>
   <trkpt lat="47.035478" lon="7.017313"><ele>436.75</ele></trkpt>
   <trkpt lat="47.035587" lon="7.017696"><ele>437</ele></trkpt>
   <trkpt lat="47.035878" lon="7.018789"><ele>436</ele></trkpt>
   <trkpt lat="47.035904" lon="7.01889"><ele>435.5</ele></trkpt>
   <trkpt lat="47.036154" lon="7.019832"><ele>435.75</ele></trkpt>
   <trkpt lat="47.036261" lon="7.020207"><ele>435.25</ele></trkpt>
   <trkpt lat="47.036342" lon="7.020455"><ele>435.5</ele></trkpt>
   <trkpt lat="47.036422" lon="7.020684"><ele>435.5</ele></trkpt>
   <trkpt lat="47.036507" lon="7.020901"><ele>435.25</ele></trkpt>
   <trkpt lat="47.036687" lon="7.021311"><ele>435.25</ele></trkpt>
   <trkpt lat="47.036815" lon="7.021565"><ele>435</ele></trkpt>
   <trkpt lat="47.036823" lon="7.021581"><ele>435</ele></trkpt>
   <trkpt lat="47.036952" lon="7.021818"><ele>435</ele></trkpt>
   <trkpt lat="47.037103" lon="7.022068"><ele>435</ele></trkpt>
   <trkpt lat="47.037304" lon="7.022348"><ele>435</ele></trkpt>
   <trkpt lat="47.037418" lon="7.022497"><ele>435</ele></trkpt>
   <trkpt lat="47.037617" lon="7.022736"><ele>435</ele></trkpt>
   <trkpt lat="47.037907" lon="7.023039"><ele>435</ele></trkpt>
   <trkpt lat="47.038159" lon="7.023258"><ele>435</ele></trkpt>
   <trkpt lat="47.038406" lon="7.023446"><ele>435</ele></trkpt>
   <trkpt lat="47.038653" lon="7.023607"><ele>435</ele></trkpt>
   <trkpt lat="47.039109" lon="7.023871"><ele>435</ele></trkpt>
   <trkpt lat="47.040004" lon="7.024364"><ele>434.5</ele></trkpt>
   <trkpt lat="47.040478" lon="7.024644"><ele>434.25</ele></trkpt>
   <trkpt lat="47.040778" lon="7.024853"><ele>434</ele></trkpt>
   <trkpt lat="47.041024" lon="7.025054"><ele>434</ele></trkpt>
   <trkpt lat="47.041178" lon="7.025192"><ele>434</ele></trkpt>
   <trkpt lat="47.041183" lon="7.025197"><ele>434</ele></trkpt>
   <trkpt lat="47.041316" lon="7.025328"><ele>434</ele></trkpt>
   <trkpt lat="47.041594" lon="7.025623"><ele>434</ele></trkpt>
   <trkpt lat="47.041855" lon="7.025937"><ele>434</ele></trkpt>
   <trkpt lat="47.042109" lon="7.026276"><ele>434</ele></trkpt>
   <trkpt lat="47.042348" lon="7.026633"><ele>434</ele></trkpt>
   <trkpt lat="47.042464" lon="7.026823"><ele>434</ele></trkpt>
   <trkpt lat="47.042573" lon="7.02701"><ele>434</ele></trkpt>
   <trkpt lat="47.043098" lon="7.02797"><ele>434.25</ele></trkpt>
   <trkpt lat="47.043232" lon="7.028216"><ele>434.5</ele></trkpt>
   <trkpt lat="47.044506" lon="7.030565"><ele>436.5</ele></trkpt>
   <trkpt lat="47.044775" lon="7.031036"><ele>436.75</ele></trkpt>
   <trkpt lat="47.044928" lon="7.031287"><ele>436.75</ele></trkpt>
   <trkpt lat="47.045117" lon="7.031579"><ele>436.75</ele></trkpt>
   <trkpt lat="47.045393" lon="7.031976"><ele>437.5</ele></trkpt>
   <trkpt lat="47.045652" lon="7.032318"><ele>438</ele></trkpt>
   <trkpt lat="47.045927" lon="7.032651"><ele>439</ele></trkpt>
   <trkpt lat="47.045966" lon="7.032696"><ele>439</ele></trkpt>
   <trkpt lat="47.049893" lon="7.037176"><ele>435.25</ele></trkpt>
   <trkpt lat="47.05048" lon="7.03786"><ele>434.75</ele></trkpt>
   <trkpt lat="47.050541" lon="7.037933"><ele>435</ele></trkpt>
   <trkpt lat="47.050559" lon="7.037954"><ele>435.25</ele></trkpt>
   <trkpt lat="47.051042" lon="7.038562"><ele>436</ele></trkpt>
   <trkpt lat="47.051364" lon="7.038985"><ele>436</ele></trkpt>
   <trkpt lat="47.051693" lon="7.039443"><ele>436</ele></trkpt>
   <trkpt lat="47.051836" lon="7.039654"><ele>435.5</ele></trkpt>
   <trkpt lat="47.052001" lon="7.0399"><ele>435.25</ele></trkpt>
   <trkpt lat="47.052317" lon="7.040402"><ele>434.75</ele></trkpt>
   <trkpt lat="47.052595" lon="7.04088"><ele>435</ele></trkpt>
   <trkpt lat="47.052818" lon="7.041298"><ele>435</ele></trkpt>
   <trkpt lat="47.052858" lon="7.041377"><ele>435.25</ele></trkpt>
   <trkpt lat="47.053031" lon="7.041727"><ele>434.75</ele></trkpt>
   <trkpt lat="47.053226" lon="7.04216"><ele>434.5</ele></trkpt>
   <trkpt lat="47.053393" lon="7.042561"><ele>435</ele></trkpt>
   <trkpt lat="47.053589" lon="7.043073"><ele>434.75</ele></trkpt>
   <trkpt lat="47.053725" lon="7.043465"><ele>435.5</ele></trkpt>
   <trkpt lat="47.054777" lon="7.046756"><ele>436</ele></trkpt>
   <trkpt lat="47.055014" lon="7.047509"><ele>436</ele></trkpt>
   <trkpt lat="47.055172" lon="7.04805"><ele>436.25</ele></trkpt>
   <trkpt lat="47.055347" lon="7.04869"><ele>436.75</ele></trkpt>
   <trkpt lat="47.055528" lon="7.049427"><ele>436</ele></trkpt>
   <trkpt lat="47.056593" lon="7.053864"><ele>436</ele></trkpt>
   <trkpt lat="47.056683" lon="7.054267"><ele>436</ele></trkpt>
   <trkpt lat="47.056749" lon="7.054602"><ele>436</ele></trkpt>
   <trkpt lat="47.056819" lon="7.055008"><ele>436</ele></trkpt>
   <trkpt lat="47.056882" lon="7.055443"><ele>436.25</ele></trkpt>
   <trkpt lat="47.056894" lon="7.055551"><ele>436.25</ele></trkpt>
   <trkpt lat="47.056931" lon="7.055889"><ele>435.75</ele></trkpt>
   <trkpt lat="47.056967" lon="7.056316"><ele>436</ele></trkpt>
   <trkpt lat="47.056992" lon="7.056732"><ele>435.75</ele></trkpt>
   <trkpt lat="47.057011" lon="7.057236"><ele>435.25</ele></trkpt>
   <trkpt lat="47.057" lon="7.05797"><ele>435</ele></trkpt>
   <trkpt lat="47.056936" lon="7.058861"><ele>435.75</ele></trkpt>
   <trkpt lat="47.056885" lon="7.059528"><ele>435</ele></trkpt>
   <trkpt lat="47.056877" lon="7.059662"><ele>434.5</ele></trkpt>
   <trkpt lat="47.056819" lon="7.060399"><ele>435</ele></trkpt>
   <trkpt lat="47.056794" lon="7.060655"><ele>435</ele></trkpt>
   <trkpt lat="47.056764" lon="7.061014"><ele>435.25</ele></trkpt>
   <trkpt lat="47.056734" lon="7.061554"><ele>434.25</ele></trkpt>
   <trkpt lat="47.056719" lon="7.061779"><ele>434.5</ele></trkpt>
   <trkpt lat="47.05671" lon="7.061892"><ele>435.75</ele></trkpt>
   <trkpt lat="47.056657" lon="7.062555"><ele>436.75</ele></trkpt>
   <trkpt lat="47.056631" lon="7.063051"><ele>436.75</ele></trkpt>
   <trkpt lat="47.056619" lon="7.063549"><ele>436.75</ele></trkpt>
   <trkpt lat="47.056621" lon="7.064073"><ele>437.75</ele></trkpt>
   <trkpt lat="47.056639" lon="7.064628"><ele>437.75</ele></trkpt>
   <trkpt lat="47.056679" lon="7.065237"><ele>437</ele></trkpt>
   <trkpt lat="47.056706" lon="7.065537"><ele>437</ele></trkpt>
   <trkpt lat="47.056743" lon="7.065805"><ele>437.25</ele></trkpt>
   <trkpt lat="47.056903" lon="7.06675"><ele>437.5</ele></trkpt>
   <trkpt lat="47.056956" lon="7.067103"><ele>437</ele></trkpt>
   <trkpt lat="47.05704" lon="7.067822"><ele>437.25</ele></trkpt>
   <trkpt lat="47.057086" lon="7.068092"><ele>437.25</ele></trkpt>
   <trkpt lat="47.057161" lon="7.068459"><ele>437</ele></trkpt>
   <trkpt lat="47.057708" lon="7.071301"><ele>436.5</ele></trkpt>
   <trkpt lat="47.057777" lon="7.071686"><ele>435.75</ele></trkpt>
   <trkpt lat="47.057786" lon="7.071737"><ele>435.75</ele></trkpt>
   <trkpt lat="47.057959" lon="7.072814"><ele>439</ele></trkpt>
   <trkpt lat="47.058157" lon="7.073812"><ele>435.5</ele></trkpt>
   <trkpt lat="47.058415" lon="7.075342"><ele>433.25</ele></trkpt>
   <trkpt lat="47.058943" lon="7.078054"><ele>434</ele></trkpt>
   <trkpt lat="47.059052" lon="7.078465"><ele>433.75</ele></trkpt>
   <trkpt lat="47.059152" lon="7.078776"><ele>433.75</ele></trkpt>
   <trkpt lat="47.059163" lon="7.078809"><ele>433.75</ele></trkpt>
   <trkpt lat="47.059174" lon="7.078842"><ele>434</ele></trkpt>
   <trkpt lat="47.059268" lon="7.079124"><ele>434</ele></trkpt>
   <trkpt lat="47.059348" lon="7.079334"><ele>433.75</ele></trkpt>
   <trkpt lat="47.060222" lon="7.081455"><ele>434</ele></trkpt>
   <trkpt lat="47.060416" lon="7.081959"><ele>433.75</ele></trkpt>
   <trkpt lat="47.060594" lon="7.082473"><ele>434</ele></trkpt>
   <trkpt lat="47.060749" lon="7.083003"><ele>433.25</ele></trkpt>
   <trkpt lat="47.060886" lon="7.08354"><ele>433.25</ele></trkpt>
   <trkpt lat="47.061001" lon="7.084071"><ele>434.5</ele></trkpt>
   <trkpt lat="47.061233" lon="7.085219"><ele>434.5</ele></trkpt>
   <trkpt lat="47.061324" lon="7.085705"><ele>434.25</ele></trkpt>
   <trkpt lat="47.0614" lon="7.086165"><ele>434.75</ele></trkpt>
   <trkpt lat="47.061453" lon="7.086561"><ele>434.5</ele></trkpt>
   <trkpt lat="47.061481" lon="7.08687"><ele>434.25</ele></trkpt>
   <trkpt lat="47.061504" lon="7.08722"><ele>433.25</ele></trkpt>
   <trkpt lat="47.061511" lon="7.087572"><ele>433.5</ele></trkpt>
   <trkpt lat="47.061497" lon="7.088272"><ele>433.75</ele></trkpt>
   <trkpt lat="47.061425" lon="7.089499"><ele>434.5</ele></trkpt>
   <trkpt lat="47.061417" lon="7.090385"><ele>434.25</ele></trkpt>
   <trkpt lat="47.061473" lon="7.091077"><ele>433.25</ele></trkpt>
   <trkpt lat="47.06161" lon="7.091944"><ele>433.25</ele></trkpt>
   <trkpt lat="47.061824" lon="7.092789"><ele>433.25</ele></trkpt>
   <trkpt lat="47.062217" lon="7.093879"><ele>433.75</ele></trkpt>
   <trkpt lat="47.062817" lon="7.09552"><ele>433.5</ele></trkpt>
   <trkpt lat="47.063841" lon="7.098319"><ele>432.5</ele></trkpt>
   <trkpt lat="47.064376" lon="7.099796"><ele>432.5</ele></trkpt>
   <trkpt lat="47.064561" lon="7.100336"><ele>433</ele></trkpt>
   <trkpt lat="47.066031" lon="7.10476"><ele>435.25</ele></trkpt>
   <trkpt lat="47.066284" lon="7.105557"><ele>435</ele></trkpt>
   <trkpt lat="47.066413" lon="7.105938"><ele>435</ele></trkpt>
   <trkpt lat="47.066551" lon="7.106308"><ele>435.25</ele></trkpt>
   <trkpt lat="47.066641" lon="7.106531"><ele>435.25</ele></trkpt>
   <trkpt lat="47.066731" lon="7.106731"><ele>435</ele></trkpt>
   <trkpt lat="47.066927" lon="7.10714"><ele>435</ele></trkpt>
   <trkpt lat="47.067651" lon="7.108518"><ele>434.75</ele></trkpt>
   <trkpt lat="47.067799" lon="7.108791"><ele>434.75</ele></trkpt>
   <trkpt lat="47.067961" lon="7.109068"><ele>435</ele></trkpt>
   <trkpt lat="47.068112" lon="7.10931"><ele>435</ele></trkpt>
   <trkpt lat="47.068318" lon="7.109607"><ele>434.5</ele></trkpt>
   <trkpt lat="47.06855" lon="7.10991"><ele>435</ele></trkpt>
   <trkpt lat="47.06877" lon="7.110162"><ele>435</ele></trkpt>
   <trkpt lat="47.068989" lon="7.1104"><ele>434.75</ele></trkpt>
   <trkpt lat="47.069906" lon="7.111343"><ele>434.25</ele></trkpt>
   <trkpt lat="47.07006" lon="7.111493"><ele>434.25</ele></trkpt>
   <trkpt lat="47.070318" lon="7.111719"><ele>434.5</ele></trkpt>
   <trkpt lat="47.070462" lon="7.111834"><ele>434.25</ele></trkpt>
   <trkpt lat="47.070742" lon="7.112034"><ele>434.5</ele></trkpt>
   <trkpt lat="47.071098" lon="7.112248"><ele>433.75</ele></trkpt>
   <trkpt lat="47.071561" lon="7.112476"><ele>434</ele></trkpt>
   <trkpt lat="47.073383" lon="7.113317"><ele>434.25</ele></trkpt>
   <trkpt lat="47.073693" lon="7.11347"><ele>434.25</ele></trkpt>
   <trkpt lat="47.073954" lon="7.113624"><ele>434.75</ele></trkpt>
   <trkpt lat="47.074098" lon="7.113716"><ele>434</ele></trkpt>
   <trkpt lat="47.07441" lon="7.113945"><ele>434</ele></trkpt>
   <trkpt lat="47.074574" lon="7.11408"><ele>433.25</ele></trkpt>
   <trkpt lat="47.074876" lon="7.114362"><ele>434</ele></trkpt>
   <trkpt lat="47.075017" lon="7.114511"><ele>434.5</ele></trkpt>
   <trkpt lat="47.075328" lon="7.114873"><ele>434</ele></trkpt>
   <trkpt lat="47.075482" lon="7.115076"><ele>433.5</ele></trkpt>
   <trkpt lat="47.075625" lon="7.11528"><ele>433.75</ele></trkpt>
   <trkpt lat="47.075819" lon="7.115579"><ele>433.75</ele></trkpt>
   <trkpt lat="47.076" lon="7.115894"><ele>433.5</ele></trkpt>
   <trkpt lat="47.076133" lon="7.11615"><ele>433.5</ele></trkpt>
   <trkpt lat="47.076245" lon="7.116383"><ele>432.75</ele></trkpt>
   <trkpt lat="47.076476" lon="7.116923"><ele>433.25</ele></trkpt>
   <trkpt lat="47.076792" lon="7.11778"><ele>433.25</ele></trkpt>
   <trkpt lat="47.077858" lon="7.120766"><ele>432.5</ele></trkpt>
   <trkpt lat="47.077968" lon="7.121075"><ele>432.75</ele></trkpt>
   <trkpt lat="47.07816" lon="7.1216"><ele>433</ele></trkpt>
   <trkpt lat="47.078342" lon="7.122068"><ele>433</ele></trkpt>
   <trkpt lat="47.078552" lon="7.122557"><ele>433.25</ele></trkpt>
   <trkpt lat="47.078777" lon="7.123035"><ele>434.5</ele></trkpt>
   <trkpt lat="47.079017" lon="7.12349"><ele>434.5</ele></trkpt>
   <trkpt lat="47.079256" lon="7.123925"><ele>435</ele></trkpt>
   <trkpt lat="47.079383" lon="7.12415"><ele>434.75</ele></trkpt>
   <trkpt lat="47.079548" lon="7.124463"><ele>435</ele></trkpt>
   <trkpt lat="47.07973" lon="7.124822"><ele>434.75</ele></trkpt>
   <trkpt lat="47.079813" lon="7.125001"><ele>435.5</ele></trkpt>
   <trkpt lat="47.080149" lon="7.125782"><ele>434.25</ele></trkpt>
   <trkpt lat="47.081401" lon="7.128838"><ele>433</ele></trkpt>
   <trkpt lat="47.081418" lon="7.128882"><ele>432.75</ele></trkpt>
   <trkpt lat="47.082209" lon="7.130823"><ele>433.75</ele></trkpt>
   <trkpt lat="47.082346" lon="7.131182"><ele>432.5</ele></trkpt>
   <trkpt lat="47.082551" lon="7.131773"><ele>432.75</ele></trkpt>
   <trkpt lat="47.082682" lon="7.132199"><ele>431.5</ele></trkpt>
   <trkpt lat="47.082768" lon="7.132501"><ele>433.75</ele></trkpt>
   <trkpt lat="47.083069" lon="7.133599"><ele>433</ele></trkpt>
   <trkpt lat="47.083173" lon="7.133959"><ele>432</ele></trkpt>
   <trkpt lat="47.08329" lon="7.134315"><ele>433.25</ele></trkpt>
   <trkpt lat="47.08343" lon="7.13468"><ele>433.25</ele></trkpt>
   <trkpt lat="47.083602" lon="7.13506"><ele>432.75</ele></trkpt>
   <trkpt lat="47.083638" lon="7.135133"><ele>432.5</ele></trkpt>
   <trkpt lat="47.083696" lon="7.135241"><ele>432.5</ele></trkpt>
   <trkpt lat="47.083837" lon="7.135507"><ele>433.25</ele></trkpt>
   <trkpt lat="47.084316" lon="7.136351"><ele>431.75</ele></trkpt>
   <trkpt lat="47.084554" lon="7.136796"><ele>432.25</ele></trkpt>
   <trkpt lat="47.084959" lon="7.137656"><ele>432.5</ele></trkpt>
   <trkpt lat="47.086404" lon="7.140777"><ele>434</ele></trkpt>
   <trkpt lat="47.086596" lon="7.141216"><ele>433.75</ele></trkpt>
   <trkpt lat="47.086883" lon="7.141917"><ele>434.25</ele></trkpt>
   <trkpt lat="47.087684" lon="7.144008"><ele>435.5</ele></trkpt>
   <trkpt lat="47.087783" lon="7.144247"><ele>435.5</ele></trkpt>
   <trkpt lat="47.088013" lon="7.144755"><ele>435.5</ele></trkpt>
   <trkpt lat="47.08827" lon="7.145261"><ele>434.75</ele></trkpt>
   <trkpt lat="47.088504" lon="7.145678"><ele>436</ele></trkpt>
   <trkpt lat="47.088828" lon="7.146193"><ele>434.5</ele></trkpt>
   <trkpt lat="47.089097" lon="7.146579"><ele>435</ele></trkpt>
   <trkpt lat="47.089965" lon="7.147715"><ele>435</ele></trkpt>
   <trkpt lat="47.090189" lon="7.148021"><ele>434.25</ele></trkpt>
   <trkpt lat="47.0904" lon="7.148353"><ele>434.25</ele></trkpt>
   <trkpt lat="47.090527" lon="7.148573"><ele>434</ele></trkpt>
   <trkpt lat="47.090641" lon="7.148792"><ele>433.5</ele></trkpt>
   <trkpt lat="47.090778" lon="7.149082"><ele>433.5</ele></trkpt>
   <trkpt lat="47.09097" lon="7.149521"><ele>432</ele></trkpt>
   <trkpt lat="47.09109" lon="7.149818"><ele>433.25</ele></trkpt>
   <trkpt lat="47.091323" lon="7.150422"><ele>433.5</ele></trkpt>
   <trkpt lat="47.091458" lon="7.150798"><ele>432.75</ele></trkpt>
   <trkpt lat="47.09166" lon="7.151405"><ele>432.75</ele></trkpt>
   <trkpt lat="47.091826" lon="7.151948"><ele>432.5</ele></trkpt>
   <trkpt lat="47.091933" lon="7.152337"><ele>432.75</ele></trkpt>
   <trkpt lat="47.092155" lon="7.153205"><ele>432.25</ele></trkpt>
   <trkpt lat="47.092216" lon="7.153406"><ele>431.5</ele></trkpt>
   <trkpt lat="47.09239" lon="7.153931"><ele>433</ele></trkpt>
   <trkpt lat="47.092546" lon="7.154359"><ele>432.75</ele></trkpt>
   <trkpt lat="47.092621" lon="7.154542"><ele>432.25</ele></trkpt>
   <trkpt lat="47.092644" lon="7.1546"><ele>432.5</ele></trkpt>
   <trkpt lat="47.092769" lon="7.154899"><ele>432.75</ele></trkpt>
   <trkpt lat="47.092962" lon="7.155328"><ele>433</ele></trkpt>
   <trkpt lat="47.093408" lon="7.15625"><ele>433.25</ele></trkpt>
   <trkpt lat="47.093765" lon="7.156979"><ele>433</ele></trkpt>
   <trkpt lat="47.093973" lon="7.157431"><ele>432.25</ele></trkpt>
   <trkpt lat="47.094194" lon="7.157944"><ele>432.75</ele></trkpt>
   <trkpt lat="47.094382" lon="7.158484"><ele>432.75</ele></trkpt>
   <trkpt lat="47.094474" lon="7.158776"><ele>432.25</ele></trkpt>
   <trkpt lat="47.094556" lon="7.159054"><ele>432</ele></trkpt>
   <trkpt lat="47.094763" lon="7.159836"><ele>432.25</ele></trkpt>
   <trkpt lat="47.095104" lon="7.161171"><ele>433.25</ele></trkpt>
   <trkpt lat="47.095388" lon="7.162189"><ele>433.25</ele></trkpt>
   <trkpt lat="47.095687" lon="7.163149"><ele>433</ele></trkpt>
   <trkpt lat="47.09592" lon="7.163833"><ele>433.25</ele></trkpt>
   <trkpt lat="47.096097" lon="7.164323"><ele>433.75</ele></trkpt>
   <trkpt lat="47.09639" lon="7.165081"><ele>434</ele></trkpt>
   <trkpt lat="47.096626" lon="7.165663"><ele>434.25</ele></trkpt>
   <trkpt lat="47.09708" lon="7.166724"><ele>433.75</ele></trkpt>
   <trkpt lat="47.097453" lon="7.167556"><ele>434.25</ele></trkpt>
   <trkpt lat="47.098114" lon="7.16897"><ele>434.25</ele></trkpt>
   <trkpt lat="47.10003" lon="7.173001"><ele>434</ele></trkpt>
   <trkpt lat="47.100751" lon="7.174454"><ele>433</ele></trkpt>
   <trkpt lat="47.100904" lon="7.174718"><ele>433</ele></trkpt>
   <trkpt lat="47.101064" lon="7.174975"><ele>433.25</ele></trkpt>
   <trkpt lat="47.101257" lon="7.175264"><ele>433</ele></trkpt>
   <trkpt lat="47.101531" lon="7.175634"><ele>433.25</ele></trkpt>
   <trkpt lat="47.10178" lon="7.175935"><ele>433.75</ele></trkpt>
   <trkpt lat="47.101926" lon="7.176097"><ele>434.75</ele></trkpt>
   <trkpt lat="47.102216" lon="7.176394"><ele>434.75</ele></trkpt>
   <trkpt lat="47.102714" lon="7.17684"><ele>434.5</ele></trkpt>
   <trkpt lat="47.103081" lon="7.177125"><ele>434.25</ele></trkpt>
   <trkpt lat="47.10375" lon="7.177711"><ele>433.5</ele></trkpt>
   <trkpt lat="47.10421" lon="7.178155"><ele>433.25</ele></trkpt>
   <trkpt lat="47.104245" lon="7.17819"><ele>433.25</ele></trkpt>
   <trkpt lat="47.105588" lon="7.179705"><ele>434.25</ele></trkpt>
   <trkpt lat="47.107464" lon="7.181867"><ele>435</ele></trkpt>
   <trkpt lat="47.10799" lon="7.182583"><ele>435.25</ele></trkpt>
   <trkpt lat="47.108474" lon="7.183332"><ele>435.5</ele></trkpt>
   <trkpt lat="47.108964" lon="7.184312"><ele>434</ele></trkpt>
   <trkpt lat="47.109268" lon="7.185006"><ele>433.75</ele></trkpt>
   <trkpt lat="47.109549" lon="7.185732"><ele>434</ele></trkpt>
   <trkpt lat="47.110108" lon="7.187369"><ele>435.75</ele></trkpt>
   <trkpt lat="47.110255" lon="7.187783"><ele>434.5</ele></trkpt>
   <trkpt lat="47.110441" lon="7.188277"><ele>434.25</ele></trkpt>
   <trkpt lat="47.110678" lon="7.18887"><ele>434</ele></trkpt>
   <trkpt lat="47.110929" lon="7.189466"><ele>433.5</ele></trkpt>
   <trkpt lat="47.111909" lon="7.191726"><ele>433.25</ele></trkpt>
   <trkpt lat="47.112507" lon="7.193165"><ele>433.25</ele></trkpt>
   <trkpt lat="47.11285" lon="7.193886"><ele>432</ele></trkpt>
   <trkpt lat="47.113192" lon="7.194477"><ele>432.75</ele></trkpt>
   <trkpt lat="47.113962" lon="7.19569"><ele>434</ele></trkpt>
   <trkpt lat="47.11449" lon="7.196513"><ele>435.5</ele></trkpt>
   <trkpt lat="47.114835" lon="7.197035"><ele>435.5</ele></trkpt>
   <trkpt lat="47.115071" lon="7.197381"><ele>436.75</ele></trkpt>
   <trkpt lat="47.115394" lon="7.197878"><ele>436</ele></trkpt>
   <trkpt lat="47.115708" lon="7.198379"><ele>436.25</ele></trkpt>
   <trkpt lat="47.115882" lon="7.198636"><ele>434.75</ele></trkpt>
   <trkpt lat="47.116573" lon="7.199654"><ele>434.25</ele></trkpt>
   <trkpt lat="47.11685" lon="7.200088"><ele>436.75</ele></trkpt>
   <trkpt lat="47.117149" lon="7.200593"><ele>435.25</ele></trkpt>
   <trkpt lat="47.118032" lon="7.202176"><ele>436.5</ele></trkpt>
   <trkpt lat="47.118334" lon="7.20274"><ele>435</ele></trkpt>
   <trkpt lat="47.119165" lon="7.204446"><ele>433.75</ele></trkpt>
   <trkpt lat="47.119387" lon="7.204872"><ele>436.75</ele></trkpt>
   <trkpt lat="47.11962" lon="7.205282"><ele>437.25</ele></trkpt>
   <trkpt lat="47.119864" lon="7.205668"><ele>436.75</ele></trkpt>
   <trkpt lat="47.120123" lon="7.206032"><ele>435</ele></trkpt>
   <trkpt lat="47.120397" lon="7.20638"><ele>437.75</ele></trkpt>
   <trkpt lat="47.12068" lon="7.206704"><ele>436.5</ele></trkpt>
   <trkpt lat="47.121101" lon="7.207137"><ele>435.5</ele></trkpt>
   <trkpt lat="47.121364" lon="7.207387"><ele>435.25</ele></trkpt>
   <trkpt lat="47.121723" lon="7.207683"><ele>434</ele></trkpt>
   <trkpt lat="47.122066" lon="7.20794"><ele>434</ele></trkpt>
   <trkpt lat="47.122366" lon="7.208143"><ele>434</ele></trkpt>
   <trkpt lat="47.123197" lon="7.20863"><ele>434</ele></trkpt>
   <trkpt lat="47.125639" lon="7.210006"><ele>434.25</ele></trkpt>
   <trkpt lat="47.126625" lon="7.210589"><ele>434.5</ele></trkpt>
   <trkpt lat="47.127057" lon="7.210874"><ele>434.5</ele></trkpt>
   <trkpt lat="47.127475" lon="7.211179"><ele>434.5</ele></trkpt>
   <trkpt lat="47.127798" lon="7.211435"><ele>434.5</ele></trkpt>
   <trkpt lat="47.128394" lon="7.211945"><ele>434.5</ele></trkpt>
   <trkpt lat="47.128915" lon="7.212443"><ele>434.75</ele></trkpt>
   <trkpt lat="47.129496" lon="7.213055"><ele>434.75</ele></trkpt>
   <trkpt lat="47.129997" lon="7.213647"><ele>434.75</ele></trkpt>
   <trkpt lat="47.130525" lon="7.214347"><ele>435</ele></trkpt>
   <trkpt lat="47.131021" lon="7.215062"><ele>435</ele></trkpt>
   <trkpt lat="47.131429" lon="7.215722"><ele>435</ele></trkpt>
   <trkpt lat="47.131826" lon="7.216418"><ele>435</ele></trkpt>
   <trkpt lat="47.132273" lon="7.21729"><ele>435.25</ele></trkpt>
   <trkpt lat="47.13257" lon="7.217929"><ele>435.25</ele></trkpt>
   <trkpt lat="47.132916" lon="7.218749"><ele>435.25</ele></trkpt>
   <trkpt lat="47.133221" lon="7.219552"><ele>435.25</ele></trkpt>
   <trkpt lat="47.133503" lon="7.220383"><ele>435.5</ele></trkpt>
   <trkpt lat="47.133747" lon="7.22121"><ele>435.5</ele></trkpt>
   <trkpt lat="47.133973" lon="7.222069"><ele>435.5</ele></trkpt>
   <trkpt lat="47.13416" lon="7.222893"><ele>435.5</ele></trkpt>
   <trkpt lat="47.134315" lon="7.223683"><ele>435.75</ele></trkpt>
   <trkpt lat="47.134441" lon="7.224431"><ele>435.75</ele></trkpt>
   <trkpt lat="47.134585" lon="7.225546"><ele>435.75</ele></trkpt>
   <trkpt lat="47.134692" lon="7.226616"><ele>435.75</ele></trkpt>
   <trkpt lat="47.135043" lon="7.230552"><ele>436.25</ele></trkpt>
   <trkpt lat="47.135122" lon="7.231438"><ele>436.25</ele></trkpt>
   <trkpt lat="47.135166" lon="7.232215"><ele>434</ele></trkpt>
   <trkpt lat="47.135171" lon="7.232443"><ele>434</ele></trkpt>
   <trkpt lat="47.135165" lon="7.232867"><ele>433.5</ele></trkpt>
   <trkpt lat="47.135139" lon="7.23333"><ele>432.5</ele></trkpt>
   <trkpt lat="47.135114" lon="7.233595"><ele>432.25</ele></trkpt>
   <trkpt lat="47.135079" lon="7.233888"><ele>432</ele></trkpt>
   <trkpt lat="47.135039" lon="7.234173"><ele>433</ele></trkpt>
   <trkpt lat="47.134913" lon="7.234894"><ele>434.25</ele></trkpt>
   <trkpt lat="47.134693" lon="7.236041"><ele>436.5</ele></trkpt>
   <trkpt lat="47.134595" lon="7.236475"><ele>434.25</ele></trkpt>
   <trkpt lat="47.134478" lon="7.23692"><ele>435.5</ele></trkpt>
   <trkpt lat="47.134299" lon="7.237503"><ele>434.5</ele></trkpt>
   <trkpt lat="47.13392" lon="7.238609"><ele>434.75</ele></trkpt>
   <trkpt lat="47.13383" lon="7.238869"><ele>434.75</ele></trkpt>
   <trkpt lat="47.133754" lon="7.239067"><ele>434.75</ele></trkpt>
   <trkpt lat="47.133678" lon="7.239247"><ele>435</ele></trkpt>
   <trkpt lat="47.133612" lon="7.239499"><ele>435.75</ele></trkpt>
   <trkpt lat="47.133515" lon="7.239876"><ele>435</ele></trkpt>
   <trkpt lat="47.133443" lon="7.240147"><ele>433.25</ele></trkpt>
   <trkpt lat="47.13332" lon="7.240572"><ele>436</ele></trkpt>
   <trkpt lat="47.133241" lon="7.240846"><ele>436</ele></trkpt>
   <trkpt lat="47.133082" lon="7.241361"><ele>437</ele></trkpt>
   <trkpt lat="47.132647" lon="7.242661"><ele>436.75</ele></trkpt>
   <trkpt lat="47.132232" lon="7.243968"><ele>436.75</ele></trkpt>
   <trkpt lat="47.131715" lon="7.245549"><ele>437</ele></trkpt>
   <trkpt lat="47.131505" lon="7.246193"><ele>436.25</ele></trkpt>
   <trkpt lat="47.131349" lon="7.246672"><ele>436.75</ele></trkpt>
   <trkpt lat="47.131232" lon="7.24717"><ele>437</ele></trkpt>
   <trkpt lat="47.131147" lon="7.247524"><ele>436.5</ele></trkpt>
   <trkpt lat="47.13107" lon="7.2478"><ele>436.75</ele></trkpt>
   <trkpt lat="47.131044" lon="7.247878"><ele>436.25</ele></trkpt>
   <trkpt lat="47.130559" lon="7.249378"><ele>438</ele></trkpt>
   <trkpt lat="47.130431" lon="7.249851"><ele>439</ele></trkpt>
   <trkpt lat="47.13037" lon="7.250135"><ele>438.75</ele></trkpt>
   <trkpt lat="47.130325" lon="7.250398"><ele>438.75</ele></trkpt>
   <trkpt lat="47.130323" lon="7.250408"><ele>438.75</ele></trkpt>
   <trkpt lat="47.13032" lon="7.250434"><ele>438.75</ele></trkpt>
   <trkpt lat="47.130277" lon="7.250751"><ele>438.25</ele></trkpt>
   <trkpt lat="47.130249" lon="7.251072"><ele>438</ele></trkpt>
   <trkpt lat="47.130235" lon="7.251454"><ele>438</ele></trkpt>
   <trkpt lat="47.130238" lon="7.251817"><ele>438</ele></trkpt>
   <trkpt lat="47.130261" lon="7.252216"><ele>438</ele></trkpt>
   <trkpt lat="47.130304" lon="7.252601"><ele>438.5</ele></trkpt>
   <trkpt lat="47.130363" lon="7.25296"><ele>437.75</ele></trkpt>
   <trkpt lat="47.130399" lon="7.253142"><ele>437</ele></trkpt>
   <trkpt lat="47.130452" lon="7.253366"><ele>436</ele></trkpt>
   <trkpt lat="47.130523" lon="7.253629"><ele>437.25</ele></trkpt>
   <trkpt lat="47.130583" lon="7.253824"><ele>438.25</ele></trkpt>
   <trkpt lat="47.130667" lon="7.254063"><ele>437.75</ele></trkpt>
   <trkpt lat="47.131073" lon="7.255095"><ele>437.75</ele></trkpt>
   <trkpt lat="47.131239" lon="7.255501"><ele>438.5</ele></trkpt>
   <trkpt lat="47.131387" lon="7.255834"><ele>438</ele></trkpt>
   <trkpt lat="47.13155" lon="7.25615"><ele>439.25</ele></trkpt>
   <trkpt lat="47.131641" lon="7.256303"><ele>439.25</ele></trkpt>
   <trkpt lat="47.131728" lon="7.256446"><ele>439</ele></trkpt>
   <trkpt lat="47.131925" lon="7.256723"><ele>438.75</ele></trkpt>
   <trkpt lat="47.132132" lon="7.256975"><ele>439</ele></trkpt>
   <trkpt lat="47.132353" lon="7.257203"><ele>439</ele></trkpt>
   <trkpt lat="47.132468" lon="7.257308"><ele>439</ele></trkpt>
   <trkpt lat="47.132719" lon="7.257509"><ele>438</ele></trkpt>
   <trkpt lat="47.132958" lon="7.257664"><ele>439</ele></trkpt>
   <trkpt lat="47.133087" lon="7.257734"><ele>438.75</ele></trkpt>
   <trkpt lat="47.133335" lon="7.257856"><ele>438.5</ele></trkpt>
   <trkpt lat="47.134409" lon="7.258275"><ele>438.75</ele></trkpt>
   <trkpt lat="47.134432" lon="7.258284"><ele>438.5</ele></trkpt>
   <trkpt lat="47.134466" lon="7.258297"><ele>438.5</ele></trkpt>
   <trkpt lat="47.136471" lon="7.259077"><ele>440.75</ele></trkpt>
   <trkpt lat="47.136679" lon="7.259158"><ele>440</ele></trkpt>
   <trkpt lat="47.137156" lon="7.259349"><ele>440</ele></trkpt>
   <trkpt lat="47.13741" lon="7.259467"><ele>439</ele></trkpt>
   <trkpt lat="47.137729" lon="7.259648"><ele>439.75</ele></trkpt>
   <trkpt lat="47.137887" lon="7.259752"><ele>439.75</ele></trkpt>
   <trkpt lat="47.13812" lon="7.259928"><ele>439.75</ele></trkpt>
   <trkpt lat="47.138369" lon="7.260145"><ele>439.25</ele></trkpt>
   <trkpt lat="47.138631" lon="7.260408"><ele>439.75</ele></trkpt>
   <trkpt lat="47.138757" lon="7.26055"><ele>439.25</ele></trkpt>
   <trkpt lat="47.138998" lon="7.260852"><ele>440</ele></trkpt>
   <trkpt lat="47.139211" lon="7.261158"><ele>441.5</ele></trkpt>
   <trkpt lat="47.139473" lon="7.261596"><ele>441.75</ele></trkpt>
   <trkpt lat="47.139658" lon="7.261955"><ele>440</ele></trkpt>
   <trkpt lat="47.140108" lon="7.262901"><ele>439.75</ele></trkpt>
   <trkpt lat="47.141181" lon="7.265172"><ele>441</ele></trkpt>
   <trkpt lat="47.141836" lon="7.266556"><ele>440</ele></trkpt>
   <trkpt lat="47.144144" lon="7.271438"><ele>440.25</ele></trkpt>
   <trkpt lat="47.144267" lon="7.271676"><ele>439.75</ele></trkpt>
   <trkpt lat="47.144336" lon="7.271805"><ele>440.75</ele></trkpt>
   <trkpt lat="47.144589" lon="7.272242"><ele>441</ele></trkpt>
   <trkpt lat="47.144768" lon="7.27251"><ele>442.75</ele></trkpt>
   <trkpt lat="47.144846" lon="7.272612"><ele>442</ele></trkpt>
   <trkpt lat="47.145154" lon="7.273015"><ele>442</ele></trkpt>
   <trkpt lat="47.145551" lon="7.273446"><ele>440.75</ele></trkpt>
   <trkpt lat="47.145614" lon="7.273514"><ele>440.25</ele></trkpt>
   <trkpt lat="47.145746" lon="7.273651"><ele>440.25</ele></trkpt>
   <trkpt lat="47.146025" lon="7.273953"><ele>442.25</ele></trkpt>
   <trkpt lat="47.146254" lon="7.274217"><ele>442.5</ele></trkpt>
   <trkpt lat="47.146425" lon="7.274431"><ele>442.75</ele></trkpt>
   <trkpt lat="47.146583" lon="7.274646"><ele>442.5</ele></trkpt>
   <trkpt lat="47.146749" lon="7.274895"><ele>442.5</ele></trkpt>
   <trkpt lat="47.147272" lon="7.275772"><ele>443</ele></trkpt>
   <trkpt lat="47.147325" lon="7.275863"><ele>443</ele></trkpt>
   <trkpt lat="47.148133" lon="7.277233"><ele>442.25</ele></trkpt>
   <trkpt lat="47.152934" lon="7.28537"><ele>444</ele></trkpt>
   <trkpt lat="47.153852" lon="7.28693"><ele>444.5</ele></trkpt>
   <trkpt lat="47.153982" lon="7.287149"><ele>443.75</ele></trkpt>
   <trkpt lat="47.154468" lon="7.288048"><ele>444.75</ele></trkpt>
   <trkpt lat="47.154598" lon="7.288268"><ele>444.5</ele></trkpt>
   <trkpt lat="47.155695" lon="7.290128"><ele>445.25</ele></trkpt>
   <trkpt lat="47.155703" lon="7.290142"><ele>445.25</ele></trkpt>
   <trkpt lat="47.157341" lon="7.292918"><ele>444.5</ele></trkpt>
   <trkpt lat="47.158372" lon="7.294669"><ele>443.25</ele></trkpt>
   <trkpt lat="47.159489" lon="7.296565"><ele>441.75</ele></trkpt>
   <trkpt lat="47.160201" lon="7.2978"><ele>440.25</ele></trkpt>
   <trkpt lat="47.160778" lon="7.298946"><ele>439.5</ele></trkpt>
   <trkpt lat="47.161305" lon="7.300172"><ele>438.75</ele></trkpt>
   <trkpt lat="47.161679" lon="7.301201"><ele>439.5</ele></trkpt>
   <trkpt lat="47.162007" lon="7.302236"><ele>438.5</ele></trkpt>
   <trkpt lat="47.162189" lon="7.302887"><ele>439</ele></trkpt>
   <trkpt lat="47.162332" lon="7.303442"><ele>438.75</ele></trkpt>
   <trkpt lat="47.163288" lon="7.307306"><ele>441.75</ele></trkpt>
   <trkpt lat="47.163554" lon="7.3084"><ele>443</ele></trkpt>
   <trkpt lat="47.165321" lon="7.315584"><ele>436.75</ele></trkpt>
   <trkpt lat="47.165863" lon="7.317786"><ele>436.75</ele></trkpt>
   <trkpt lat="47.168494" lon="7.328496"><ele>438.75</ele></trkpt>
   <trkpt lat="47.169427" lon="7.3323"><ele>436</ele></trkpt>
   <trkpt lat="47.17134" lon="7.340123"><ele>436</ele></trkpt>
   <trkpt lat="47.172274" lon="7.343923"><ele>434.75</ele></trkpt>
   <trkpt lat="47.172395" lon="7.34445"><ele>436</ele></trkpt>
   <trkpt lat="47.172492" lon="7.344936"><ele>435.75</ele></trkpt>
   <trkpt lat="47.172569" lon="7.345413"><ele>435.25</ele></trkpt>
   <trkpt lat="47.173273" lon="7.351223"><ele>434</ele></trkpt>
   <trkpt lat="47.173355" lon="7.351761"><ele>433.75</ele></trkpt>
   <trkpt lat="47.173454" lon="7.3523"><ele>433.5</ele></trkpt>
   <trkpt lat="47.17357" lon="7.35283"><ele>433.25</ele></trkpt>
   <trkpt lat="47.173702" lon="7.353354"><ele>433.5</ele></trkpt>
   <trkpt lat="47.173852" lon="7.353866"><ele>434</ele></trkpt>
   <trkpt lat="47.174019" lon="7.354364"><ele>432</ele></trkpt>
   <trkpt lat="47.174198" lon="7.354849"><ele>432.75</ele></trkpt>
   <trkpt lat="47.174502" lon="7.355587"><ele>431.5</ele></trkpt>
   <trkpt lat="47.174695" lon="7.356026"><ele>430.5</ele></trkpt>
   <trkpt lat="47.17479" lon="7.356249"><ele>430.5</ele></trkpt>
   <trkpt lat="47.176605" lon="7.360401"><ele>433</ele></trkpt>
   <trkpt lat="47.177627" lon="7.362757"><ele>434</ele></trkpt>
   <trkpt lat="47.177826" lon="7.363206"><ele>435</ele></trkpt>
   <trkpt lat="47.17886" lon="7.365578"><ele>438.5</ele></trkpt>
   <trkpt lat="47.179359" lon="7.366717"><ele>439.5</ele></trkpt>
   <trkpt lat="47.180826" lon="7.370085"><ele>441</ele></trkpt>
   <trkpt lat="47.181213" lon="7.370974"><ele>442.5</ele></trkpt>
   <trkpt lat="47.184944" lon="7.379495"><ele>444.75</ele></trkpt>
   <trkpt lat="47.187177" lon="7.384619"><ele>446.5</ele></trkpt>
   <trkpt lat="47.187198" lon="7.384668"><ele>446.25</ele></trkpt>
   <trkpt lat="47.187343" lon="7.385043"><ele>447</ele></trkpt>
   <trkpt lat="47.187467" lon="7.385415"><ele>446.25</ele></trkpt>
   <trkpt lat="47.187573" lon="7.385802"><ele>446.25</ele></trkpt>
   <trkpt lat="47.187661" lon="7.386202"><ele>448</ele></trkpt>
   <trkpt lat="47.18771" lon="7.386499"><ele>447.25</ele></trkpt>
   <trkpt lat="47.187755" lon="7.386859"><ele>446.25</ele></trkpt>
   <trkpt lat="47.187787" lon="7.38722"><ele>445</ele></trkpt>
   <trkpt lat="47.187802" lon="7.387591"><ele>445</ele></trkpt>
   <trkpt lat="47.1878" lon="7.387954"><ele>445</ele></trkpt>
   <trkpt lat="47.187787" lon="7.388322"><ele>444.75</ele></trkpt>
   <trkpt lat="47.18766" lon="7.390243"><ele>443</ele></trkpt>
   <trkpt lat="47.187625" lon="7.390761"><ele>442.75</ele></trkpt>
   <trkpt lat="47.187602" lon="7.391204"><ele>443</ele></trkpt>
   <trkpt lat="47.187591" lon="7.39166"><ele>442.5</ele></trkpt>
   <trkpt lat="47.187602" lon="7.392165"><ele>441.5</ele></trkpt>
   <trkpt lat="47.187627" lon="7.392623"><ele>441</ele></trkpt>
   <trkpt lat="47.187672" lon="7.393073"><ele>441.75</ele></trkpt>
   <trkpt lat="47.187738" lon="7.393536"><ele>441.5</ele></trkpt>
   <trkpt lat="47.187825" lon="7.394024"><ele>441.5</ele></trkpt>
   <trkpt lat="47.187998" lon="7.394915"><ele>441</ele></trkpt>
   <trkpt lat="47.188265" lon="7.396274"><ele>440</ele></trkpt>
   <trkpt lat="47.188375" lon="7.396824"><ele>438.25</ele></trkpt>
   <trkpt lat="47.188426" lon="7.397076"><ele>437</ele></trkpt>
   <trkpt lat="47.188753" lon="7.398683"><ele>439.5</ele></trkpt>
   <trkpt lat="47.189796" lon="7.403809"><ele>439.25</ele></trkpt>
   <trkpt lat="47.189923" lon="7.40443"><ele>437</ele></trkpt>
   <trkpt lat="47.189985" lon="7.404734"><ele>437.75</ele></trkpt>
   <trkpt lat="47.190367" lon="7.406587"><ele>439.5</ele></trkpt>
   <trkpt lat="47.191203" lon="7.410597"><ele>441</ele></trkpt>
   <trkpt lat="47.194588" lon="7.427287"><ele>440.5</ele></trkpt>
   <trkpt lat="47.19465" lon="7.427597"><ele>440.75</ele></trkpt>
   <trkpt lat="47.19474" lon="7.428039"><ele>441</ele></trkpt>
   <trkpt lat="47.194824" lon="7.428447"><ele>440</ele></trkpt>
   <trkpt lat="47.195926" lon="7.43387"><ele>438</ele></trkpt>
   <trkpt lat="47.197741" lon="7.442772"><ele>436.75</ele></trkpt>
   <trkpt lat="47.198664" lon="7.447324"><ele>435.75</ele></trkpt>
   <trkpt lat="47.198728" lon="7.447639"><ele>434.5</ele></trkpt>
   <trkpt lat="47.198754" lon="7.447761"><ele>434.75</ele></trkpt>
   <trkpt lat="47.199071" lon="7.449327"><ele>437.25</ele></trkpt>
   <trkpt lat="47.199622" lon="7.452068"><ele>438</ele></trkpt>
   <trkpt lat="47.200562" lon="7.456692"><ele>438</ele></trkpt>
   <trkpt lat="47.201487" lon="7.461257"><ele>434.25</ele></trkpt>
   <trkpt lat="47.203592" lon="7.471599"><ele>428.75</ele></trkpt>
   <trkpt lat="47.207799" lon="7.492389"><ele>428.25</ele></trkpt>
   <trkpt lat="47.207888" lon="7.492827"><ele>428.75</ele></trkpt>
   <trkpt lat="47.208563" lon="7.496179"><ele>429.75</ele></trkpt>
   <trkpt lat="47.208664" lon="7.496764"><ele>429</ele></trkpt>
   <trkpt lat="47.208753" lon="7.497372"><ele>429.25</ele></trkpt>
   <trkpt lat="47.20881" lon="7.497902"><ele>430</ele></trkpt>
   <trkpt lat="47.208867" lon="7.498898"><ele>430.75</ele></trkpt>
   <trkpt lat="47.208878" lon="7.499546"><ele>430.75</ele></trkpt>
   <trkpt lat="47.208877" lon="7.500813"><ele>432</ele></trkpt>
   <trkpt lat="47.208867" lon="7.505588"><ele>432.75</ele></trkpt>
   <trkpt lat="47.208862" lon="7.507932"><ele>432.75</ele></trkpt>
   <trkpt lat="47.208848" lon="7.516013"><ele>430.25</ele></trkpt>
   <trkpt lat="47.208848" lon="7.516214"><ele>430.5</ele></trkpt>
   <trkpt lat="47.208841" lon="7.519629"><ele>432</ele></trkpt>
   <trkpt lat="47.208838" lon="7.521707"><ele>432.25</ele></trkpt>
   <trkpt lat="47.208826" lon="7.525148"><ele>430.5</ele></trkpt>
   <trkpt lat="47.208828" lon="7.525344"><ele>429.75</ele></trkpt>
   <trkpt lat="47.208827" lon="7.525905"><ele>431.75</ele></trkpt>
   <trkpt lat="47.208818" lon="7.526335"><ele>432.25</ele></trkpt>
   <trkpt lat="47.208781" lon="7.52689"><ele>432.25</ele></trkpt>
   <trkpt lat="47.208747" lon="7.527185"><ele>431.5</ele></trkpt>
   <trkpt lat="47.208675" lon="7.527611"><ele>431.25</ele></trkpt>
   <trkpt lat="47.208625" lon="7.527848"><ele>432.25</ele></trkpt>
   <trkpt lat="47.208509" lon="7.528316"><ele>431.75</ele></trkpt>
   <trkpt lat="47.208407" lon="7.52865"><ele>431.5</ele></trkpt>
   <trkpt lat="47.208253" lon="7.52907"><ele>432</ele></trkpt>
   <trkpt lat="47.208071" lon="7.5295"><ele>432.25</ele></trkpt>
   <trkpt lat="47.207958" lon="7.52974"><ele>432.25</ele></trkpt>
   <trkpt lat="47.207751" lon="7.530122"><ele>432.25</ele></trkpt>
   <trkpt lat="47.207493" lon="7.530547"><ele>432.75</ele></trkpt>
   <trkpt lat="47.207295" lon="7.530857"><ele>432.75</ele></trkpt>
   <trkpt lat="47.207154" lon="7.531076"><ele>432.25</ele></trkpt>
   <trkpt lat="47.20702" lon="7.531282"><ele>432.25</ele></trkpt>
   <trkpt lat="47.2067" lon="7.531773"><ele>431.75</ele></trkpt>
   <trkpt lat="47.206014" lon="7.532834"><ele>431.75</ele></trkpt>
   <trkpt lat="47.205995" lon="7.532864"><ele>431.5</ele></trkpt>
   <trkpt lat="47.205638" lon="7.533479"><ele>431.75</ele></trkpt>
   <trkpt lat="47.205462" lon="7.533769"><ele>430.75</ele></trkpt>
   <trkpt lat="47.205406" lon="7.533859"><ele>429.75</ele></trkpt>
   <trkpt lat="47.204662" lon="7.535012"><ele>430</ele></trkpt>
   <trkpt lat="47.204642" lon="7.535042"><ele>430</ele></trkpt>
   <trkpt lat="47.204244" lon="7.535651"><ele>431.25</ele></trkpt>
   <trkpt lat="47.204002" lon="7.53607"><ele>431.25</ele></trkpt>
   <trkpt lat="47.203802" lon="7.536524"><ele>431</ele></trkpt>
   <trkpt lat="47.203681" lon="7.536927"><ele>431</ele></trkpt>
   <trkpt lat="47.203656" lon="7.537025"><ele>431</ele></trkpt>
   <trkpt lat="47.203592" lon="7.537333"><ele>431</ele></trkpt>
   <trkpt lat="47.203552" lon="7.537584"><ele>431</ele></trkpt>
   <trkpt lat="47.203538" lon="7.537711"><ele>431</ele></trkpt>
   <trkpt lat="47.203513" lon="7.538066"><ele>431.25</ele></trkpt>
   <trkpt lat="47.203512" lon="7.538333"><ele>431.25</ele></trkpt>
   <trkpt lat="47.203518" lon="7.538535"><ele>431.25</ele></trkpt>
   <trkpt lat="47.203546" lon="7.538898"><ele>431.25</ele></trkpt>
   <trkpt lat="47.203702" lon="7.540037"><ele>432</ele></trkpt>
   <trkpt lat="47.203879" lon="7.541321"><ele>431.75</ele></trkpt>
   <trkpt lat="47.204129" lon="7.543151"><ele>431.75</ele></trkpt>
   <trkpt lat="47.204606" lon="7.546622"><ele>431</ele></trkpt>
   <trkpt lat="47.204645" lon="7.546903"><ele>431</ele></trkpt>
   <trkpt lat="47.2051" lon="7.550225"><ele>431.25</ele></trkpt>
   <trkpt lat="47.205229" lon="7.55117"><ele>430.75</ele></trkpt>
   <trkpt lat="47.205253" lon="7.551343"><ele>431</ele></trkpt>
   <trkpt lat="47.205364" lon="7.552256"><ele>432</ele></trkpt>
   <trkpt lat="47.205488" lon="7.553356"><ele>431.5</ele></trkpt>
   <trkpt lat="47.205585" lon="7.554074"><ele>430.75</ele></trkpt>
   <trkpt lat="47.20562" lon="7.554331"><ele>431.25</ele></trkpt>
   <trkpt lat="47.205757" lon="7.555319"><ele>431</ele></trkpt>
   <trkpt lat="47.205808" lon="7.555623"><ele>431.75</ele></trkpt>
   <trkpt lat="47.205967" lon="7.556452"><ele>431.5</ele></trkpt>
   <trkpt lat="47.206021" lon="7.556752"><ele>431</ele></trkpt>
   <trkpt lat="47.206099" lon="7.557123"><ele>431</ele></trkpt>
   <trkpt lat="47.206187" lon="7.5575"><ele>431</ele></trkpt>
   <trkpt lat="47.206297" lon="7.557911"><ele>431</ele></trkpt>
   <trkpt lat="47.206375" lon="7.558177"><ele>431</ele></trkpt>
   <trkpt lat="47.206516" lon="7.558618"><ele>431</ele></trkpt>
   <trkpt lat="47.206728" lon="7.559207"><ele>430</ele></trkpt>
   <trkpt lat="47.206792" lon="7.559373"><ele>430</ele></trkpt>
   <trkpt lat="47.206902" lon="7.559646"><ele>430.75</ele></trkpt>
   <trkpt lat="47.207124" lon="7.560156"><ele>431</ele></trkpt>
   <trkpt lat="47.207323" lon="7.560569"><ele>430.75</ele></trkpt>
   <trkpt lat="47.207596" lon="7.561097"><ele>430.5</ele></trkpt>
   <trkpt lat="47.209952" lon="7.565573"><ele>431.75</ele></trkpt>
   <trkpt lat="47.210625" lon="7.566839"><ele>430.75</ele></trkpt>
   <trkpt lat="47.211174" lon="7.567954"><ele>431</ele></trkpt>
   <trkpt lat="47.211596" lon="7.5689"><ele>431</ele></trkpt>
   <trkpt lat="47.211741" lon="7.569243"><ele>430.75</ele></trkpt>
   <trkpt lat="47.211999" lon="7.569882"><ele>430.75</ele></trkpt>
   <trkpt lat="47.21297" lon="7.572382"><ele>429</ele></trkpt>
   <trkpt lat="47.212992" lon="7.572439"><ele>429.25</ele></trkpt>
   <trkpt lat="47.213226" lon="7.573041"><ele>428.25</ele></trkpt>
   <trkpt lat="47.213611" lon="7.574031"><ele>430</ele></trkpt>
   <trkpt lat="47.213935" lon="7.574873"><ele>429.5</ele></trkpt>
   <trkpt lat="47.214028" lon="7.575113"><ele>428.75</ele></trkpt>
   <trkpt lat="47.214328" lon="7.575886"><ele>427.5</ele></trkpt>
   <trkpt lat="47.214496" lon="7.576308"><ele>428.75</ele></trkpt>
   <trkpt lat="47.214511" lon="7.576345"><ele>429</ele></trkpt>
   <trkpt lat="47.214567" lon="7.576488"><ele>429.5</ele></trkpt>
   <trkpt lat="47.21516" lon="7.578016"><ele>429.5</ele></trkpt>
   <trkpt lat="47.216295" lon="7.580915"><ele>429</ele></trkpt>
   <trkpt lat="47.216725" lon="7.581948"><ele>429</ele></trkpt>
   <trkpt lat="47.21725" lon="7.583292"><ele>429</ele></trkpt>
   <trkpt lat="47.217662" lon="7.584374"><ele>429</ele></trkpt>
   <trkpt lat="47.218147" lon="7.585719"><ele>429</ele></trkpt>
   <trkpt lat="47.218573" lon="7.586916"><ele>429</ele></trkpt>
   <trkpt lat="47.218906" lon="7.587916"><ele>428.75</ele></trkpt>
   <trkpt lat="47.219123" lon="7.588658"><ele>429.25</ele></trkpt>
   <trkpt lat="47.219257" lon="7.589202"><ele>427.75</ele></trkpt>
   <trkpt lat="47.219317" lon="7.58949"><ele>426.75</ele></trkpt>
   <trkpt lat="47.219359" lon="7.5897"><ele>428.5</ele></trkpt>
   <trkpt lat="47.219428" lon="7.590079"><ele>428.75</ele></trkpt>
   <trkpt lat="47.219504" lon="7.590566"><ele>428</ele></trkpt>
   <trkpt lat="47.219568" lon="7.591083"><ele>428.25</ele></trkpt>
   <trkpt lat="47.219625" lon="7.591682"><ele>428.5</ele></trkpt>
   <trkpt lat="47.219663" lon="7.592258"><ele>428.75</ele></trkpt>
   <trkpt lat="47.219683" lon="7.592808"><ele>428.75</ele></trkpt>
   <trkpt lat="47.219686" lon="7.593103"><ele>428.75</ele></trkpt>
   <trkpt lat="47.219687" lon="7.593362"><ele>428.75</ele></trkpt>
   <trkpt lat="47.219675" lon="7.593915"><ele>428.75</ele></trkpt>
   <trkpt lat="47.219634" lon="7.594777"><ele>428.5</ele></trkpt>
   <trkpt lat="47.219187" lon="7.603154"><ele>429</ele></trkpt>
   <trkpt lat="47.219186" lon="7.603172"><ele>429</ele></trkpt>
   <trkpt lat="47.219117" lon="7.60446"><ele>427</ele></trkpt>
   <trkpt lat="47.21908" lon="7.605152"><ele>426.5</ele></trkpt>
   <trkpt lat="47.219043" lon="7.605861"><ele>428.25</ele></trkpt>
   <trkpt lat="47.219042" lon="7.605875"><ele>428.25</ele></trkpt>
   <trkpt lat="47.218469" lon="7.616663"><ele>427.25</ele></trkpt>
   <trkpt lat="47.218468" lon="7.616682"><ele>427.5</ele></trkpt>
   <trkpt lat="47.218362" lon="7.618798"><ele>428.75</ele></trkpt>
   <trkpt lat="47.218268" lon="7.620547"><ele>429</ele></trkpt>
   <trkpt lat="47.218203" lon="7.621853"><ele>428.25</ele></trkpt>
   <trkpt lat="47.218188" lon="7.622388"><ele>428</ele></trkpt>
   <trkpt lat="47.218183" lon="7.622905"><ele>427.75</ele></trkpt>
   <trkpt lat="47.218195" lon="7.62357"><ele>427.75</ele></trkpt>
   <trkpt lat="47.218215" lon="7.624074"><ele>428.25</ele></trkpt>
   <trkpt lat="47.218248" lon="7.624568"><ele>428.25</ele></trkpt>
   <trkpt lat="47.218304" lon="7.625114"><ele>429</ele></trkpt>
   <trkpt lat="47.218381" lon="7.625685"><ele>429</ele></trkpt>
   <trkpt lat="47.218473" lon="7.626241"><ele>428.75</ele></trkpt>
   <trkpt lat="47.218587" lon="7.626818"><ele>429</ele></trkpt>
   <trkpt lat="47.218716" lon="7.627377"><ele>428</ele></trkpt>
   <trkpt lat="47.218862" lon="7.627902"><ele>428</ele></trkpt>
   <trkpt lat="47.219025" lon="7.628432"><ele>427.5</ele></trkpt>
   <trkpt lat="47.219203" lon="7.628954"><ele>428</ele></trkpt>
   <trkpt lat="47.219528" lon="7.629792"><ele>428.75</ele></trkpt>
   <trkpt lat="47.219545" lon="7.629836"><ele>428.75</ele></trkpt>
   <trkpt lat="47.221401" lon="7.634154"><ele>424.75</ele></trkpt>
   <trkpt lat="47.221415" lon="7.634186"><ele>424.5</ele></trkpt>
   <trkpt lat="47.224241" lon="7.640763"><ele>421.75</ele></trkpt>
   <trkpt lat="47.224254" lon="7.640793"><ele>421.75</ele></trkpt>
   <trkpt lat="47.226849" lon="7.646833"><ele>421</ele></trkpt>
   <trkpt lat="47.226865" lon="7.64687"><ele>421</ele></trkpt>
   <trkpt lat="47.228617" lon="7.650947"><ele>421.75</ele></trkpt>
   <trkpt lat="47.228658" lon="7.651042"><ele>421.75</ele></trkpt>
   <trkpt lat="47.228838" lon="7.651436"><ele>421.5</ele></trkpt>
   <trkpt lat="47.229087" lon="7.651935"><ele>421</ele></trkpt>
   <trkpt lat="47.229294" lon="7.652397"><ele>421</ele></trkpt>
   <trkpt lat="47.229421" lon="7.652662"><ele>422</ele></trkpt>
   <trkpt lat="47.229562" lon="7.652938"><ele>421.25</ele></trkpt>
   <trkpt lat="47.229786" lon="7.65334"><ele>422.5</ele></trkpt>
   <trkpt lat="47.230087" lon="7.653827"><ele>419.5</ele></trkpt>
   <trkpt lat="47.230205" lon="7.654"><ele>419.75</ele></trkpt>
   <trkpt lat="47.23074" lon="7.654751"><ele>422.5</ele></trkpt>
   <trkpt lat="47.23293" lon="7.657847"><ele>422</ele></trkpt>
   <trkpt lat="47.233273" lon="7.65833"><ele>422.25</ele></trkpt>
   <trkpt lat="47.233786" lon="7.659112"><ele>419.75</ele></trkpt>
   <trkpt lat="47.233878" lon="7.659244"><ele>419.75</ele></trkpt>
   <trkpt lat="47.233998" lon="7.659403"><ele>420.25</ele></trkpt>
   <trkpt lat="47.234232" lon="7.659665"><ele>420.75</ele></trkpt>
   <trkpt lat="47.234711" lon="7.660116"><ele>420</ele></trkpt>
   <trkpt lat="47.234901" lon="7.660267"><ele>420.25</ele></trkpt>
   <trkpt lat="47.234987" lon="7.66033"><ele>420.25</ele></trkpt>
   <trkpt lat="47.235831" lon="7.660898"><ele>419.5</ele></trkpt>
   <trkpt lat="47.236217" lon="7.661164"><ele>420.75</ele></trkpt>
   <trkpt lat="47.236363" lon="7.661286"><ele>420.5</ele></trkpt>
   <trkpt lat="47.236371" lon="7.661292"><ele>420.5</ele></trkpt>
   <trkpt lat="47.236505" lon="7.661405"><ele>420.75</ele></trkpt>
   <trkpt lat="47.236696" lon="7.661603"><ele>420.75</ele></trkpt>
   <trkpt lat="47.236896" lon="7.661828"><ele>418.75</ele></trkpt>
   <trkpt lat="47.23705" lon="7.662037"><ele>418.75</ele></trkpt>
   <trkpt lat="47.237206" lon="7.662283"><ele>423</ele></trkpt>
   <trkpt lat="47.237352" lon="7.662547"><ele>420.5</ele></trkpt>
   <trkpt lat="47.237486" lon="7.662827"><ele>423.25</ele></trkpt>
   <trkpt lat="47.237598" lon="7.663098"><ele>420.5</ele></trkpt>
   <trkpt lat="47.237697" lon="7.66338"><ele>421.25</ele></trkpt>
   <trkpt lat="47.237806" lon="7.663762"><ele>420.75</ele></trkpt>
   <trkpt lat="47.237868" lon="7.664039"><ele>419.25</ele></trkpt>
   <trkpt lat="47.237936" lon="7.664402"><ele>420.5</ele></trkpt>
   <trkpt lat="47.238234" lon="7.666426"><ele>420.75</ele></trkpt>
   <trkpt lat="47.238354" lon="7.667242"><ele>425.5</ele></trkpt>
   <trkpt lat="47.238426" lon="7.667693"><ele>423.25</ele></trkpt>
   <trkpt lat="47.238433" lon="7.667741"><ele>423</ele></trkpt>
   <trkpt lat="47.238508" lon="7.668122"><ele>423.75</ele></trkpt>
   <trkpt lat="47.2386" lon="7.668483"><ele>427.5</ele></trkpt>
   <trkpt lat="47.238711" lon="7.668829"><ele>427.5</ele></trkpt>
   <trkpt lat="47.238838" lon="7.66915"><ele>428.5</ele></trkpt>
   <trkpt lat="47.238982" lon="7.669456"><ele>430</ele></trkpt>
   <trkpt lat="47.239142" lon="7.669747"><ele>429.75</ele></trkpt>
   <trkpt lat="47.239318" lon="7.670014"><ele>433.25</ele></trkpt>
   <trkpt lat="47.239507" lon="7.670261"><ele>433.5</ele></trkpt>
   <trkpt lat="47.23971" lon="7.670484"><ele>432.75</ele></trkpt>
   <trkpt lat="47.239919" lon="7.670679"><ele>434.25</ele></trkpt>
   <trkpt lat="47.240129" lon="7.670839"><ele>433.25</ele></trkpt>
   <trkpt lat="47.240411" lon="7.671016"><ele>430</ele></trkpt>
   <trkpt lat="47.240537" lon="7.67108"><ele>430.5</ele></trkpt>
   <trkpt lat="47.240833" lon="7.671195"><ele>429</ele></trkpt>
   <trkpt lat="47.241093" lon="7.671262"><ele>428.75</ele></trkpt>
   <trkpt lat="47.24117" lon="7.671274"><ele>429</ele></trkpt>
   <trkpt lat="47.241205" lon="7.671278"><ele>429.25</ele></trkpt>
   <trkpt lat="47.241327" lon="7.671292"><ele>429.75</ele></trkpt>
   <trkpt lat="47.241563" lon="7.671296"><ele>429.75</ele></trkpt>
   <trkpt lat="47.24183" lon="7.671272"><ele>429.5</ele></trkpt>
   <trkpt lat="47.242089" lon="7.671231"><ele>430.5</ele></trkpt>
   <trkpt lat="47.243084" lon="7.671034"><ele>433</ele></trkpt>
   <trkpt lat="47.243344" lon="7.671004"><ele>434.5</ele></trkpt>
   <trkpt lat="47.243593" lon="7.671007"><ele>436.25</ele></trkpt>
   <trkpt lat="47.243841" lon="7.671032"><ele>436</ele></trkpt>
   <trkpt lat="47.244108" lon="7.6711"><ele>436</ele></trkpt>
   <trkpt lat="47.244339" lon="7.671185"><ele>435</ele></trkpt>
   <trkpt lat="47.244536" lon="7.671278"><ele>434.25</ele></trkpt>
   <trkpt lat="47.244775" lon="7.671425"><ele>435.25</ele></trkpt>
   <trkpt lat="47.244992" lon="7.671588"><ele>434.25</ele></trkpt>
   <trkpt lat="47.245054" lon="7.671646"><ele>434.75</ele></trkpt>
   <trkpt lat="47.245193" lon="7.671771"><ele>434.75</ele></trkpt>
   <trkpt lat="47.245397" lon="7.671993"><ele>435.25</ele></trkpt>
   <trkpt lat="47.245579" lon="7.672224"><ele>438</ele></trkpt>
   <trkpt lat="47.245596" lon="7.672249"><ele>437.75</ele></trkpt>
   <trkpt lat="47.24576" lon="7.672484"><ele>436.75</ele></trkpt>
   <trkpt lat="47.245968" lon="7.672815"><ele>436.25</ele></trkpt>
   <trkpt lat="47.249581" lon="7.678595"><ele>443.25</ele></trkpt>
   <trkpt lat="47.249603" lon="7.67863"><ele>443.5</ele></trkpt>
   <trkpt lat="47.25101" lon="7.680879"><ele>449</ele></trkpt>
   <trkpt lat="47.251253" lon="7.681264"><ele>449.75</ele></trkpt>
   <trkpt lat="47.251436" lon="7.681535"><ele>449.75</ele></trkpt>
   <trkpt lat="47.251462" lon="7.681571"><ele>450</ele></trkpt>
   <trkpt lat="47.251676" lon="7.681847"><ele>450</ele></trkpt>
   <trkpt lat="47.251907" lon="7.682104"><ele>450.5</ele></trkpt>
   <trkpt lat="47.252023" lon="7.682219"><ele>450.5</ele></trkpt>
   <trkpt lat="47.252142" lon="7.68233"><ele>450.75</ele></trkpt>
   <trkpt lat="47.252385" lon="7.682529"><ele>450.75</ele></trkpt>
   <trkpt lat="47.25263" lon="7.682699"><ele>451.5</ele></trkpt>
   <trkpt lat="47.252826" lon="7.682815"><ele>450.5</ele></trkpt>
   <trkpt lat="47.253006" lon="7.682907"><ele>451.5</ele></trkpt>
   <trkpt lat="47.253288" lon="7.683022"><ele>450.5</ele></trkpt>
   <trkpt lat="47.253482" lon="7.683083"><ele>451</ele></trkpt>
   <trkpt lat="47.253663" lon="7.683128"><ele>452.25</ele></trkpt>
   <trkpt lat="47.254003" lon="7.683178"><ele>453.75</ele></trkpt>
   <trkpt lat="47.254271" lon="7.683188"><ele>454.25</ele></trkpt>
   <trkpt lat="47.254461" lon="7.68318"><ele>454.25</ele></trkpt>
   <trkpt lat="47.254653" lon="7.683158"><ele>454.5</ele></trkpt>
   <trkpt lat="47.254939" lon="7.683099"><ele>454</ele></trkpt>
   <trkpt lat="47.255241" lon="7.683004"><ele>454.5</ele></trkpt>
   <trkpt lat="47.255439" lon="7.682921"><ele>455.75</ele></trkpt>
   <trkpt lat="47.255697" lon="7.682791"><ele>454.75</ele></trkpt>
   <trkpt lat="47.25707" lon="7.681973"><ele>455.5</ele></trkpt>
   <trkpt lat="47.25709" lon="7.68196"><ele>455.25</ele></trkpt>
   <trkpt lat="47.25773" lon="7.681573"><ele>457</ele></trkpt>
   <trkpt lat="47.258196" lon="7.681314"><ele>458</ele></trkpt>
   <trkpt lat="47.258427" lon="7.681202"><ele>457.75</ele></trkpt>
   <trkpt lat="47.258454" lon="7.681192"><ele>457.5</ele></trkpt>
   <trkpt lat="47.258704" lon="7.681096"><ele>456.5</ele></trkpt>
   <trkpt lat="47.258961" lon="7.681038"><ele>458.25</ele></trkpt>
   <trkpt lat="47.259211" lon="7.681003"><ele>459.5</ele></trkpt>
   <trkpt lat="47.259461" lon="7.680992"><ele>460</ele></trkpt>
   <trkpt lat="47.259714" lon="7.68101"><ele>460</ele></trkpt>
   <trkpt lat="47.25996" lon="7.681051"><ele>458.75</ele></trkpt>
   <trkpt lat="47.260208" lon="7.68112"><ele>458.75</ele></trkpt>
   <trkpt lat="47.260447" lon="7.681213"><ele>460.25</ele></trkpt>
   <trkpt lat="47.260683" lon="7.681329"><ele>460.5</ele></trkpt>
   <trkpt lat="47.260918" lon="7.681474"><ele>460.25</ele></trkpt>
   <trkpt lat="47.261144" lon="7.681642"><ele>459.5</ele></trkpt>
   <trkpt lat="47.261358" lon="7.681831"><ele>461.25</ele></trkpt>
   <trkpt lat="47.261566" lon="7.682044"><ele>461.25</ele></trkpt>
   <trkpt lat="47.261773" lon="7.682294"><ele>460.75</ele></trkpt>
   <trkpt lat="47.26197" lon="7.682566"><ele>461</ele></trkpt>
   <trkpt lat="47.262146" lon="7.682841"><ele>461</ele></trkpt>
   <trkpt lat="47.262361" lon="7.683198"><ele>461</ele></trkpt>
   <trkpt lat="47.264314" lon="7.686469"><ele>461.75</ele></trkpt>
   <trkpt lat="47.264479" lon="7.686751"><ele>461</ele></trkpt>
   <trkpt lat="47.264837" lon="7.687345"><ele>463.5</ele></trkpt>
   <trkpt lat="47.264854" lon="7.687373"><ele>463.5</ele></trkpt>
   <trkpt lat="47.266549" lon="7.690206"><ele>465.5</ele></trkpt>
   <trkpt lat="47.267226" lon="7.691332"><ele>466.75</ele></trkpt>
   <trkpt lat="47.267433" lon="7.691648"><ele>466.25</ele></trkpt>
   <trkpt lat="47.267631" lon="7.69193"><ele>466.25</ele></trkpt>
   <trkpt lat="47.267843" lon="7.69221"><ele>466.5</ele></trkpt>
   <trkpt lat="47.268046" lon="7.692459"><ele>466.5</ele></trkpt>
   <trkpt lat="47.2688" lon="7.693344"><ele>467.25</ele></trkpt>
   <trkpt lat="47.26892" lon="7.69348"><ele>467</ele></trkpt>
   <trkpt lat="47.269716" lon="7.694414"><ele>467.75</ele></trkpt>
   <trkpt lat="47.270142" lon="7.694907"><ele>467.5</ele></trkpt>
   <trkpt lat="47.270387" lon="7.695174"><ele>467.5</ele></trkpt>
   <trkpt lat="47.271113" lon="7.695918"><ele>467.25</ele></trkpt>
   <trkpt lat="47.274467" lon="7.699186"><ele>465.5</ele></trkpt>
   <trkpt lat="47.274473" lon="7.699193"><ele>465.5</ele></trkpt>
   <trkpt lat="47.275055" lon="7.699771"><ele>463.75</ele></trkpt>
   <trkpt lat="47.275189" lon="7.699907"><ele>463.25</ele></trkpt>
   <trkpt lat="47.277514" lon="7.702278"><ele>463</ele></trkpt>
   <trkpt lat="47.277534" lon="7.702299"><ele>463</ele></trkpt>
   <trkpt lat="47.27883" lon="7.703621"><ele>461.75</ele></trkpt>
   <trkpt lat="47.279022" lon="7.703818"><ele>459.25</ele></trkpt>
   <trkpt lat="47.279323" lon="7.704135"><ele>462</ele></trkpt>
   <trkpt lat="47.279953" lon="7.704828"><ele>461.75</ele></trkpt>
   <trkpt lat="47.280616" lon="7.705521"><ele>461.75</ele></trkpt>
   <trkpt lat="47.28071" lon="7.705615"><ele>461.75</ele></trkpt>
   <trkpt lat="47.281249" lon="7.706174"><ele>461.75</ele></trkpt>
   <trkpt lat="47.282261" lon="7.707211"><ele>461.75</ele></trkpt>
   <trkpt lat="47.283623" lon="7.708601"><ele>462</ele></trkpt>
   <trkpt lat="47.283765" lon="7.708749"><ele>461.75</ele></trkpt>
   <trkpt lat="47.284035" lon="7.709052"><ele>461.5</ele></trkpt>
   <trkpt lat="47.284294" lon="7.709361"><ele>461.5</ele></trkpt>
   <trkpt lat="47.284594" lon="7.709756"><ele>461</ele></trkpt>
   <trkpt lat="47.284783" lon="7.710025"><ele>461</ele></trkpt>
   <trkpt lat="47.285033" lon="7.710417"><ele>461.5</ele></trkpt>
   <trkpt lat="47.285223" lon="7.710746"><ele>461.5</ele></trkpt>
   <trkpt lat="47.285344" lon="7.710972"><ele>461.5</ele></trkpt>
   <trkpt lat="47.285478" lon="7.711247"><ele>461.5</ele></trkpt>
   <trkpt lat="47.285627" lon="7.711579"><ele>461.25</ele></trkpt>
   <trkpt lat="47.285741" lon="7.711862"><ele>461.5</ele></trkpt>
   <trkpt lat="47.285846" lon="7.712144"><ele>461.25</ele></trkpt>
   <trkpt lat="47.285958" lon="7.712476"><ele>461.25</ele></trkpt>
   <trkpt lat="47.286067" lon="7.712833"><ele>461.5</ele></trkpt>
   <trkpt lat="47.286176" lon="7.713257"><ele>461</ele></trkpt>
   <trkpt lat="47.286265" lon="7.71364"><ele>460.5</ele></trkpt>
   <trkpt lat="47.286465" lon="7.714575"><ele>459.5</ele></trkpt>
   <trkpt lat="47.286581" lon="7.715137"><ele>459.75</ele></trkpt>
   <trkpt lat="47.286789" lon="7.716218"><ele>461</ele></trkpt>
   <trkpt lat="47.286881" lon="7.716672"><ele>458</ele></trkpt>
   <trkpt lat="47.286992" lon="7.71724"><ele>457.5</ele></trkpt>
   <trkpt lat="47.287246" lon="7.71856"><ele>460</ele></trkpt>
   <trkpt lat="47.287249" lon="7.718573"><ele>460</ele></trkpt>
   <trkpt lat="47.287251" lon="7.718586"><ele>459.75</ele></trkpt>
   <trkpt lat="47.288125" lon="7.723121"><ele>457.5</ele></trkpt>
   <trkpt lat="47.288268" lon="7.72381"><ele>457.5</ele></trkpt>
   <trkpt lat="47.288433" lon="7.724506"><ele>457</ele></trkpt>
   <trkpt lat="47.288855" lon="7.726069"><ele>453.75</ele></trkpt>
   <trkpt lat="47.288905" lon="7.726252"><ele>454.5</ele></trkpt>
   <trkpt lat="47.289711" lon="7.7292"><ele>455.75</ele></trkpt>
   <trkpt lat="47.28974" lon="7.729308"><ele>455.25</ele></trkpt>
   <trkpt lat="47.290062" lon="7.730481"><ele>454.75</ele></trkpt>
   <trkpt lat="47.29025" lon="7.731138"><ele>455.5</ele></trkpt>
   <trkpt lat="47.290403" lon="7.731627"><ele>453.5</ele></trkpt>
   <trkpt lat="47.290592" lon="7.732183"><ele>454.5</ele></trkpt>
   <trkpt lat="47.290597" lon="7.732197"><ele>454.5</ele></trkpt>
   <trkpt lat="47.290602" lon="7.732212"><ele>454.5</ele></trkpt>
   <trkpt lat="47.290754" lon="7.732635"><ele>453.25</ele></trkpt>
   <trkpt lat="47.290812" lon="7.732793"><ele>454.75</ele></trkpt>
   <trkpt lat="47.294972" lon="7.744103"><ele>448.75</ele></trkpt>
   <trkpt lat="47.294986" lon="7.744141"><ele>448.75</ele></trkpt>
   <trkpt lat="47.296107" lon="7.74719"><ele>447.75</ele></trkpt>
   <trkpt lat="47.29612" lon="7.747225"><ele>447.75</ele></trkpt>
   <trkpt lat="47.299413" lon="7.75618"><ele>444.75</ele></trkpt>
   <trkpt lat="47.299425" lon="7.756213"><ele>444.75</ele></trkpt>
   <trkpt lat="47.30127" lon="7.761237"><ele>443.25</ele></trkpt>
   <trkpt lat="47.301285" lon="7.761276"><ele>443.25</ele></trkpt>
   <trkpt lat="47.302695" lon="7.76512"><ele>442.5</ele></trkpt>
   <trkpt lat="47.302914" lon="7.765739"><ele>442</ele></trkpt>
   <trkpt lat="47.303001" lon="7.765973"><ele>442.25</ele></trkpt>
   <trkpt lat="47.303261" lon="7.766614"><ele>442</ele></trkpt>
   <trkpt lat="47.303347" lon="7.766849"><ele>442.5</ele></trkpt>
   <trkpt lat="47.30338" lon="7.766943"><ele>442.75</ele></trkpt>
   <trkpt lat="47.303448" lon="7.767122"><ele>442</ele></trkpt>
   <trkpt lat="47.30361" lon="7.767511"><ele>440.75</ele></trkpt>
   <trkpt lat="47.303728" lon="7.767822"><ele>439.5</ele></trkpt>
   <trkpt lat="47.304744" lon="7.770593"><ele>442</ele></trkpt>
   <trkpt lat="47.3048" lon="7.77073"><ele>442</ele></trkpt>
   <trkpt lat="47.30497" lon="7.771095"><ele>441.75</ele></trkpt>
   <trkpt lat="47.305026" lon="7.771237"><ele>441.75</ele></trkpt>
   <trkpt lat="47.305427" lon="7.772328"><ele>442</ele></trkpt>
   <trkpt lat="47.305476" lon="7.772475"><ele>442</ele></trkpt>
   <trkpt lat="47.305583" lon="7.772874"><ele>441.75</ele></trkpt>
   <trkpt lat="47.30563" lon="7.773021"><ele>441.25</ele></trkpt>
   <trkpt lat="47.306122" lon="7.774405"><ele>441.75</ele></trkpt>
   <trkpt lat="47.306247" lon="7.774741"><ele>440.5</ele></trkpt>
   <trkpt lat="47.306466" lon="7.775336"><ele>440.5</ele></trkpt>
   <trkpt lat="47.306559" lon="7.775617"><ele>439.5</ele></trkpt>
   <trkpt lat="47.306667" lon="7.775972"><ele>441.25</ele></trkpt>
   <trkpt lat="47.306749" lon="7.776215"><ele>440.75</ele></trkpt>
   <trkpt lat="47.306785" lon="7.776313"><ele>440.75</ele></trkpt>
   <trkpt lat="47.307127" lon="7.77726"><ele>440</ele></trkpt>
   <trkpt lat="47.307463" lon="7.778214"><ele>437.75</ele></trkpt>
   <trkpt lat="47.307531" lon="7.778408"><ele>437.25</ele></trkpt>
   <trkpt lat="47.30845" lon="7.78102"><ele>439</ele></trkpt>
   <trkpt lat="47.308453" lon="7.781028"><ele>439</ele></trkpt>
   <trkpt lat="47.308456" lon="7.781036"><ele>438.75</ele></trkpt>
   <trkpt lat="47.31063" lon="7.787208"><ele>434.75</ele></trkpt>
   <trkpt lat="47.310679" lon="7.787347"><ele>435</ele></trkpt>
   <trkpt lat="47.310925" lon="7.788047"><ele>437.25</ele></trkpt>
   <trkpt lat="47.310941" lon="7.788092"><ele>437.25</ele></trkpt>
   <trkpt lat="47.312238" lon="7.791773"><ele>435.75</ele></trkpt>
   <trkpt lat="47.312746" lon="7.793217"><ele>435.5</ele></trkpt>
   <trkpt lat="47.31395" lon="7.796635"><ele>435</ele></trkpt>
   <trkpt lat="47.314166" lon="7.797249"><ele>434.75</ele></trkpt>
   <trkpt lat="47.314344" lon="7.797755"><ele>433.5</ele></trkpt>
   <trkpt lat="47.314787" lon="7.799014"><ele>435</ele></trkpt>
   <trkpt lat="47.315532" lon="7.80113"><ele>434.75</ele></trkpt>
   <trkpt lat="47.317067" lon="7.805488"><ele>432.5</ele></trkpt>
   <trkpt lat="47.317072" lon="7.8055"><ele>432.5</ele></trkpt>
   <trkpt lat="47.317147" lon="7.805712"><ele>429.75</ele></trkpt>
   <trkpt lat="47.317303" lon="7.806157"><ele>427.75</ele></trkpt>
   <trkpt lat="47.317522" lon="7.806777"><ele>432.25</ele></trkpt>
   <trkpt lat="47.31754" lon="7.806828"><ele>432.25</ele></trkpt>
   <trkpt lat="47.317954" lon="7.808003"><ele>432</ele></trkpt>
   <trkpt lat="47.318744" lon="7.810248"><ele>431.5</ele></trkpt>
   <trkpt lat="47.318825" lon="7.81049"><ele>431.75</ele></trkpt>
   <trkpt lat="47.318958" lon="7.810936"><ele>431.75</ele></trkpt>
   <trkpt lat="47.319075" lon="7.811299"><ele>431.75</ele></trkpt>
   <trkpt lat="47.319173" lon="7.811579"><ele>431.75</ele></trkpt>
   <trkpt lat="47.319787" lon="7.813323"><ele>431.75</ele></trkpt>
   <trkpt lat="47.323447" lon="7.823724"><ele>429</ele></trkpt>
   <trkpt lat="47.323982" lon="7.825247"><ele>428.5</ele></trkpt>
   <trkpt lat="47.324152" lon="7.82573"><ele>429.5</ele></trkpt>
   <trkpt lat="47.324907" lon="7.827866"><ele>427.75</ele></trkpt>
   <trkpt lat="47.324963" lon="7.82803"><ele>428.5</ele></trkpt>
   <trkpt lat="47.325528" lon="7.829637"><ele>428.25</ele></trkpt>
   <trkpt lat="47.325976" lon="7.830962"><ele>427.25</ele></trkpt>
   <trkpt lat="47.327304" lon="7.83502"><ele>426.5</ele></trkpt>
   <trkpt lat="47.327307" lon="7.83503"><ele>426.5</ele></trkpt>
   <trkpt lat="47.327568" lon="7.835825"><ele>426.75</ele></trkpt>
   <trkpt lat="47.327667" lon="7.836128"><ele>426.25</ele></trkpt>
   <trkpt lat="47.327929" lon="7.836953"><ele>428</ele></trkpt>
   <trkpt lat="47.32821" lon="7.837868"><ele>427.5</ele></trkpt>
   <trkpt lat="47.328334" lon="7.83824"><ele>427.25</ele></trkpt>
   <trkpt lat="47.32848" lon="7.838636"><ele>427.5</ele></trkpt>
   <trkpt lat="47.328585" lon="7.838944"><ele>427.5</ele></trkpt>
   <trkpt lat="47.328725" lon="7.839384"><ele>425.75</ele></trkpt>
   <trkpt lat="47.328762" lon="7.839507"><ele>425.5</ele></trkpt>
   <trkpt lat="47.329425" lon="7.841521"><ele>427.75</ele></trkpt>
   <trkpt lat="47.32988" lon="7.84291"><ele>427.5</ele></trkpt>
   <trkpt lat="47.33026" lon="7.844072"><ele>427.75</ele></trkpt>
   <trkpt lat="47.331108" lon="7.846671"><ele>427.75</ele></trkpt>
   <trkpt lat="47.331718" lon="7.848491"><ele>426.25</ele></trkpt>
   <trkpt lat="47.331756" lon="7.848599"><ele>426.25</ele></trkpt>
   <trkpt lat="47.332624" lon="7.851147"><ele>422.5</ele></trkpt>
   <trkpt lat="47.333442" lon="7.85367"><ele>421.5</ele></trkpt>
   <trkpt lat="47.333445" lon="7.85368"><ele>421.5</ele></trkpt>
   <trkpt lat="47.333448" lon="7.85369"><ele>421.5</ele></trkpt>
   <trkpt lat="47.334439" lon="7.856713"><ele>421.75</ele></trkpt>
   <trkpt lat="47.334671" lon="7.857374"><ele>421.25</ele></trkpt>
   <trkpt lat="47.334918" lon="7.858021"><ele>421</ele></trkpt>
   <trkpt lat="47.335174" lon="7.858658"><ele>421.25</ele></trkpt>
   <trkpt lat="47.335446" lon="7.859285"><ele>421</ele></trkpt>
   <trkpt lat="47.335693" lon="7.85983"><ele>420.75</ele></trkpt>
   <trkpt lat="47.335697" lon="7.859839"><ele>420.75</ele></trkpt>
   <trkpt lat="47.336112" lon="7.86068"><ele>421</ele></trkpt>
   <trkpt lat="47.336461" lon="7.861349"><ele>420.25</ele></trkpt>
   <trkpt lat="47.336513" lon="7.861442"><ele>420.25</ele></trkpt>
   <trkpt lat="47.336696" lon="7.86177"><ele>419.75</ele></trkpt>
   <trkpt lat="47.336997" lon="7.862285"><ele>419.75</ele></trkpt>
   <trkpt lat="47.337357" lon="7.862868"><ele>419.5</ele></trkpt>
   <trkpt lat="47.33779" lon="7.863531"><ele>419</ele></trkpt>
   <trkpt lat="47.338271" lon="7.864236"><ele>419</ele></trkpt>
   <trkpt lat="47.33834" lon="7.864333"><ele>419</ele></trkpt>
   <trkpt lat="47.338972" lon="7.86524"><ele>418.25</ele></trkpt>
   <trkpt lat="47.339323" lon="7.86573"><ele>418.25</ele></trkpt>
   <trkpt lat="47.340619" lon="7.867493"><ele>417</ele></trkpt>
   <trkpt lat="47.341437" lon="7.868677"><ele>417</ele></trkpt>
   <trkpt lat="47.341705" lon="7.869099"><ele>417</ele></trkpt>
   <trkpt lat="47.341794" lon="7.869255"><ele>417</ele></trkpt>
   <trkpt lat="47.341973" lon="7.86959"><ele>417</ele></trkpt>
   <trkpt lat="47.342127" lon="7.869913"><ele>417</ele></trkpt>
   <trkpt lat="47.342334" lon="7.870392"><ele>416.25</ele></trkpt>
   <trkpt lat="47.342527" lon="7.8709"><ele>416.25</ele></trkpt>
   <trkpt lat="47.342681" lon="7.871333"><ele>414.5</ele></trkpt>
   <trkpt lat="47.34288" lon="7.871938"><ele>414.25</ele></trkpt>
   <trkpt lat="47.342926" lon="7.872083"><ele>414.25</ele></trkpt>
   <trkpt lat="47.343161" lon="7.872891"><ele>413.5</ele></trkpt>
   <trkpt lat="47.343248" lon="7.873221"><ele>414</ele></trkpt>
   <trkpt lat="47.343466" lon="7.874122"><ele>413.5</ele></trkpt>
   <trkpt lat="47.346022" lon="7.885014"><ele>409.25</ele></trkpt>
   <trkpt lat="47.346199" lon="7.885693"><ele>409</ele></trkpt>
   <trkpt lat="47.346352" lon="7.886207"><ele>408.25</ele></trkpt>
   <trkpt lat="47.346533" lon="7.88673"><ele>407.75</ele></trkpt>
   <trkpt lat="47.346735" lon="7.887266"><ele>408</ele></trkpt>
   <trkpt lat="47.347645" lon="7.889541"><ele>407</ele></trkpt>
   <trkpt lat="47.347742" lon="7.889796"><ele>407</ele></trkpt>
   <trkpt lat="47.347946" lon="7.890386"><ele>406.75</ele></trkpt>
   <trkpt lat="47.348025" lon="7.890597"><ele>406</ele></trkpt>
   <trkpt lat="47.34806" lon="7.890688"><ele>406.5</ele></trkpt>
   <trkpt lat="47.348344" lon="7.8914"><ele>406</ele></trkpt>
   <trkpt lat="47.348379" lon="7.891486"><ele>406</ele></trkpt>
   <trkpt lat="47.348471" lon="7.891716"><ele>406</ele></trkpt>
   <trkpt lat="47.348724" lon="7.892361"><ele>406</ele></trkpt>
   <trkpt lat="47.3488" lon="7.892573"><ele>406</ele></trkpt>
   <trkpt lat="47.348873" lon="7.892803"><ele>405</ele></trkpt>
   <trkpt lat="47.348941" lon="7.893059"><ele>405</ele></trkpt>
   <trkpt lat="47.349016" lon="7.893416"><ele>405.5</ele></trkpt>
   <trkpt lat="47.349055" lon="7.893671"><ele>405.25</ele></trkpt>
   <trkpt lat="47.349082" lon="7.893918"><ele>404.75</ele></trkpt>
   <trkpt lat="47.3491" lon="7.894165"><ele>404</ele></trkpt>
   <trkpt lat="47.349108" lon="7.894415"><ele>404</ele></trkpt>
   <trkpt lat="47.349106" lon="7.894689"><ele>403.75</ele></trkpt>
   <trkpt lat="47.349087" lon="7.894986"><ele>404</ele></trkpt>
   <trkpt lat="47.349047" lon="7.895368"><ele>402.75</ele></trkpt>
   <trkpt lat="47.348977" lon="7.895785"><ele>403.25</ele></trkpt>
   <trkpt lat="47.348916" lon="7.89608"><ele>403.75</ele></trkpt>
   <trkpt lat="47.348803" lon="7.896549"><ele>403</ele></trkpt>
   <trkpt lat="47.348717" lon="7.896855"><ele>403.25</ele></trkpt>
   <trkpt lat="47.348647" lon="7.897077"><ele>403</ele></trkpt>
   <trkpt lat="47.348506" lon="7.897467"><ele>402.75</ele></trkpt>
   <trkpt lat="47.348329" lon="7.897888"><ele>403.25</ele></trkpt>
   <trkpt lat="47.348217" lon="7.898119"><ele>403.25</ele></trkpt>
   <trkpt lat="47.348094" lon="7.898353"><ele>402.75</ele></trkpt>
   <trkpt lat="47.347048" lon="7.900156"><ele>403</ele></trkpt>
   <trkpt lat="47.346656" lon="7.900889"><ele>403</ele></trkpt>
   <trkpt lat="47.346522" lon="7.901176"><ele>402.75</ele></trkpt>
   <trkpt lat="47.346404" lon="7.901484"><ele>401.75</ele></trkpt>
   <trkpt lat="47.346299" lon="7.901827"><ele>402.25</ele></trkpt>
   <trkpt lat="47.346221" lon="7.902171"><ele>402.5</ele></trkpt>
   <trkpt lat="47.346165" lon="7.902535"><ele>402.25</ele></trkpt>
   <trkpt lat="47.346126" lon="7.902939"><ele>401</ele></trkpt>
   <trkpt lat="47.346114" lon="7.903294"><ele>401.75</ele></trkpt>
   <trkpt lat="47.346116" lon="7.903586"><ele>401</ele></trkpt>
   <trkpt lat="47.346134" lon="7.903899"><ele>400</ele></trkpt>
   <trkpt lat="47.34618" lon="7.904278"><ele>400</ele></trkpt>
   <trkpt lat="47.346203" lon="7.904411"><ele>399.75</ele></trkpt>
   <trkpt lat="47.346262" lon="7.90468"><ele>400</ele></trkpt>
   <trkpt lat="47.346299" lon="7.904829"><ele>398.5</ele></trkpt>
   <trkpt lat="47.346342" lon="7.904971"><ele>398.25</ele></trkpt>
   <trkpt lat="47.346433" lon="7.905243"><ele>397.75</ele></trkpt>
   <trkpt lat="47.34653" lon="7.905476"><ele>397.25</ele></trkpt>
   <trkpt lat="47.346613" lon="7.90565"><ele>397</ele></trkpt>
   <trkpt lat="47.346764" lon="7.905925"><ele>396.5</ele></trkpt>
   <trkpt lat="47.34695" lon="7.906206"><ele>395.75</ele></trkpt>
   <trkpt lat="47.347106" lon="7.906406"><ele>395.5</ele></trkpt>
   <trkpt lat="47.347179" lon="7.906486"><ele>395.5</ele></trkpt>
   <trkpt lat="47.347339" lon="7.906659"><ele>395.75</ele></trkpt>
   <trkpt lat="47.347484" lon="7.906799"><ele>396.75</ele></trkpt>
   <trkpt lat="47.347553" lon="7.90686"><ele>396.75</ele></trkpt>
   <trkpt lat="47.34766" lon="7.906939"><ele>396.75</ele></trkpt>
   <trkpt lat="47.347808" lon="7.907027"><ele>396.5</ele></trkpt>
   <trkpt lat="47.347962" lon="7.907092"><ele>395.75</ele></trkpt>
   <trkpt lat="47.348164" lon="7.907156"><ele>395.75</ele></trkpt>
   <trkpt lat="47.348314" lon="7.90719"><ele>395.75</ele></trkpt>
   <trkpt lat="47.348392" lon="7.907204"><ele>395.75</ele></trkpt>
   <trkpt lat="47.348742" lon="7.907265"><ele>396</ele></trkpt>
   <trkpt lat="47.348859" lon="7.907293"><ele>396</ele></trkpt>
   <trkpt lat="47.349144" lon="7.907388"><ele>396</ele></trkpt>
   <trkpt lat="47.34926" lon="7.907416"><ele>394.5</ele></trkpt>
   <trkpt lat="47.349407" lon="7.907443"><ele>392.5</ele></trkpt>
   <trkpt lat="47.349767" lon="7.907529"><ele>396</ele></trkpt>
   <trkpt lat="47.350283" lon="7.907668"><ele>396</ele></trkpt>
   <trkpt lat="47.350592" lon="7.907752"><ele>396</ele></trkpt>
   <trkpt lat="47.35116" lon="7.907897"><ele>397</ele></trkpt>
   <trkpt lat="47.351418" lon="7.907948"><ele>396.75</ele></trkpt>
   <trkpt lat="47.351989" lon="7.908042"><ele>396</ele></trkpt>
   <trkpt lat="47.353455" lon="7.908286"><ele>396.75</ele></trkpt>
   <trkpt lat="47.353756" lon="7.908349"><ele>396.5</ele></trkpt>
   <trkpt lat="47.353845" lon="7.90837"><ele>396.25</ele></trkpt>
   <trkpt lat="47.354075" lon="7.908449"><ele>396.25</ele></trkpt>
   <trkpt lat="47.35435" lon="7.90857"><ele>396.75</ele></trkpt>
   <trkpt lat="47.354725" lon="7.908773"><ele>396.5</ele></trkpt>
   <trkpt lat="47.354874" lon="7.908857"><ele>396.25</ele></trkpt>
   <trkpt lat="47.355119" lon="7.909015"><ele>396.25</ele></trkpt>
   <trkpt lat="47.355422" lon="7.909238"><ele>396.25</ele></trkpt>
   <trkpt lat="47.355615" lon="7.9094"><ele>396</ele></trkpt>
   <trkpt lat="47.355791" lon="7.909547"><ele>396</ele></trkpt>
   <trkpt lat="47.356215" lon="7.909976"><ele>396</ele></trkpt>
   <trkpt lat="47.356811" lon="7.910599"><ele>395.75</ele></trkpt>
   <trkpt lat="47.357119" lon="7.910937"><ele>396</ele></trkpt>
   <trkpt lat="47.357352" lon="7.911241"><ele>396</ele></trkpt>
   <trkpt lat="47.357551" lon="7.911539"><ele>396</ele></trkpt>
   <trkpt lat="47.357679" lon="7.911756"><ele>396</ele></trkpt>
   <trkpt lat="47.357832" lon="7.912041"><ele>395.75</ele></trkpt>
   <trkpt lat="47.358177" lon="7.912719"><ele>396</ele></trkpt>
   <trkpt lat="47.358234" lon="7.912831"><ele>396</ele></trkpt>
   <trkpt lat="47.359447" lon="7.915214"><ele>396</ele></trkpt>
   <trkpt lat="47.359643" lon="7.915624"><ele>396</ele></trkpt>
   <trkpt lat="47.359948" lon="7.91635"><ele>396</ele></trkpt>
   <trkpt lat="47.360017" lon="7.916528"><ele>396.25</ele></trkpt>
   <trkpt lat="47.360132" lon="7.916857"><ele>396</ele></trkpt>
   <trkpt lat="47.360254" lon="7.917256"><ele>396</ele></trkpt>
   <trkpt lat="47.360312" lon="7.917475"><ele>395.75</ele></trkpt>
   <trkpt lat="47.360397" lon="7.917858"><ele>396</ele></trkpt>
   <trkpt lat="47.360465" lon="7.918261"><ele>396.25</ele></trkpt>
   <trkpt lat="47.360512" lon="7.918643"><ele>396</ele></trkpt>
   <trkpt lat="47.360531" lon="7.918858"><ele>396</ele></trkpt>
   <trkpt lat="47.360558" lon="7.919374"><ele>396.75</ele></trkpt>
   <trkpt lat="47.360555" lon="7.919846"><ele>395.75</ele></trkpt>
   <trkpt lat="47.360519" lon="7.920383"><ele>395.5</ele></trkpt>
   <trkpt lat="47.360514" lon="7.920453"><ele>395.5</ele></trkpt>
   <trkpt lat="47.360479" lon="7.920755"><ele>396.25</ele></trkpt>
   <trkpt lat="47.360398" lon="7.921231"><ele>396</ele></trkpt>
   <trkpt lat="47.360334" lon="7.921539"><ele>396.5</ele></trkpt>
   <trkpt lat="47.360171" lon="7.922144"><ele>405.25</ele></trkpt>
   <trkpt lat="47.360069" lon="7.92247"><ele>406.25</ele></trkpt>
   <trkpt lat="47.359915" lon="7.922889"><ele>401</ele></trkpt>
   <trkpt lat="47.359743" lon="7.923298"><ele>398.5</ele></trkpt>
   <trkpt lat="47.359609" lon="7.923588"><ele>401.25</ele></trkpt>
   <trkpt lat="47.359496" lon="7.923814"><ele>399.75</ele></trkpt>
   <trkpt lat="47.359294" lon="7.924182"><ele>400</ele></trkpt>
   <trkpt lat="47.359169" lon="7.924396"><ele>398</ele></trkpt>
   <trkpt lat="47.358365" lon="7.925727"><ele>398.25</ele></trkpt>
   <trkpt lat="47.358116" lon="7.926166"><ele>397.5</ele></trkpt>
   <trkpt lat="47.357868" lon="7.92662"><ele>398.5</ele></trkpt>
   <trkpt lat="47.357468" lon="7.927396"><ele>400.75</ele></trkpt>
   <trkpt lat="47.357106" lon="7.92816"><ele>400</ele></trkpt>
   <trkpt lat="47.356887" lon="7.928669"><ele>398.25</ele></trkpt>
   <trkpt lat="47.356696" lon="7.929165"><ele>397.5</ele></trkpt>
   <trkpt lat="47.356459" lon="7.929832"><ele>396.75</ele></trkpt>
   <trkpt lat="47.356183" lon="7.930724"><ele>397.5</ele></trkpt>
   <trkpt lat="47.355967" lon="7.931532"><ele>397.5</ele></trkpt>
   <trkpt lat="47.35577" lon="7.932371"><ele>397.75</ele></trkpt>
   <trkpt lat="47.355537" lon="7.933636"><ele>397.75</ele></trkpt>
   <trkpt lat="47.355397" lon="7.934629"><ele>394.5</ele></trkpt>
   <trkpt lat="47.354293" lon="7.943908"><ele>394</ele></trkpt>
   <trkpt lat="47.35397" lon="7.946562"><ele>394</ele></trkpt>
   <trkpt lat="47.353847" lon="7.947556"><ele>394</ele></trkpt>
   <trkpt lat="47.353709" lon="7.948348"><ele>394</ele></trkpt>
   <trkpt lat="47.353588" lon="7.948893"><ele>393.75</ele></trkpt>
   <trkpt lat="47.353456" lon="7.949401"><ele>393.75</ele></trkpt>
   <trkpt lat="47.353305" lon="7.949889"><ele>393</ele></trkpt>
   <trkpt lat="47.353154" lon="7.950312"><ele>392.75</ele></trkpt>
   <trkpt lat="47.352929" lon="7.95087"><ele>391.25</ele></trkpt>
   <trkpt lat="47.352816" lon="7.951132"><ele>388.5</ele></trkpt>
   <trkpt lat="47.3527" lon="7.951386"><ele>392.5</ele></trkpt>
   <trkpt lat="47.351491" lon="7.95377"><ele>389.25</ele></trkpt>
   <trkpt lat="47.351227" lon="7.954311"><ele>389</ele></trkpt>
   <trkpt lat="47.351101" lon="7.954593"><ele>390.25</ele></trkpt>
   <trkpt lat="47.350972" lon="7.954907"><ele>389.25</ele></trkpt>
   <trkpt lat="47.350852" lon="7.955232"><ele>390.25</ele></trkpt>
   <trkpt lat="47.350739" lon="7.955562"><ele>389.75</ele></trkpt>
   <trkpt lat="47.350564" lon="7.956157"><ele>389.75</ele></trkpt>
   <trkpt lat="47.35042" lon="7.956766"><ele>389</ele></trkpt>
   <trkpt lat="47.350338" lon="7.957198"><ele>388.75</ele></trkpt>
   <trkpt lat="47.350269" lon="7.957637"><ele>389.75</ele></trkpt>
   <trkpt lat="47.350229" lon="7.957951"><ele>389.75</ele></trkpt>
   <trkpt lat="47.350172" lon="7.958587"><ele>389</ele></trkpt>
   <trkpt lat="47.350153" lon="7.958908"><ele>388.25</ele></trkpt>
   <trkpt lat="47.350144" lon="7.959591"><ele>388</ele></trkpt>
   <trkpt lat="47.350151" lon="7.959944"><ele>388.25</ele></trkpt>
   <trkpt lat="47.350167" lon="7.960296"><ele>387.5</ele></trkpt>
   <trkpt lat="47.350224" lon="7.960928"><ele>388.75</ele></trkpt>
   <trkpt lat="47.350262" lon="7.961244"><ele>388.5</ele></trkpt>
   <trkpt lat="47.350308" lon="7.96156"><ele>388</ele></trkpt>
   <trkpt lat="47.350359" lon="7.961855"><ele>387.75</ele></trkpt>
   <trkpt lat="47.350416" lon="7.962146"><ele>387.5</ele></trkpt>
   <trkpt lat="47.350545" lon="7.962699"><ele>387.75</ele></trkpt>
   <trkpt lat="47.350636" lon="7.963034"><ele>386.5</ele></trkpt>
   <trkpt lat="47.350736" lon="7.963363"><ele>387.25</ele></trkpt>
   <trkpt lat="47.3509" lon="7.96384"><ele>386.25</ele></trkpt>
   <trkpt lat="47.351557" lon="7.965579"><ele>385.75</ele></trkpt>
   <trkpt lat="47.35163" lon="7.965767"><ele>385.75</ele></trkpt>
   <trkpt lat="47.352409" lon="7.967852"><ele>383</ele></trkpt>
   <trkpt lat="47.353728" lon="7.971423"><ele>383.5</ele></trkpt>
   <trkpt lat="47.354251" lon="7.97273"><ele>383</ele></trkpt>
   <trkpt lat="47.354522" lon="7.973433"><ele>382.25</ele></trkpt>
   <trkpt lat="47.354675" lon="7.973844"><ele>382</ele></trkpt>
   <trkpt lat="47.355387" lon="7.975656"><ele>381.5</ele></trkpt>
   <trkpt lat="47.355829" lon="7.97683"><ele>381.5</ele></trkpt>
   <trkpt lat="47.356598" lon="7.978758"><ele>382</ele></trkpt>
   <trkpt lat="47.357108" lon="7.980063"><ele>381.75</ele></trkpt>
   <trkpt lat="47.357426" lon="7.980897"><ele>381</ele></trkpt>
   <trkpt lat="47.358047" lon="7.982559"><ele>381</ele></trkpt>
   <trkpt lat="47.358104" lon="7.982711"><ele>381</ele></trkpt>
   <trkpt lat="47.358575" lon="7.983972"><ele>381.25</ele></trkpt>
   <trkpt lat="47.358617" lon="7.984084"><ele>381.5</ele></trkpt>
   <trkpt lat="47.359131" lon="7.98538"><ele>381.75</ele></trkpt>
   <trkpt lat="47.359437" lon="7.986162"><ele>381.75</ele></trkpt>
   <trkpt lat="47.359761" lon="7.987032"><ele>381.75</ele></trkpt>
   <trkpt lat="47.360718" lon="7.98966"><ele>377.5</ele></trkpt>
   <trkpt lat="47.36112" lon="7.990765"><ele>376.5</ele></trkpt>
   <trkpt lat="47.361782" lon="7.992574"><ele>377.5</ele></trkpt>
   <trkpt lat="47.361969" lon="7.993046"><ele>377.75</ele></trkpt>
   <trkpt lat="47.362134" lon="7.993426"><ele>377</ele></trkpt>
   <trkpt lat="47.362333" lon="7.993838"><ele>376.25</ele></trkpt>
   <trkpt lat="47.362525" lon="7.99419"><ele>376</ele></trkpt>
   <trkpt lat="47.362723" lon="7.994519"><ele>377.5</ele></trkpt>
   <trkpt lat="47.362919" lon="7.994815"><ele>378</ele></trkpt>
   <trkpt lat="47.363181" lon="7.995174"><ele>378</ele></trkpt>
   <trkpt lat="47.363457" lon="7.995519"><ele>377.5</ele></trkpt>
   <trkpt lat="47.363726" lon="7.995824"><ele>377.5</ele></trkpt>
   <trkpt lat="47.364" lon="7.996116"><ele>377.25</ele></trkpt>
   <trkpt lat="47.364293" lon="7.9964"><ele>377.5</ele></trkpt>
   <trkpt lat="47.36462" lon="7.996685"><ele>377.75</ele></trkpt>
   <trkpt lat="47.364875" lon="7.996882"><ele>377.75</ele></trkpt>
   <trkpt lat="47.365177" lon="7.997092"><ele>377.25</ele></trkpt>
   <trkpt lat="47.365495" lon="7.997282"><ele>377</ele></trkpt>
   <trkpt lat="47.365854" lon="7.997469"><ele>378.25</ele></trkpt>
   <trkpt lat="47.36632" lon="7.997689"><ele>377.75</ele></trkpt>
   <trkpt lat="47.366744" lon="7.997885"><ele>378.25</ele></trkpt>
   <trkpt lat="47.367075" lon="7.998045"><ele>378.75</ele></trkpt>
   <trkpt lat="47.367611" lon="7.998339"><ele>378.5</ele></trkpt>
   <trkpt lat="47.367857" lon="7.998457"><ele>379</ele></trkpt>
   <trkpt lat="47.367925" lon="7.998488"><ele>379</ele></trkpt>
   <trkpt lat="47.369252" lon="7.999097"><ele>378.5</ele></trkpt>
   <trkpt lat="47.370285" lon="7.999573"><ele>378.75</ele></trkpt>
   <trkpt lat="47.371422" lon="8.000097"><ele>378</ele></trkpt>
   <trkpt lat="47.372253" lon="8.000471"><ele>378.25</ele></trkpt>
   <trkpt lat="47.372658" lon="8.000653"><ele>378</ele></trkpt>
   <trkpt lat="47.372968" lon="8.000805"><ele>377.75</ele></trkpt>
   <trkpt lat="47.373286" lon="8.000982"><ele>377</ele></trkpt>
   <trkpt lat="47.373553" lon="8.001157"><ele>376.75</ele></trkpt>
   <trkpt lat="47.373809" lon="8.001346"><ele>377</ele></trkpt>
   <trkpt lat="47.374058" lon="8.001557"><ele>375.75</ele></trkpt>
   <trkpt lat="47.374321" lon="8.001812"><ele>375.5</ele></trkpt>
   <trkpt lat="47.37459" lon="8.002102"><ele>376</ele></trkpt>
   <trkpt lat="47.374816" lon="8.002378"><ele>375.75</ele></trkpt>
   <trkpt lat="47.375021" lon="8.002657"><ele>375.75</ele></trkpt>
   <trkpt lat="47.375226" lon="8.002969"><ele>376</ele></trkpt>
   <trkpt lat="47.375416" lon="8.003281"><ele>375.25</ele></trkpt>
   <trkpt lat="47.375623" lon="8.003673"><ele>375.5</ele></trkpt>
   <trkpt lat="47.375758" lon="8.00395"><ele>375</ele></trkpt>
   <trkpt lat="47.376024" lon="8.004569"><ele>375.25</ele></trkpt>
   <trkpt lat="47.376777" lon="8.006436"><ele>375.5</ele></trkpt>
   <trkpt lat="47.377761" lon="8.008859"><ele>373.75</ele></trkpt>
   <trkpt lat="47.378705" lon="8.011183"><ele>371.5</ele></trkpt>
   <trkpt lat="47.378783" lon="8.011377"><ele>369.25</ele></trkpt>
   <trkpt lat="47.378836" lon="8.011507"><ele>369.5</ele></trkpt>
   <trkpt lat="47.379379" lon="8.012843"><ele>372</ele></trkpt>
   <trkpt lat="47.379658" lon="8.013534"><ele>371.25</ele></trkpt>
   <trkpt lat="47.379889" lon="8.014105"><ele>371</ele></trkpt>
   <trkpt lat="47.380131" lon="8.014726"><ele>371</ele></trkpt>
   <trkpt lat="47.380457" lon="8.015588"><ele>370.25</ele></trkpt>
   <trkpt lat="47.380606" lon="8.015976"><ele>370</ele></trkpt>
   <trkpt lat="47.381928" lon="8.019242"><ele>370.25</ele></trkpt>
   <trkpt lat="47.383291" lon="8.022637"><ele>370.5</ele></trkpt>
   <trkpt lat="47.384124" lon="8.024863"><ele>370.75</ele></trkpt>
   <trkpt lat="47.38447" lon="8.025808"><ele>370.75</ele></trkpt>
   <trkpt lat="47.38483" lon="8.026839"><ele>370</ele></trkpt>
   <trkpt lat="47.385094" lon="8.02765"><ele>370</ele></trkpt>
   <trkpt lat="47.385245" lon="8.02814"><ele>371</ele></trkpt>
   <trkpt lat="47.385506" lon="8.029063"><ele>370.75</ele></trkpt>
   <trkpt lat="47.38578" lon="8.030105"><ele>370.25</ele></trkpt>
   <trkpt lat="47.386814" lon="8.034155"><ele>370</ele></trkpt>
   <trkpt lat="47.387229" lon="8.035814"><ele>372</ele></trkpt>
   <trkpt lat="47.387407" lon="8.036505"><ele>371.25</ele></trkpt>
   <trkpt lat="47.387735" lon="8.037742"><ele>373</ele></trkpt>
   <trkpt lat="47.387916" lon="8.038532"><ele>371.25</ele></trkpt>
   <trkpt lat="47.388026" lon="8.039029"><ele>370.5</ele></trkpt>
   <trkpt lat="47.388133" lon="8.03952"><ele>370.25</ele></trkpt>
   <trkpt lat="47.38835" lon="8.040562"><ele>371.5</ele></trkpt>
   <trkpt lat="47.388905" lon="8.043446"><ele>375.25</ele></trkpt>
   <trkpt lat="47.389122" lon="8.044454"><ele>376.75</ele></trkpt>
   <trkpt lat="47.38932" lon="8.045264"><ele>377.75</ele></trkpt>
   <trkpt lat="47.389543" lon="8.046069"><ele>378.75</ele></trkpt>
   <trkpt lat="47.389875" lon="8.047151"><ele>380.25</ele></trkpt>
   <trkpt lat="47.390216" lon="8.048226"><ele>382</ele></trkpt>
   <trkpt lat="47.390433" lon="8.04893"><ele>382</ele></trkpt>
   <trkpt lat="47.39064" lon="8.049649"><ele>383</ele></trkpt>
   <trkpt lat="47.391177" lon="8.051682"><ele>383</ele></trkpt>
   <trkpt lat="47.391538" lon="8.053029"><ele>383.25</ele></trkpt>
   <trkpt lat="47.391722" lon="8.053663"><ele>383.5</ele></trkpt>
   <trkpt lat="47.391931" lon="8.054378"><ele>383</ele></trkpt>
   <trkpt lat="47.391935" lon="8.054393"><ele>383</ele></trkpt>
   <trkpt lat="47.392001" lon="8.054643"><ele>383</ele></trkpt>
   <trkpt lat="47.392206" lon="8.05555"><ele>383</ele></trkpt>
   <trkpt lat="47.39227" lon="8.055801"><ele>383</ele></trkpt>
   <trkpt lat="47.39238" lon="8.056218"><ele>380</ele></trkpt>
   <trkpt lat="47.392624" lon="8.057182"><ele>383.25</ele></trkpt>
   <trkpt lat="47.392698" lon="8.057504"><ele>383</ele></trkpt>
   <trkpt lat="47.392819" lon="8.058143"><ele>383</ele></trkpt>
   <trkpt lat="47.3929" lon="8.058538"><ele>383</ele></trkpt>
   <trkpt lat="47.393023" lon="8.059098"><ele>382.75</ele></trkpt>
   <trkpt lat="47.393218" lon="8.060088"><ele>382.75</ele></trkpt>
   <trkpt lat="47.39331" lon="8.060606"><ele>382.5</ele></trkpt>
   <trkpt lat="47.393473" lon="8.061641"><ele>382</ele></trkpt>
   <trkpt lat="47.39376" lon="8.063595"><ele>382</ele></trkpt>
   <trkpt lat="47.393937" lon="8.064815"><ele>382</ele></trkpt>
   <trkpt lat="47.394469" lon="8.06845"><ele>382</ele></trkpt>
   <trkpt lat="47.394551" lon="8.06898"><ele>382</ele></trkpt>
   <trkpt lat="47.394645" lon="8.069538"><ele>382</ele></trkpt>
   <trkpt lat="47.394838" lon="8.070654"><ele>382</ele></trkpt>
   <trkpt lat="47.394934" lon="8.071274"><ele>380</ele></trkpt>
   <trkpt lat="47.394947" lon="8.071372"><ele>378.75</ele></trkpt>
   <trkpt lat="47.395004" lon="8.071754"><ele>380.25</ele></trkpt>
   <trkpt lat="47.395188" lon="8.073022"><ele>380.75</ele></trkpt>
   <trkpt lat="47.395355" lon="8.074171"><ele>376</ele></trkpt>
   <trkpt lat="47.395444" lon="8.074848"><ele>376.25</ele></trkpt>
   <trkpt lat="47.395757" lon="8.077499"><ele>381</ele></trkpt>
   <trkpt lat="47.39589" lon="8.078519"><ele>382.75</ele></trkpt>
   <trkpt lat="47.396283" lon="8.08123"><ele>381.25</ele></trkpt>
   <trkpt lat="47.39641" lon="8.082102"><ele>382.75</ele></trkpt>
   <trkpt lat="47.396486" lon="8.082625"><ele>382.75</ele></trkpt>
   <trkpt lat="47.396569" lon="8.083185"><ele>383.25</ele></trkpt>
   <trkpt lat="47.397947" lon="8.092649"><ele>384</ele></trkpt>
   <trkpt lat="47.39795" lon="8.092666"><ele>384</ele></trkpt>
   <trkpt lat="47.400849" lon="8.112574"><ele>378.25</ele></trkpt>
   <trkpt lat="47.400853" lon="8.112596"><ele>378.25</ele></trkpt>
   <trkpt lat="47.401387" lon="8.116268"><ele>375</ele></trkpt>
   <trkpt lat="47.401436" lon="8.116609"><ele>377</ele></trkpt>
   <trkpt lat="47.401586" lon="8.117687"><ele>377.25</ele></trkpt>
   <trkpt lat="47.401744" lon="8.118765"><ele>377</ele></trkpt>
   <trkpt lat="47.401761" lon="8.118879"><ele>377</ele></trkpt>
   <trkpt lat="47.401886" lon="8.119615"><ele>376</ele></trkpt>
   <trkpt lat="47.402247" lon="8.121499"><ele>374.25</ele></trkpt>
   <trkpt lat="47.402461" lon="8.122655"><ele>373</ele></trkpt>
   <trkpt lat="47.40263" lon="8.123514"><ele>373.75</ele></trkpt>
   <trkpt lat="47.402864" lon="8.124593"><ele>373.5</ele></trkpt>
   <trkpt lat="47.403343" lon="8.126737"><ele>372.75</ele></trkpt>
   <trkpt lat="47.403544" lon="8.127734"><ele>373</ele></trkpt>
   <trkpt lat="47.403558" lon="8.12781"><ele>373</ele></trkpt>
   <trkpt lat="47.40368" lon="8.128491"><ele>373</ele></trkpt>
   <trkpt lat="47.403801" lon="8.129214"><ele>370.25</ele></trkpt>
   <trkpt lat="47.4039" lon="8.129897"><ele>373.25</ele></trkpt>
   <trkpt lat="47.404025" lon="8.130853"><ele>372.25</ele></trkpt>
   <trkpt lat="47.404076" lon="8.131295"><ele>373</ele></trkpt>
   <trkpt lat="47.404146" lon="8.131985"><ele>375.5</ele></trkpt>
   <trkpt lat="47.404179" lon="8.132372"><ele>374.75</ele></trkpt>
   <trkpt lat="47.40421" lon="8.132853"><ele>374.25</ele></trkpt>
   <trkpt lat="47.404229" lon="8.133301"><ele>373.75</ele></trkpt>
   <trkpt lat="47.404235" lon="8.133615"><ele>373.5</ele></trkpt>
   <trkpt lat="47.404234" lon="8.134344"><ele>373.5</ele></trkpt>
   <trkpt lat="47.404221" lon="8.13477"><ele>373.25</ele></trkpt>
   <trkpt lat="47.404182" lon="8.135416"><ele>373.5</ele></trkpt>
   <trkpt lat="47.404127" lon="8.136024"><ele>378</ele></trkpt>
   <trkpt lat="47.404061" lon="8.13658"><ele>375.5</ele></trkpt>
   <trkpt lat="47.403981" lon="8.137121"><ele>374.75</ele></trkpt>
   <trkpt lat="47.403926" lon="8.137437"><ele>377.5</ele></trkpt>
   <trkpt lat="47.403817" lon="8.138003"><ele>377.5</ele></trkpt>
   <trkpt lat="47.40376" lon="8.138259"><ele>375.25</ele></trkpt>
   <trkpt lat="47.403689" lon="8.138568"><ele>374.25</ele></trkpt>
   <trkpt lat="47.403571" lon="8.139022"><ele>379</ele></trkpt>
   <trkpt lat="47.403514" lon="8.13923"><ele>378</ele></trkpt>
   <trkpt lat="47.403348" lon="8.139779"><ele>380</ele></trkpt>
   <trkpt lat="47.40314" lon="8.14039"><ele>378.75</ele></trkpt>
   <trkpt lat="47.403013" lon="8.140728"><ele>380.5</ele></trkpt>
   <trkpt lat="47.402759" lon="8.141346"><ele>382</ele></trkpt>
   <trkpt lat="47.402638" lon="8.141618"><ele>379.75</ele></trkpt>
   <trkpt lat="47.402372" lon="8.142169"><ele>380</ele></trkpt>
   <trkpt lat="47.402016" lon="8.142827"><ele>381.25</ele></trkpt>
   <trkpt lat="47.401846" lon="8.143113"><ele>379.75</ele></trkpt>
   <trkpt lat="47.401674" lon="8.143388"><ele>383.5</ele></trkpt>
   <trkpt lat="47.401499" lon="8.143652"><ele>382.25</ele></trkpt>
   <trkpt lat="47.40119" lon="8.144089"><ele>383.5</ele></trkpt>
   <trkpt lat="47.40085" lon="8.144539"><ele>383.75</ele></trkpt>
   <trkpt lat="47.400147" lon="8.145442"><ele>388.25</ele></trkpt>
   <trkpt lat="47.399904" lon="8.145766"><ele>388.75</ele></trkpt>
   <trkpt lat="47.39954" lon="8.146283"><ele>390</ele></trkpt>
   <trkpt lat="47.399193" lon="8.146816"><ele>390</ele></trkpt>
   <trkpt lat="47.398794" lon="8.147529"><ele>390</ele></trkpt>
   <trkpt lat="47.39843" lon="8.148274"><ele>391.75</ele></trkpt>
   <trkpt lat="47.398179" lon="8.148852"><ele>392.75</ele></trkpt>
   <trkpt lat="47.39795" lon="8.149451"><ele>392.25</ele></trkpt>
   <trkpt lat="47.397694" lon="8.150196"><ele>392.25</ele></trkpt>
   <trkpt lat="47.397436" lon="8.15098"><ele>392.5</ele></trkpt>
   <trkpt lat="47.396088" lon="8.155258"><ele>396</ele></trkpt>
   <trkpt lat="47.394648" lon="8.159798"><ele>399.75</ele></trkpt>
   <trkpt lat="47.394579" lon="8.160032"><ele>399.5</ele></trkpt>
   <trkpt lat="47.394391" lon="8.160736"><ele>400</ele></trkpt>
   <trkpt lat="47.39432" lon="8.160977"><ele>400</ele></trkpt>
   <trkpt lat="47.394171" lon="8.16145"><ele>401</ele></trkpt>
   <trkpt lat="47.393818" lon="8.162559"><ele>400.25</ele></trkpt>
   <trkpt lat="47.393603" lon="8.163238"><ele>400</ele></trkpt>
   <trkpt lat="47.393334" lon="8.164103"><ele>403.75</ele></trkpt>
   <trkpt lat="47.393194" lon="8.164575"><ele>404</ele></trkpt>
   <trkpt lat="47.392477" lon="8.167145"><ele>406</ele></trkpt>
   <trkpt lat="47.391932" lon="8.169104"><ele>406</ele></trkpt>
   <trkpt lat="47.3917" lon="8.169866"><ele>406</ele></trkpt>
   <trkpt lat="47.391583" lon="8.170228"><ele>406.5</ele></trkpt>
   <trkpt lat="47.391327" lon="8.170958"><ele>406.25</ele></trkpt>
   <trkpt lat="47.390941" lon="8.17199"><ele>405.75</ele></trkpt>
   <trkpt lat="47.390777" lon="8.172462"><ele>406</ele></trkpt>
   <trkpt lat="47.390672" lon="8.172798"><ele>405.5</ele></trkpt>
   <trkpt lat="47.390571" lon="8.173157"><ele>406.5</ele></trkpt>
   <trkpt lat="47.390457" lon="8.173625"><ele>405.25</ele></trkpt>
   <trkpt lat="47.390352" lon="8.174155"><ele>407</ele></trkpt>
   <trkpt lat="47.390291" lon="8.174545"><ele>407.25</ele></trkpt>
   <trkpt lat="47.390236" lon="8.174981"><ele>406.5</ele></trkpt>
   <trkpt lat="47.390196" lon="8.175445"><ele>404.25</ele></trkpt>
   <trkpt lat="47.390164" lon="8.176119"><ele>403</ele></trkpt>
   <trkpt lat="47.39017" lon="8.176778"><ele>403.75</ele></trkpt>
   <trkpt lat="47.390198" lon="8.177253"><ele>405</ele></trkpt>
   <trkpt lat="47.390205" lon="8.177378"><ele>405.5</ele></trkpt>
   <trkpt lat="47.390266" lon="8.177955"><ele>408.75</ele></trkpt>
   <trkpt lat="47.390425" lon="8.179058"><ele>406.5</ele></trkpt>
   <trkpt lat="47.390608" lon="8.180196"><ele>406.75</ele></trkpt>
   <trkpt lat="47.390711" lon="8.180891"><ele>406</ele></trkpt>
   <trkpt lat="47.390985" lon="8.182649"><ele>415.25</ele></trkpt>
   <trkpt lat="47.391233" lon="8.184248"><ele>419</ele></trkpt>
   <trkpt lat="47.392469" lon="8.192242"><ele>423.5</ele></trkpt>
   <trkpt lat="47.39253" lon="8.192633"><ele>422.75</ele></trkpt>
   <trkpt lat="47.393414" lon="8.198336"><ele>425.5</ele></trkpt>
   <trkpt lat="47.393424" lon="8.1984"><ele>425.5</ele></trkpt>
   <trkpt lat="47.393537" lon="8.199063"><ele>426</ele></trkpt>
   <trkpt lat="47.393629" lon="8.199554"><ele>426.25</ele></trkpt>
   <trkpt lat="47.393658" lon="8.19969"><ele>426.5</ele></trkpt>
   <trkpt lat="47.393701" lon="8.19989"><ele>426</ele></trkpt>
   <trkpt lat="47.393771" lon="8.20017"><ele>426.5</ele></trkpt>
   <trkpt lat="47.393937" lon="8.200748"><ele>427.75</ele></trkpt>
   <trkpt lat="47.394032" lon="8.201041"><ele>427.75</ele></trkpt>
   <trkpt lat="47.394145" lon="8.201359"><ele>427.75</ele></trkpt>
   <trkpt lat="47.394268" lon="8.201676"><ele>427.5</ele></trkpt>
   <trkpt lat="47.394522" lon="8.202254"><ele>427.5</ele></trkpt>
   <trkpt lat="47.394723" lon="8.202652"><ele>427.5</ele></trkpt>
   <trkpt lat="47.394945" lon="8.203048"><ele>426.75</ele></trkpt>
   <trkpt lat="47.395258" lon="8.203544"><ele>425.75</ele></trkpt>
   <trkpt lat="47.395479" lon="8.203855"><ele>425</ele></trkpt>
   <trkpt lat="47.395709" lon="8.204149"><ele>424.5</ele></trkpt>
   <trkpt lat="47.395948" lon="8.204429"><ele>423.75</ele></trkpt>
   <trkpt lat="47.396198" lon="8.204693"><ele>423.25</ele></trkpt>
   <trkpt lat="47.396434" lon="8.20492"><ele>423.25</ele></trkpt>
   <trkpt lat="47.396808" lon="8.205238"><ele>422.5</ele></trkpt>
   <trkpt lat="47.397209" lon="8.205528"><ele>423.25</ele></trkpt>
   <trkpt lat="47.397525" lon="8.205723"><ele>421</ele></trkpt>
   <trkpt lat="47.397867" lon="8.205906"><ele>420.75</ele></trkpt>
   <trkpt lat="47.398107" lon="8.206022"><ele>421.25</ele></trkpt>
   <trkpt lat="47.399236" lon="8.206531"><ele>420.75</ele></trkpt>
   <trkpt lat="47.400117" lon="8.206954"><ele>419.5</ele></trkpt>
   <trkpt lat="47.401082" lon="8.207453"><ele>419</ele></trkpt>
   <trkpt lat="47.401912" lon="8.207911"><ele>419.75</ele></trkpt>
   <trkpt lat="47.402375" lon="8.208178"><ele>420.75</ele></trkpt>
   <trkpt lat="47.402835" lon="8.208456"><ele>421</ele></trkpt>
   <trkpt lat="47.403096" lon="8.208627"><ele>419.5</ele></trkpt>
   <trkpt lat="47.40345" lon="8.208885"><ele>420</ele></trkpt>
   <trkpt lat="47.403722" lon="8.209111"><ele>421.25</ele></trkpt>
   <trkpt lat="47.403984" lon="8.209353"><ele>421.75</ele></trkpt>
   <trkpt lat="47.404175" lon="8.209545"><ele>421</ele></trkpt>
   <trkpt lat="47.404487" lon="8.209888"><ele>420</ele></trkpt>
   <trkpt lat="47.404893" lon="8.210352"><ele>417.5</ele></trkpt>
   <trkpt lat="47.405179" lon="8.210744"><ele>416.75</ele></trkpt>
   <trkpt lat="47.40528" lon="8.210898"><ele>418.75</ele></trkpt>
   <trkpt lat="47.405481" lon="8.211228"><ele>418.25</ele></trkpt>
   <trkpt lat="47.405726" lon="8.211669"><ele>418</ele></trkpt>
   <trkpt lat="47.406018" lon="8.212166"><ele>416.75</ele></trkpt>
   <trkpt lat="47.406138" lon="8.212359"><ele>418.75</ele></trkpt>
   <trkpt lat="47.406693" lon="8.213251"><ele>419</ele></trkpt>
   <trkpt lat="47.407476" lon="8.214509"><ele>419</ele></trkpt>
   <trkpt lat="47.408208" lon="8.215683"><ele>419</ele></trkpt>
   <trkpt lat="47.408493" lon="8.216148"><ele>419</ele></trkpt>
   <trkpt lat="47.408962" lon="8.21693"><ele>419</ele></trkpt>
   <trkpt lat="47.409135" lon="8.217234"><ele>419.75</ele></trkpt>
   <trkpt lat="47.409327" lon="8.21759"><ele>420.75</ele></trkpt>
   <trkpt lat="47.409465" lon="8.217863"><ele>419.5</ele></trkpt>
   <trkpt lat="47.409627" lon="8.218205"><ele>420.75</ele></trkpt>
   <trkpt lat="47.409782" lon="8.218562"><ele>419.5</ele></trkpt>
   <trkpt lat="47.409924" lon="8.218911"><ele>420.75</ele></trkpt>
   <trkpt lat="47.410105" lon="8.21941"><ele>420.5</ele></trkpt>
   <trkpt lat="47.410242" lon="8.219836"><ele>420.25</ele></trkpt>
   <trkpt lat="47.410551" lon="8.220882"><ele>420</ele></trkpt>
   <trkpt lat="47.410966" lon="8.222354"><ele>424</ele></trkpt>
   <trkpt lat="47.41214" lon="8.226477"><ele>415.75</ele></trkpt>
   <trkpt lat="47.412186" lon="8.22664"><ele>415</ele></trkpt>
   <trkpt lat="47.412217" lon="8.226749"><ele>415.5</ele></trkpt>
   <trkpt lat="47.413122" lon="8.229915"><ele>416.25</ele></trkpt>
   <trkpt lat="47.4134" lon="8.230885"><ele>417</ele></trkpt>
   <trkpt lat="47.413495" lon="8.231203"><ele>417.5</ele></trkpt>
   <trkpt lat="47.413872" lon="8.232429"><ele>415.75</ele></trkpt>
   <trkpt lat="47.413977" lon="8.232749"><ele>415.25</ele></trkpt>
   <trkpt lat="47.414314" lon="8.233703"><ele>416</ele></trkpt>
   <trkpt lat="47.414411" lon="8.233993"><ele>416</ele></trkpt>
   <trkpt lat="47.414472" lon="8.234187"><ele>416</ele></trkpt>
   <trkpt lat="47.414817" lon="8.23527"><ele>416</ele></trkpt>
   <trkpt lat="47.415355" lon="8.236955"><ele>415.75</ele></trkpt>
   <trkpt lat="47.415577" lon="8.237584"><ele>415</ele></trkpt>
   <trkpt lat="47.415694" lon="8.237902"><ele>415.5</ele></trkpt>
   <trkpt lat="47.415793" lon="8.238151"><ele>415</ele></trkpt>
   <trkpt lat="47.416061" lon="8.238794"><ele>415.25</ele></trkpt>
   <trkpt lat="47.416326" lon="8.239374"><ele>414.25</ele></trkpt>
   <trkpt lat="47.416612" lon="8.23994"><ele>413.5</ele></trkpt>
   <trkpt lat="47.416924" lon="8.240523"><ele>413.25</ele></trkpt>
   <trkpt lat="47.417249" lon="8.241085"><ele>412.5</ele></trkpt>
   <trkpt lat="47.417538" lon="8.241552"><ele>412</ele></trkpt>
   <trkpt lat="47.417732" lon="8.241852"><ele>411.25</ele></trkpt>
   <trkpt lat="47.418035" lon="8.242294"><ele>410.75</ele></trkpt>
   <trkpt lat="47.418384" lon="8.242766"><ele>409.75</ele></trkpt>
   <trkpt lat="47.418682" lon="8.243127"><ele>409</ele></trkpt>
   <trkpt lat="47.41869" lon="8.243137"><ele>409</ele></trkpt>
   <trkpt lat="47.418724" lon="8.243176"><ele>408.75</ele></trkpt>
   <trkpt lat="47.419441" lon="8.243985"><ele>405</ele></trkpt>
   <trkpt lat="47.419833" lon="8.24438"><ele>404.5</ele></trkpt>
   <trkpt lat="47.420067" lon="8.244601"><ele>404.25</ele></trkpt>
   <trkpt lat="47.420938" lon="8.245492"><ele>404.25</ele></trkpt>
   <trkpt lat="47.421264" lon="8.245811"><ele>404.5</ele></trkpt>
   <trkpt lat="47.421325" lon="8.245861"><ele>404.5</ele></trkpt>
   <trkpt lat="47.421968" lon="8.246435"><ele>404.5</ele></trkpt>
   <trkpt lat="47.422353" lon="8.246793"><ele>403.75</ele></trkpt>
   <trkpt lat="47.422912" lon="8.247312"><ele>403</ele></trkpt>
   <trkpt lat="47.423262" lon="8.247686"><ele>403.25</ele></trkpt>
   <trkpt lat="47.423653" lon="8.248149"><ele>401.25</ele></trkpt>
   <trkpt lat="47.423703" lon="8.248209"><ele>400.25</ele></trkpt>
   <trkpt lat="47.423881" lon="8.24843"><ele>398.75</ele></trkpt>
   <trkpt lat="47.424221" lon="8.248913"><ele>399.75</ele></trkpt>
   <trkpt lat="47.424614" lon="8.249538"><ele>397.5</ele></trkpt>
   <trkpt lat="47.42494" lon="8.250105"><ele>399.5</ele></trkpt>
   <trkpt lat="47.425282" lon="8.250769"><ele>399.5</ele></trkpt>
   <trkpt lat="47.425532" lon="8.251337"><ele>399.25</ele></trkpt>
   <trkpt lat="47.425595" lon="8.251481"><ele>398.5</ele></trkpt>
   <trkpt lat="47.426061" lon="8.252789"><ele>395</ele></trkpt>
   <trkpt lat="47.426074" lon="8.252828"><ele>395</ele></trkpt>
   <trkpt lat="47.426235" lon="8.25334"><ele>393.5</ele></trkpt>
   <trkpt lat="47.426346" lon="8.253741"><ele>392.75</ele></trkpt>
   <trkpt lat="47.426469" lon="8.254241"><ele>392.75</ele></trkpt>
   <trkpt lat="47.426585" lon="8.254774"><ele>393.25</ele></trkpt>
   <trkpt lat="47.426684" lon="8.255322"><ele>395.5</ele></trkpt>
   <trkpt lat="47.426778" lon="8.255919"><ele>391.5</ele></trkpt>
   <trkpt lat="47.42687" lon="8.256674"><ele>392.25</ele></trkpt>
   <trkpt lat="47.426929" lon="8.257436"><ele>394.25</ele></trkpt>
   <trkpt lat="47.426964" lon="8.258207"><ele>393.75</ele></trkpt>
   <trkpt lat="47.426975" lon="8.25896"><ele>393.75</ele></trkpt>
   <trkpt lat="47.426936" lon="8.260334"><ele>392.5</ele></trkpt>
   <trkpt lat="47.426922" lon="8.260716"><ele>386.25</ele></trkpt>
   <trkpt lat="47.42682" lon="8.263572"><ele>389.25</ele></trkpt>
   <trkpt lat="47.426758" lon="8.265225"><ele>399.75</ele></trkpt>
   <trkpt lat="47.426736" lon="8.265812"><ele>399.25</ele></trkpt>
   <trkpt lat="47.426724" lon="8.266331"><ele>398.25</ele></trkpt>
   <trkpt lat="47.426714" lon="8.26706"><ele>395.75</ele></trkpt>
   <trkpt lat="47.426719" lon="8.267378"><ele>394.25</ele></trkpt>
   <trkpt lat="47.426734" lon="8.26791"><ele>392.5</ele></trkpt>
   <trkpt lat="47.426777" lon="8.268664"><ele>393.5</ele></trkpt>
   <trkpt lat="47.426821" lon="8.269189"><ele>393.5</ele></trkpt>
   <trkpt lat="47.426861" lon="8.269562"><ele>393.5</ele></trkpt>
   <trkpt lat="47.426956" lon="8.270231"><ele>395.75</ele></trkpt>
   <trkpt lat="47.427051" lon="8.270792"><ele>393.25</ele></trkpt>
   <trkpt lat="47.42757" lon="8.273496"><ele>389.75</ele></trkpt>
   <trkpt lat="47.42802" lon="8.27582"><ele>397.5</ele></trkpt>
   <trkpt lat="47.428403" lon="8.277915"><ele>398.5</ele></trkpt>
   <trkpt lat="47.428511" lon="8.278542"><ele>401</ele></trkpt>
   <trkpt lat="47.428653" lon="8.279399"><ele>401</ele></trkpt>
   <trkpt lat="47.435676" lon="8.321982"><ele>401</ele></trkpt>
   <trkpt lat="47.43751" lon="8.333145"><ele>401</ele></trkpt>
   <trkpt lat="47.437538" lon="8.333314"><ele>401</ele></trkpt>
   <trkpt lat="47.437752" lon="8.334619"><ele>401</ele></trkpt>
   <trkpt lat="47.437848" lon="8.335286"><ele>401</ele></trkpt>
   <trkpt lat="47.437933" lon="8.336003"><ele>401</ele></trkpt>
   <trkpt lat="47.437984" lon="8.336611"><ele>401</ele></trkpt>
   <trkpt lat="47.438017" lon="8.337259"><ele>401</ele></trkpt>
   <trkpt lat="47.438026" lon="8.338197"><ele>401</ele></trkpt>
   <trkpt lat="47.437986" lon="8.339231"><ele>401</ele></trkpt>
   <trkpt lat="47.437903" lon="8.340244"><ele>401</ele></trkpt>
   <trkpt lat="47.437695" lon="8.341649"><ele>401</ele></trkpt>
   <trkpt lat="47.437393" lon="8.342986"><ele>401.25</ele></trkpt>
   <trkpt lat="47.437337" lon="8.343194"><ele>401.25</ele></trkpt>
   <trkpt lat="47.437158" lon="8.343799"><ele>397</ele></trkpt>
   <trkpt lat="47.43694" lon="8.344456"><ele>396</ele></trkpt>
   <trkpt lat="47.436426" lon="8.345903"><ele>394.25</ele></trkpt>
   <trkpt lat="47.436111" lon="8.346784"><ele>394</ele></trkpt>
   <trkpt lat="47.43489" lon="8.350201"><ele>396</ele></trkpt>
   <trkpt lat="47.434825" lon="8.350383"><ele>395.5</ele></trkpt>
   <trkpt lat="47.434641" lon="8.350873"><ele>395.5</ele></trkpt>
   <trkpt lat="47.434412" lon="8.351436"><ele>393.75</ele></trkpt>
   <trkpt lat="47.434232" lon="8.351915"><ele>393</ele></trkpt>
   <trkpt lat="47.433933" lon="8.352754"><ele>393</ele></trkpt>
   <trkpt lat="47.43337" lon="8.354328"><ele>393</ele></trkpt>
   <trkpt lat="47.433291" lon="8.354524"><ele>393</ele></trkpt>
   <trkpt lat="47.433168" lon="8.354789"><ele>393</ele></trkpt>
   <trkpt lat="47.43308" lon="8.355008"><ele>393</ele></trkpt>
   <trkpt lat="47.433019" lon="8.35518"><ele>392.5</ele></trkpt>
   <trkpt lat="47.432778" lon="8.355897"><ele>393</ele></trkpt>
   <trkpt lat="47.432466" lon="8.356834"><ele>393</ele></trkpt>
   <trkpt lat="47.432166" lon="8.357703"><ele>392.75</ele></trkpt>
   <trkpt lat="47.43186" lon="8.358559"><ele>393</ele></trkpt>
   <trkpt lat="47.431605" lon="8.359243"><ele>393</ele></trkpt>
   <trkpt lat="47.431364" lon="8.359882"><ele>392.75</ele></trkpt>
   <trkpt lat="47.431299" lon="8.360037"><ele>393</ele></trkpt>
   <trkpt lat="47.431221" lon="8.360192"><ele>393</ele></trkpt>
   <trkpt lat="47.430076" lon="8.362294"><ele>394.5</ele></trkpt>
   <trkpt lat="47.429874" lon="8.362696"><ele>395.25</ele></trkpt>
   <trkpt lat="47.42974" lon="8.363003"><ele>393.25</ele></trkpt>
   <trkpt lat="47.42963" lon="8.363287"><ele>395.5</ele></trkpt>
   <trkpt lat="47.429538" lon="8.36355"><ele>395</ele></trkpt>
   <trkpt lat="47.429174" lon="8.36465"><ele>394</ele></trkpt>
   <trkpt lat="47.429036" lon="8.365064"><ele>394.5</ele></trkpt>
   <trkpt lat="47.428948" lon="8.365272"><ele>394</ele></trkpt>
   <trkpt lat="47.428835" lon="8.365486"><ele>394</ele></trkpt>
   <trkpt lat="47.428664" lon="8.365782"><ele>394</ele></trkpt>
   <trkpt lat="47.428498" lon="8.366065"><ele>394</ele></trkpt>
   <trkpt lat="47.428412" lon="8.366225"><ele>394</ele></trkpt>
   <trkpt lat="47.4247" lon="8.374225"><ele>393</ele></trkpt>
   <trkpt lat="47.42461" lon="8.374442"><ele>393</ele></trkpt>
   <trkpt lat="47.424425" lon="8.374949"><ele>393.5</ele></trkpt>
   <trkpt lat="47.424267" lon="8.375388"><ele>393</ele></trkpt>
   <trkpt lat="47.424155" lon="8.375697"><ele>393.75</ele></trkpt>
   <trkpt lat="47.424083" lon="8.375895"><ele>392.75</ele></trkpt>
   <trkpt lat="47.423911" lon="8.376371"><ele>393.5</ele></trkpt>
   <trkpt lat="47.423824" lon="8.376614"><ele>393.25</ele></trkpt>
   <trkpt lat="47.423744" lon="8.37684"><ele>392</ele></trkpt>
   <trkpt lat="47.423482" lon="8.377394"><ele>394</ele></trkpt>
   <trkpt lat="47.423348" lon="8.377691"><ele>394</ele></trkpt>
   <trkpt lat="47.423181" lon="8.37805"><ele>391.25</ele></trkpt>
   <trkpt lat="47.423082" lon="8.378301"><ele>391.75</ele></trkpt>
   <trkpt lat="47.423017" lon="8.37852"><ele>391</ele></trkpt>
   <trkpt lat="47.42292" lon="8.378869"><ele>391</ele></trkpt>
   <trkpt lat="47.422895" lon="8.378963"><ele>391</ele></trkpt>
   <trkpt lat="47.422844" lon="8.379134"><ele>391</ele></trkpt>
   <trkpt lat="47.422779" lon="8.379333"><ele>390.75</ele></trkpt>
   <trkpt lat="47.422689" lon="8.379553"><ele>390.25</ele></trkpt>
   <trkpt lat="47.422549" lon="8.379838"><ele>390</ele></trkpt>
   <trkpt lat="47.422496" lon="8.379932"><ele>390</ele></trkpt>
   <trkpt lat="47.422397" lon="8.38011"><ele>390</ele></trkpt>
   <trkpt lat="47.422354" lon="8.380191"><ele>390</ele></trkpt>
   <trkpt lat="47.422188" lon="8.380456"><ele>390</ele></trkpt>
   <trkpt lat="47.422059" lon="8.380669"><ele>390</ele></trkpt>
   <trkpt lat="47.421794" lon="8.381172"><ele>390</ele></trkpt>
   <trkpt lat="47.421708" lon="8.38135"><ele>390</ele></trkpt>
   <trkpt lat="47.421411" lon="8.381954"><ele>389</ele></trkpt>
   <trkpt lat="47.418685" lon="8.387446"><ele>389</ele></trkpt>
   <trkpt lat="47.418268" lon="8.388285"><ele>389</ele></trkpt>
   <trkpt lat="47.417271" lon="8.390278"><ele>389</ele></trkpt>
   <trkpt lat="47.417206" lon="8.390412"><ele>389</ele></trkpt>
   <trkpt lat="47.417087" lon="8.390703"><ele>389</ele></trkpt>
   <trkpt lat="47.417019" lon="8.390895"><ele>389</ele></trkpt>
   <trkpt lat="47.416937" lon="8.391086"><ele>389</ele></trkpt>
   <trkpt lat="47.4168" lon="8.391372"><ele>389</ele></trkpt>
   <trkpt lat="47.416594" lon="8.391802"><ele>389</ele></trkpt>
   <trkpt lat="47.416575" lon="8.391843"><ele>389</ele></trkpt>
   <trkpt lat="47.41641" lon="8.392126"><ele>389</ele></trkpt>
   <trkpt lat="47.416396" lon="8.392146"><ele>389</ele></trkpt>
   <trkpt lat="47.416209" lon="8.392422"><ele>389</ele></trkpt>
   <trkpt lat="47.416079" lon="8.392612"><ele>389</ele></trkpt>
   <trkpt lat="47.411591" lon="8.399071"><ele>389</ele></trkpt>
   <trkpt lat="47.41147" lon="8.399258"><ele>389</ele></trkpt>
   <trkpt lat="47.411351" lon="8.399474"><ele>389</ele></trkpt>
   <trkpt lat="47.411251" lon="8.399689"><ele>389</ele></trkpt>
   <trkpt lat="47.411005" lon="8.400299"><ele>388</ele></trkpt>
   <trkpt lat="47.410938" lon="8.400436"><ele>388</ele></trkpt>
   <trkpt lat="47.410753" lon="8.400767"><ele>388</ele></trkpt>
   <trkpt lat="47.410638" lon="8.400974"><ele>387.75</ele></trkpt>
   <trkpt lat="47.410343" lon="8.401493"><ele>388</ele></trkpt>
   <trkpt lat="47.410165" lon="8.401772"><ele>388</ele></trkpt>
   <trkpt lat="47.410139" lon="8.401813"><ele>388</ele></trkpt>
   <trkpt lat="47.409609" lon="8.402642"><ele>387</ele></trkpt>
   <trkpt lat="47.409481" lon="8.402815"><ele>387</ele></trkpt>
   <trkpt lat="47.409374" lon="8.402937"><ele>387.5</ele></trkpt>
   <trkpt lat="47.409238" lon="8.403071"><ele>387.75</ele></trkpt>
   <trkpt lat="47.409127" lon="8.403166"><ele>387.75</ele></trkpt>
   <trkpt lat="47.409035" lon="8.403238"><ele>387.75</ele></trkpt>
   <trkpt lat="47.40844" lon="8.40371"><ele>385.75</ele></trkpt>
   <trkpt lat="47.40822" lon="8.403867"><ele>388</ele></trkpt>
   <trkpt lat="47.40776" lon="8.404157"><ele>388</ele></trkpt>
   <trkpt lat="47.407666" lon="8.404217"><ele>388</ele></trkpt>
   <trkpt lat="47.406967" lon="8.404642"><ele>388</ele></trkpt>
   <trkpt lat="47.405891" lon="8.405255"><ele>388</ele></trkpt>
   <trkpt lat="47.403783" lon="8.406416"><ele>388.25</ele></trkpt>
   <trkpt lat="47.403376" lon="8.406645"><ele>387.75</ele></trkpt>
   <trkpt lat="47.403017" lon="8.40687"><ele>388</ele></trkpt>
   <trkpt lat="47.402828" lon="8.407004"><ele>387.75</ele></trkpt>
   <trkpt lat="47.402527" lon="8.407248"><ele>387.75</ele></trkpt>
   <trkpt lat="47.402316" lon="8.407451"><ele>387.5</ele></trkpt>
   <trkpt lat="47.402111" lon="8.407686"><ele>387.5</ele></trkpt>
   <trkpt lat="47.401832" lon="8.408055"><ele>387.75</ele></trkpt>
   <trkpt lat="47.401616" lon="8.40836"><ele>387</ele></trkpt>
   <trkpt lat="47.40147" lon="8.408577"><ele>387.75</ele></trkpt>
   <trkpt lat="47.401334" lon="8.408805"><ele>387.75</ele></trkpt>
   <trkpt lat="47.401166" lon="8.409133"><ele>388.25</ele></trkpt>
   <trkpt lat="47.400979" lon="8.409553"><ele>387.5</ele></trkpt>
   <trkpt lat="47.400856" lon="8.409846"><ele>388.25</ele></trkpt>
   <trkpt lat="47.400745" lon="8.410128"><ele>387.5</ele></trkpt>
   <trkpt lat="47.400618" lon="8.410494"><ele>388.25</ele></trkpt>
   <trkpt lat="47.400533" lon="8.410771"><ele>388.25</ele></trkpt>
   <trkpt lat="47.400453" lon="8.411065"><ele>387.25</ele></trkpt>
   <trkpt lat="47.400355" lon="8.411482"><ele>388</ele></trkpt>
   <trkpt lat="47.400287" lon="8.411823"><ele>388.75</ele></trkpt>
   <trkpt lat="47.40015" lon="8.412642"><ele>387</ele></trkpt>
   <trkpt lat="47.399461" lon="8.417014"><ele>388.75</ele></trkpt>
   <trkpt lat="47.399311" lon="8.418032"><ele>388.5</ele></trkpt>
   <trkpt lat="47.399117" lon="8.419485"><ele>389</ele></trkpt>
   <trkpt lat="47.398982" lon="8.420437"><ele>388.75</ele></trkpt>
   <trkpt lat="47.398496" lon="8.423502"><ele>388.25</ele></trkpt>
   <trkpt lat="47.398262" lon="8.424902"><ele>388.5</ele></trkpt>
   <trkpt lat="47.398153" lon="8.42555"><ele>388.25</ele></trkpt>
   <trkpt lat="47.398084" lon="8.426"><ele>388.75</ele></trkpt>
   <trkpt lat="47.398017" lon="8.426521"><ele>389</ele></trkpt>
   <trkpt lat="47.397981" lon="8.42687"><ele>388.75</ele></trkpt>
   <trkpt lat="47.397941" lon="8.427426"><ele>389.25</ele></trkpt>
   <trkpt lat="47.397924" lon="8.427813"><ele>389.25</ele></trkpt>
   <trkpt lat="47.39792" lon="8.428477"><ele>391.25</ele></trkpt>
   <trkpt lat="47.397938" lon="8.429048"><ele>388.75</ele></trkpt>
   <trkpt lat="47.397977" lon="8.429629"><ele>388.25</ele></trkpt>
   <trkpt lat="47.398019" lon="8.430077"><ele>388.75</ele></trkpt>
   <trkpt lat="47.398157" lon="8.431329"><ele>389.25</ele></trkpt>
   <trkpt lat="47.398241" lon="8.432196"><ele>389</ele></trkpt>
   <trkpt lat="47.398319" lon="8.433123"><ele>389.75</ele></trkpt>
   <trkpt lat="47.398396" lon="8.434169"><ele>390</ele></trkpt>
   <trkpt lat="47.398426" lon="8.434658"><ele>390</ele></trkpt>
   <trkpt lat="47.398466" lon="8.435516"><ele>390.75</ele></trkpt>
   <trkpt lat="47.398493" lon="8.43589"><ele>390.75</ele></trkpt>
   <trkpt lat="47.398525" lon="8.43627"><ele>390.25</ele></trkpt>
   <trkpt lat="47.398566" lon="8.436863"><ele>391</ele></trkpt>
   <trkpt lat="47.398611" lon="8.437686"><ele>391</ele></trkpt>
   <trkpt lat="47.398631" lon="8.43799"><ele>390.75</ele></trkpt>
   <trkpt lat="47.398649" lon="8.43819"><ele>391</ele></trkpt>
   <trkpt lat="47.398676" lon="8.438557"><ele>390.75</ele></trkpt>
   <trkpt lat="47.398699" lon="8.439182"><ele>391.5</ele></trkpt>
   <trkpt lat="47.398721" lon="8.439503"><ele>391.5</ele></trkpt>
   <trkpt lat="47.398767" lon="8.440047"><ele>392</ele></trkpt>
   <trkpt lat="47.398791" lon="8.440416"><ele>391.75</ele></trkpt>
   <trkpt lat="47.398816" lon="8.441082"><ele>391.75</ele></trkpt>
   <trkpt lat="47.398831" lon="8.441289"><ele>391.25</ele></trkpt>
   <trkpt lat="47.398844" lon="8.441439"><ele>391.25</ele></trkpt>
   <trkpt lat="47.398854" lon="8.441689"><ele>392</ele></trkpt>
   <trkpt lat="47.398855" lon="8.442078"><ele>392</ele></trkpt>
   <trkpt lat="47.398864" lon="8.442241"><ele>392</ele></trkpt>
   <trkpt lat="47.39909" lon="8.445358"><ele>392.25</ele></trkpt>
   <trkpt lat="47.399175" lon="8.446531"><ele>392.5</ele></trkpt>
   <trkpt lat="47.399343" lon="8.448863"><ele>392</ele></trkpt>
   <trkpt lat="47.399352" lon="8.449093"><ele>392</ele></trkpt>
   <trkpt lat="47.399349" lon="8.449449"><ele>392</ele></trkpt>
   <trkpt lat="47.399356" lon="8.449651"><ele>392</ele></trkpt>
   <trkpt lat="47.399857" lon="8.456521"><ele>393</ele></trkpt>
   <trkpt lat="47.399867" lon="8.456796"><ele>393</ele></trkpt>
   <trkpt lat="47.399868" lon="8.457088"><ele>393.25</ele></trkpt>
   <trkpt lat="47.399846" lon="8.457699"><ele>393</ele></trkpt>
   <trkpt lat="47.399818" lon="8.458088"><ele>393</ele></trkpt>
   <trkpt lat="47.399753" lon="8.458663"><ele>393</ele></trkpt>
   <trkpt lat="47.399723" lon="8.458872"><ele>393</ele></trkpt>
   <trkpt lat="47.399651" lon="8.459287"><ele>393</ele></trkpt>
   <trkpt lat="47.399565" lon="8.459697"><ele>393.5</ele></trkpt>
   <trkpt lat="47.399459" lon="8.460137"><ele>393</ele></trkpt>
   <trkpt lat="47.399306" lon="8.460718"><ele>393</ele></trkpt>
   <trkpt lat="47.39916" lon="8.461221"><ele>393</ele></trkpt>
   <trkpt lat="47.39908" lon="8.461466"><ele>393.25</ele></trkpt>
   <trkpt lat="47.398819" lon="8.462321"><ele>393.75</ele></trkpt>
   <trkpt lat="47.398729" lon="8.462645"><ele>394</ele></trkpt>
   <trkpt lat="47.398592" lon="8.463222"><ele>394</ele></trkpt>
   <trkpt lat="47.398511" lon="8.463499"><ele>394.25</ele></trkpt>
   <trkpt lat="47.39833" lon="8.464099"><ele>394</ele></trkpt>
   <trkpt lat="47.398214" lon="8.464507"><ele>394.25</ele></trkpt>
   <trkpt lat="47.397537" lon="8.467012"><ele>394</ele></trkpt>
   <trkpt lat="47.397468" lon="8.467232"><ele>394</ele></trkpt>
   <trkpt lat="47.397362" lon="8.467525"><ele>394.25</ele></trkpt>
   <trkpt lat="47.397312" lon="8.467685"><ele>394</ele></trkpt>
   <trkpt lat="47.397248" lon="8.467923"><ele>394</ele></trkpt>
   <trkpt lat="47.397105" lon="8.468441"><ele>395.25</ele></trkpt>
   <trkpt lat="47.396927" lon="8.469054"><ele>395</ele></trkpt>
   <trkpt lat="47.396433" lon="8.470878"><ele>395.75</ele></trkpt>
   <trkpt lat="47.396359" lon="8.471114"><ele>396</ele></trkpt>
   <trkpt lat="47.396271" lon="8.471359"><ele>396</ele></trkpt>
   <trkpt lat="47.396197" lon="8.471596"><ele>395.75</ele></trkpt>
   <trkpt lat="47.396106" lon="8.471932"><ele>396.75</ele></trkpt>
   <trkpt lat="47.395914" lon="8.472642"><ele>397.25</ele></trkpt>
   <trkpt lat="47.39589" lon="8.472736"><ele>397.75</ele></trkpt>
   <trkpt lat="47.395836" lon="8.473013"><ele>398</ele></trkpt>
   <trkpt lat="47.395787" lon="8.473274"><ele>397</ele></trkpt>
   <trkpt lat="47.393852" lon="8.480267"><ele>396</ele></trkpt>
   <trkpt lat="47.393775" lon="8.480581"><ele>396</ele></trkpt>
   <trkpt lat="47.393699" lon="8.480954"><ele>396.25</ele></trkpt>
   <trkpt lat="47.393649" lon="8.481164"><ele>396.25</ele></trkpt>
   <trkpt lat="47.393556" lon="8.481529"><ele>396.75</ele></trkpt>
   <trkpt lat="47.39346" lon="8.481906"><ele>396.75</ele></trkpt>
   <trkpt lat="47.39336" lon="8.482308"><ele>396.75</ele></trkpt>
   <trkpt lat="47.393309" lon="8.48254"><ele>397</ele></trkpt>
   <trkpt lat="47.393234" lon="8.482981"><ele>397</ele></trkpt>
   <trkpt lat="47.393164" lon="8.483301"><ele>397</ele></trkpt>
   <trkpt lat="47.39309" lon="8.483591"><ele>396.75</ele></trkpt>
   <trkpt lat="47.39302" lon="8.483894"><ele>397</ele></trkpt>
   <trkpt lat="47.392895" lon="8.484508"><ele>397.5</ele></trkpt>
   <trkpt lat="47.392821" lon="8.484822"><ele>397.75</ele></trkpt>
   <trkpt lat="47.392772" lon="8.485017"><ele>397.75</ele></trkpt>
   <trkpt lat="47.392247" lon="8.487065"><ele>398.75</ele></trkpt>
   <trkpt lat="47.392161" lon="8.487395"><ele>399</ele></trkpt>
   <trkpt lat="47.391688" lon="8.48916"><ele>399</ele></trkpt>
   <trkpt lat="47.391366" lon="8.490327"><ele>399</ele></trkpt>
   <trkpt lat="47.391047" lon="8.491407"><ele>398.75</ele></trkpt>
   <trkpt lat="47.390915" lon="8.491858"><ele>399</ele></trkpt>
   <trkpt lat="47.390671" lon="8.492746"><ele>399</ele></trkpt>
   <trkpt lat="47.390372" lon="8.49377"><ele>399</ele></trkpt>
   <trkpt lat="47.390266" lon="8.494199"><ele>399</ele></trkpt>
   <trkpt lat="47.390225" lon="8.494394"><ele>399</ele></trkpt>
   <trkpt lat="47.390141" lon="8.494785"><ele>399</ele></trkpt>
   <trkpt lat="47.390048" lon="8.495162"><ele>400</ele></trkpt>
   <trkpt lat="47.389932" lon="8.495584"><ele>400</ele></trkpt>
   <trkpt lat="47.389752" lon="8.496188"><ele>399.75</ele></trkpt>
   <trkpt lat="47.389672" lon="8.496501"><ele>400</ele></trkpt>
   <trkpt lat="47.389525" lon="8.497228"><ele>400.5</ele></trkpt>
   <trkpt lat="47.389397" lon="8.497894"><ele>400.25</ele></trkpt>
   <trkpt lat="47.389372" lon="8.498048"><ele>400.5</ele></trkpt>
   <trkpt lat="47.389304" lon="8.498602"><ele>401</ele></trkpt>
   <trkpt lat="47.389277" lon="8.498936"><ele>401.25</ele></trkpt>
   <trkpt lat="47.38921" lon="8.499506"><ele>401.25</ele></trkpt>
   <trkpt lat="47.389106" lon="8.500182"><ele>401</ele></trkpt>
   <trkpt lat="47.389062" lon="8.500445"><ele>400.5</ele></trkpt>
   <trkpt lat="47.388976" lon="8.500856"><ele>400.75</ele></trkpt>
   <trkpt lat="47.388931" lon="8.501047"><ele>401</ele></trkpt>
   <trkpt lat="47.388807" lon="8.501508"><ele>400.5</ele></trkpt>
   <trkpt lat="47.387657" lon="8.505391"><ele>402</ele></trkpt>
   <trkpt lat="47.387577" lon="8.505642"><ele>402</ele></trkpt>
   <trkpt lat="47.38747" lon="8.505938"><ele>402</ele></trkpt>
   <trkpt lat="47.38712" lon="8.506775"><ele>402</ele></trkpt>
   <trkpt lat="47.386976" lon="8.507149"><ele>402</ele></trkpt>
   <trkpt lat="47.386722" lon="8.507826"><ele>402</ele></trkpt>
   <trkpt lat="47.386601" lon="8.508273"><ele>402</ele></trkpt>
   <trkpt lat="47.386498" lon="8.50866"><ele>402</ele></trkpt>
   <trkpt lat="47.386454" lon="8.508857"><ele>402</ele></trkpt>
   <trkpt lat="47.386388" lon="8.509203"><ele>403</ele></trkpt>
   <trkpt lat="47.386336" lon="8.509483"><ele>403</ele></trkpt>
   <trkpt lat="47.386177" lon="8.51033"><ele>403</ele></trkpt>
   <trkpt lat="47.386101" lon="8.510738"><ele>402.25</ele></trkpt>
   <trkpt lat="47.386018" lon="8.511203"><ele>402</ele></trkpt>
   <trkpt lat="47.385929" lon="8.511712"><ele>403</ele></trkpt>
   <trkpt lat="47.385854" lon="8.512139"><ele>403</ele></trkpt>
   <trkpt lat="47.385772" lon="8.512604"><ele>403</ele></trkpt>
   <trkpt lat="47.385712" lon="8.512874"><ele>403</ele></trkpt>
   <trkpt lat="47.384552" lon="8.517158"><ele>404</ele></trkpt>
   <trkpt lat="47.384495" lon="8.517379"><ele>403.75</ele></trkpt>
   <trkpt lat="47.384462" lon="8.517539"><ele>404</ele></trkpt>
   <trkpt lat="47.384359" lon="8.518103"><ele>404</ele></trkpt>
   <trkpt lat="47.38433" lon="8.518227"><ele>404.25</ele></trkpt>
   <trkpt lat="47.38424" lon="8.518515"><ele>404.5</ele></trkpt>
   <trkpt lat="47.384144" lon="8.518776"><ele>405</ele></trkpt>
   <trkpt lat="47.384041" lon="8.519052"><ele>405</ele></trkpt>
   <trkpt lat="47.383965" lon="8.519254"><ele>405</ele></trkpt>
   <trkpt lat="47.383792" lon="8.519722"><ele>405</ele></trkpt>
   <trkpt lat="47.383446" lon="8.520655"><ele>405.5</ele></trkpt>
   <trkpt lat="47.38343" lon="8.520697"><ele>405.75</ele></trkpt>
   <trkpt lat="47.38336" lon="8.520915"><ele>406</ele></trkpt>
   <trkpt lat="47.383251" lon="8.521323"><ele>406</ele></trkpt>
   <trkpt lat="47.382443" lon="8.5243"><ele>406</ele></trkpt>
   <trkpt lat="47.381808" lon="8.52655"><ele>407</ele></trkpt>
   <trkpt lat="47.381592" lon="8.527349"><ele>407.25</ele></trkpt>
   <trkpt lat="47.381491" lon="8.52772"><ele>408</ele></trkpt>
   <trkpt lat="47.381384" lon="8.528114"><ele>408</ele></trkpt>
   <trkpt lat="47.381248" lon="8.528489"><ele>408.5</ele></trkpt>
   <trkpt lat="47.38118" lon="8.528705"><ele>408.25</ele></trkpt>
   <trkpt lat="47.381147" lon="8.528828"><ele>408</ele></trkpt>
   <trkpt lat="47.381087" lon="8.529021"><ele>408</ele></trkpt>
   <trkpt lat="47.380955" lon="8.529378"><ele>408</ele></trkpt>
   <trkpt lat="47.380877" lon="8.529588"><ele>408</ele></trkpt>
   <trkpt lat="47.380798" lon="8.529797"><ele>408</ele></trkpt>
   <trkpt lat="47.380719" lon="8.530009"><ele>408</ele></trkpt>
   <trkpt lat="47.38064" lon="8.53022"><ele>408</ele></trkpt>
   <trkpt lat="47.38052" lon="8.530662"><ele>407.75</ele></trkpt>
   <trkpt lat="47.38016" lon="8.531991"><ele>407.75</ele></trkpt>
   <trkpt lat="47.380007" lon="8.53256"><ele>407</ele></trkpt>
   <trkpt lat="47.379908" lon="8.532927"><ele>407</ele></trkpt>
   <trkpt lat="47.379755" lon="8.533495"><ele>406.75</ele></trkpt>
   <trkpt lat="47.379641" lon="8.533921"><ele>408</ele></trkpt>
   <trkpt lat="47.379551" lon="8.534279"><ele>408</ele></trkpt>
   <trkpt lat="47.378218" lon="8.539206"><ele>408</ele></trkpt>
   <trkpt lat="47.378212" lon="8.539227"><ele>408</ele></trkpt>
  </trkseg>
 </trk>
</gpx>